reporting_starts,reporting_ends,campaign_name,adset_name,ad_name,amount_spent,results,link_clicks,impressions,reach,cpm,quality_ranking,engagement_ranking,conversion_ranking
2025-10-29,2025-10-29,291025 MY Daryl Movexercise8 LEADS,291025 MY Daryl Movexercise8 LP-Ver1,291025 MY Daryl Movexercise8 LP-Ver1 Image 005,0.0,,0.0,1.0,1.0,0.0,-,-,-
2025-10-29,2025-10-29,291025 MY Daryl Movexercise8 LEADS,291025 MY Daryl Movexercise8 LP-Ver2,291025 MY Daryl Movexercise8 LP-Ver2 Video 005,0.01,,0.0,1.0,1.0,10.0,-,-,-
2025-10-30,2025-10-30,291025 MY Daryl Movexercise8 LEADS,291025 MY Daryl Movexercise8 LP-Ver1,291025 MY Daryl M8 LP-Ver1 Video 005,0.41,,2.0,5.0,5.0,82.0,-,-,-
2025-10-30,2025-10-30,291025 MY Daryl Movexercise8 LEADS,291025 MY Daryl Movexercise8 LP-Ver1,291025 MY Daryl Movexercise8 LP-Ver1 Image 004,0.01,,0.0,4.0,4.0,2.5,-,-,-
2025-10-30,2025-10-30,291025 MY Daryl Movexercise8 LEADS,291025 MY Daryl Movexercise8 LP-Ver1,291025 MY Daryl Movexercise8 LP-Ver1 Image 005,0.13,,0.0,8.0,8.0,16.25,-,-,-
2025-10-30,2025-10-30,291025 MY Daryl Movexercise8 LEADS,291025 MY Daryl Movexercise8 LP-Ver2,291025 MY Daryl Movexercise8 LP-Ver2 Image 003,0.0,,0.0,4.0,4.0,0.0,-,-,-
2025-10-30,2025-10-30,291025 MY Daryl Movexercise8 LEADS,291025 MY Daryl Movexercise8 LP-Ver2,291025 MY Daryl Movexercise8 LP-Ver2 Image 004,0.59,1.0,3.0,8.0,8.0,73.75,-,-,-
2025-10-30,2025-10-30,291025 MY Daryl Movexercise8 LEADS,291025 MY Daryl Movexercise8 LP-Ver2,291025 MY Daryl Movexercise8 LP-Ver2 Video 003,0.14,,0.0,10.0,9.0,14.0,-,-,-
2025-10-31,2025-10-31,291025 MY Daryl Movexercise8 LEADS,291025 MY Daryl Movexercise8 LP-Ver1,291025 MY Daryl Movexercise8 LP-Ver1 Image 004,0.72,,1.0,24.0,23.0,30.0,-,-,-
2025-10-31,2025-10-31,291025 MY Daryl Movexercise8 LEADS,291025 MY Daryl Movexercise8 LP-Ver1,291025 MY Daryl Movexercise8 LP-Ver1 Image 005,7.42,,3.0,77.0,73.0,96.363636,-,-,-
2025-10-31,2025-10-31,291025 MY Daryl Movexercise8 LEADS,291025 MY Daryl Movexercise8 LP-Ver1,291025 MY Daryl Movexercise8 LP-Ver1 Video 003,0.35,,0.0,13.0,13.0,26.923077,-,-,-
2025-10-31,2025-10-31,291025 MY Daryl Movexercise8 LEADS,291025 MY Daryl Movexercise8 LP-Ver2,291025 MY Daryl Movexercise8 LP-Ver2 Image 003,0.07,,0.0,20.0,20.0,3.5,-,-,-
2025-10-31,2025-10-31,291025 MY Daryl Movexercise8 LEADS,291025 MY Daryl Movexercise8 LP-Ver2,291025 MY Daryl Movexercise8 LP-Ver2 Image 004,1.17,,0.0,63.0,62.0,18.571429,-,-,-
2025-11-01,2025-11-01,011125 MY Daryl Movexercise8 Traffic,011125 MY Daryl Movexercise8 LP-Ver1,011125 MY Daryl Movexercise8 LP-Ver1 Image 003,0.06,,2.0,27.0,26.0,2.222222,-,-,-
2025-11-01,2025-11-01,011125 MY Daryl Movexercise8 Traffic,011125 MY Daryl Movexercise8 LP-Ver1,011125 MY Daryl Movexercise8 LP-Ver1 Image 004,0.03,,0.0,6.0,6.0,5.0,-,-,-
2025-11-01,2025-11-01,011125 MY Daryl Movexercise8 Traffic,011125 MY Daryl Movexercise8 LP-Ver1,011125 MY Daryl Movexercise8 LP-Ver1 Image 005,0.38,,3.0,85.0,81.0,4.470588,-,-,-
2025-11-01,2025-11-01,011125 MY Daryl Movexercise8 Traffic,011125 MY Daryl Movexercise8 LP-Ver1,011125 MY Daryl Movexercise8 LP-Ver1 Video 003,1.96,,18.0,274.0,271.0,7.153285,-,-,-
2025-11-01,2025-11-01,011125 MY Daryl Movexercise8 Traffic,011125 MY Daryl Movexercise8 LP-Ver1,011125 MY Daryl Movexercise8 LP-Ver1 Video 005,10.14,,88.0,991.0,925.0,10.232089,-,-,-
2025-11-01,2025-11-01,011125 MY Daryl Movexercise8 Traffic,011125 MY Daryl Movexercise8 LP-Ver2,011125 MY Daryl Movexercise8 LP-Ver2 Image 004,0.0,,0.0,3.0,3.0,0.0,-,-,-
2025-11-01,2025-11-01,011125 MY Daryl Movexercise8 Traffic,011125 MY Daryl Movexercise8 LP-Ver2,011125 MY Daryl Movexercise8 LP-Ver2 Image 005,0.4,,6.0,73.0,68.0,5.479452,-,-,-
2025-11-01,2025-11-01,011125 MY Daryl Movexercise8 Traffic,011125 MY Daryl Movexercise8 LP-Ver2,011125 MY Daryl Movexercise8 LP-Ver2 Video 003,3.7,,26.0,433.0,415.0,8.545035,-,-,-
2025-11-01,2025-11-01,011125 MY Daryl Movexercise8 Traffic,011125 MY Daryl Movexercise8 LP-Ver2,011125 MY Daryl Movexercise8 LP-Ver2 Video 005,1.52,,15.0,142.0,134.0,10.704225,-,-,-
2025-11-01,2025-11-01,291025 MY Daryl Movexercise8 LEADS,291025 MY Daryl Movexercise8 LP-Ver1,291025 MY Daryl Movexercise8 LP-Ver1 Image 003,0.03,,0.0,2.0,2.0,15.0,-,-,-
2025-11-01,2025-11-01,291025 MY Daryl Movexercise8 LEADS,291025 MY Daryl Movexercise8 LP-Ver1,291025 MY Daryl Movexercise8 LP-Ver1 Image 004,8.35,,11.0,154.0,151.0,54.220779,-,-,-
2025-11-01,2025-11-01,291025 MY Daryl Movexercise8 LEADS,291025 MY Daryl Movexercise8 LP-Ver1,291025 MY Daryl Movexercise8 LP-Ver1 Image 005,35.91,4.0,40.0,947.0,917.0,37.919747,-,-,-
2025-11-01,2025-11-01,291025 MY Daryl Movexercise8 LEADS,291025 MY Daryl Movexercise8 LP-Ver1,291025 MY Daryl Movexercise8 LP-Ver1 Video 003,1.51,,2.0,17.0,17.0,88.823529,-,-,-
2025-11-01,2025-11-01,291025 MY Daryl Movexercise8 LEADS,291025 MY Daryl Movexercise8 LP-Ver2,291025 MY Daryl Movexercise8 LP-Ver2 Image 003,0.9,,0.0,51.0,49.0,17.647059,-,-,-
2025-11-01,2025-11-01,291025 MY Daryl Movexercise8 LEADS,291025 MY Daryl Movexercise8 LP-Ver2,291025 MY Daryl Movexercise8 LP-Ver2 Image 004,1.77,1.0,6.0,69.0,67.0,25.652174,-,-,-
2025-11-01,2025-11-01,291025 MY Daryl Movexercise8 LEADS,291025 MY Daryl Movexercise8 LP-Ver2,291025 MY Daryl Movexercise8 LP-Ver2 Video 005,0.15,,0.0,3.0,3.0,50.0,-,-,-
2025-11-02,2025-11-02,011125 MY Daryl Movexercise8 Traffic,011125 MY Daryl Movexercise8 LP-Ver1,011125 MY Daryl Movexercise8 LP-Ver1 Image 004,0.08,,0.0,12.0,12.0,6.666667,-,-,-
2025-11-02,2025-11-02,011125 MY Daryl Movexercise8 Traffic,011125 MY Daryl Movexercise8 LP-Ver1,011125 MY Daryl Movexercise8 LP-Ver1 Image 005,0.07,,0.0,17.0,17.0,4.117647,-,-,-
2025-11-02,2025-11-02,011125 MY Daryl Movexercise8 Traffic,011125 MY Daryl Movexercise8 LP-Ver1,011125 MY Daryl Movexercise8 LP-Ver1 Video 003,0.47,,0.0,58.0,55.0,8.103448,-,-,-
2025-11-02,2025-11-02,011125 MY Daryl Movexercise8 Traffic,011125 MY Daryl Movexercise8 LP-Ver1,011125 MY Daryl Movexercise8 LP-Ver1 Video 005,3.18,,37.0,339.0,322.0,9.380531,-,-,-
2025-11-02,2025-11-02,011125 MY Daryl Movexercise8 Traffic,011125 MY Daryl Movexercise8 LP-Ver2,011125 MY Daryl Movexercise8 LP-Ver2 Image 003,0.0,,0.0,1.0,1.0,0.0,-,-,-
2025-11-02,2025-11-02,011125 MY Daryl Movexercise8 Traffic,011125 MY Daryl Movexercise8 LP-Ver2,011125 MY Daryl Movexercise8 LP-Ver2 Image 004,0.09,,0.0,10.0,8.0,9.0,-,-,-
2025-11-02,2025-11-02,011125 MY Daryl Movexercise8 Traffic,011125 MY Daryl Movexercise8 LP-Ver2,011125 MY Daryl Movexercise8 LP-Ver2 Image 005,0.07,,0.0,7.0,6.0,10.0,-,-,-
2025-11-02,2025-11-02,011125 MY Daryl Movexercise8 Traffic,011125 MY Daryl Movexercise8 LP-Ver2,011125 MY Daryl Movexercise8 LP-Ver2 Video 003,0.25,,5.0,32.0,31.0,7.8125,-,-,-
2025-11-02,2025-11-02,011125 MY Daryl Movexercise8 Traffic,011125 MY Daryl Movexercise8 LP-Ver2,011125 MY Daryl Movexercise8 LP-Ver2 Video 005,2.56,,39.0,309.0,292.0,8.28479,-,-,-
2025-11-02,2025-11-02,291025 MY Daryl Movexercise8 LEADS,291025 MY Daryl Movexercise8 LP-Ver1,291025 MY Daryl Movexercise8 LP-Ver1 Image 003,0.0,,0.0,1.0,1.0,0.0,-,-,-
2025-11-02,2025-11-02,291025 MY Daryl Movexercise8 LEADS,291025 MY Daryl Movexercise8 LP-Ver1,291025 MY Daryl Movexercise8 LP-Ver1 Image 004,2.97,,3.0,72.0,69.0,41.25,-,-,-
2025-11-02,2025-11-02,291025 MY Daryl Movexercise8 LEADS,291025 MY Daryl Movexercise8 LP-Ver1,291025 MY Daryl Movexercise8 LP-Ver1 Image 005,73.51,12.0,116.0,1324.0,1096.0,55.521148,-,-,-
2025-11-02,2025-11-02,291025 MY Daryl Movexercise8 LEADS,291025 MY Daryl Movexercise8 LP-Ver2,291025 MY Daryl Movexercise8 LP-Ver2 Image 003,11.08,1.0,9.0,1114.0,1029.0,9.94614,-,-,-
2025-11-02,2025-11-02,291025 MY Daryl Movexercise8 LEADS,291025 MY Daryl Movexercise8 LP-Ver2,291025 MY Daryl Movexercise8 LP-Ver2 Image 004,42.62,6.0,54.0,1633.0,1584.0,26.099204,-,-,-
2025-11-03,2025-11-03,291025 MY Daryl Movexercise8 LEADS,291025 MY Daryl Movexercise8 LP-Ver1,291025 MY Daryl Movexercise8 LP-Ver1 Image 003,0.0,,0.0,1.0,1.0,0.0,-,-,-
2025-11-03,2025-11-03,291025 MY Daryl Movexercise8 LEADS,291025 MY Daryl Movexercise8 LP-Ver1,291025 MY Daryl Movexercise8 LP-Ver1 Image 004,1.99,,2.0,34.0,33.0,58.529412,-,-,-
2025-11-03,2025-11-03,291025 MY Daryl Movexercise8 LEADS,291025 MY Daryl Movexercise8 LP-Ver1,291025 MY Daryl Movexercise8 LP-Ver1 Image 005,54.67,5.0,88.0,1306.0,1152.0,41.860643,-,-,-
2025-11-03,2025-11-03,291025 MY Daryl Movexercise8 LEADS,291025 MY Daryl Movexercise8 LP-Ver1,291025 MY Daryl Movexercise8 LP-Ver1 Video 003,15.53,5.0,45.0,357.0,313.0,43.501401,-,-,-
2025-11-03,2025-11-03,291025 MY Daryl Movexercise8 LEADS,291025 MY Daryl Movexercise8 LP-Ver2,291025 MY Daryl Movexercise8 LP-Ver2 Image 003,3.27,1.0,5.0,95.0,82.0,34.421053,-,-,-
2025-11-03,2025-11-03,291025 MY Daryl Movexercise8 LEADS,291025 MY Daryl Movexercise8 LP-Ver2,291025 MY Daryl Movexercise8 LP-Ver2 Image 004,20.81,2.0,28.0,294.0,271.0,70.782313,-,-,-
2025-11-03,2025-11-03,291025 MY Daryl Movexercise8 LEADS,291025 MY Daryl Movexercise8 LP-Ver2,291025 MY Daryl Movexercise8 LP-Ver2 Video 003,2.48,,5.0,68.0,67.0,36.470588,-,-,-
2025-11-03,2025-11-03,291025 MY Daryl Movexercise8 LEADS,291025 MY Daryl Movexercise8 LP-Ver2,291025 MY Daryl Movexercise8 LP-Ver2 Video 005,38.72,10.0,94.0,642.0,573.0,60.311526,-,-,-
2025-11-04,2025-11-04,291025 MY Daryl Movexercise8 LEADS,291025 MY Daryl Movexercise8 LP-Ver1,291025 MY Daryl M8 LP-Ver1 Video 005,20.0,6.0,59.0,555.0,516.0,36.036036,-,-,-
2025-11-04,2025-11-04,291025 MY Daryl Movexercise8 LEADS,291025 MY Daryl Movexercise8 LP-Ver1,291025 MY Daryl Movexercise8 LP-Ver1 Image 004,0.29,,2.0,12.0,12.0,24.166667,-,-,-
2025-11-04,2025-11-04,291025 MY Daryl Movexercise8 LEADS,291025 MY Daryl Movexercise8 LP-Ver1,291025 MY Daryl Movexercise8 LP-Ver1 Image 005,10.59,,18.0,374.0,346.0,28.315508,-,-,-
2025-11-04,2025-11-04,291025 MY Daryl Movexercise8 LEADS,291025 MY Daryl Movexercise8 LP-Ver1,291025 MY Daryl Movexercise8 LP-Ver1 Video 003,55.74,15.0,126.0,1470.0,1370.0,37.918367,-,-,-
2025-11-04,2025-11-04,291025 MY Daryl Movexercise8 LEADS,291025 MY Daryl Movexercise8 LP-Ver2,291025 MY Daryl Movexercise8 LP-Ver2 Image 003,1.04,,2.0,32.0,26.0,32.5,-,-,-
2025-11-04,2025-11-04,291025 MY Daryl Movexercise8 LEADS,291025 MY Daryl Movexercise8 LP-Ver2,291025 MY Daryl Movexercise8 LP-Ver2 Image 004,0.26,,1.0,13.0,13.0,20.0,-,-,-
2025-11-04,2025-11-04,291025 MY Daryl Movexercise8 LEADS,291025 MY Daryl Movexercise8 LP-Ver2,291025 MY Daryl Movexercise8 LP-Ver2 Video 003,13.08,2.0,19.0,403.0,384.0,32.456576,-,-,-
2025-11-04,2025-11-04,291025 MY Daryl Movexercise8 LEADS,291025 MY Daryl Movexercise8 LP-Ver2,291025 MY Daryl Movexercise8 LP-Ver2 Video 005,71.35,11.0,175.0,1929.0,1806.0,36.988077,-,-,-
2025-11-05,2025-11-05,291025 MY Daryl Movexercise8 LEADS,291025 MY Daryl Movexercise8 LP-Ver1,291025 MY Daryl M8 LP-Ver1 Video 005,37.87,3.0,122.0,1154.0,1083.0,32.816291,-,-,-
2025-11-05,2025-11-05,291025 MY Daryl Movexercise8 LEADS,291025 MY Daryl Movexercise8 LP-Ver1,291025 MY Daryl Movexercise8 LP-Ver1 Image 004,0.05,,0.0,5.0,5.0,10.0,-,-,-
2025-11-05,2025-11-05,291025 MY Daryl Movexercise8 LEADS,291025 MY Daryl Movexercise8 LP-Ver1,291025 MY Daryl Movexercise8 LP-Ver1 Image 005,4.58,1.0,13.0,167.0,157.0,27.42515,-,-,-
2025-11-05,2025-11-05,291025 MY Daryl Movexercise8 LEADS,291025 MY Daryl Movexercise8 LP-Ver1,291025 MY Daryl Movexercise8 LP-Ver1 Video 003,44.03,9.0,98.0,1537.0,1382.0,28.646714,-,-,-
2025-11-05,2025-11-05,291025 MY Daryl Movexercise8 LEADS,291025 MY Daryl Movexercise8 LP-Ver2,291025 MY Daryl Movexercise8 LP-Ver2 Image 003,0.95,,1.0,29.0,25.0,32.758621,-,-,-
2025-11-05,2025-11-05,291025 MY Daryl Movexercise8 LEADS,291025 MY Daryl Movexercise8 LP-Ver2,291025 MY Daryl Movexercise8 LP-Ver2 Image 004,0.2,,0.0,8.0,8.0,25.0,-,-,-
2025-11-05,2025-11-05,291025 MY Daryl Movexercise8 LEADS,291025 MY Daryl Movexercise8 LP-Ver2,291025 MY Daryl Movexercise8 LP-Ver2 Image 005,0.1,,0.0,3.0,3.0,33.333333,-,-,-
2025-11-05,2025-11-05,291025 MY Daryl Movexercise8 LEADS,291025 MY Daryl Movexercise8 LP-Ver2,291025 MY Daryl Movexercise8 LP-Ver2 Video 003,14.67,3.0,29.0,536.0,511.0,27.369403,-,-,-
2025-11-05,2025-11-05,291025 MY Daryl Movexercise8 LEADS,291025 MY Daryl Movexercise8 LP-Ver2,291025 MY Daryl Movexercise8 LP-Ver2 Video 005,70.64,12.0,194.0,2089.0,1926.0,33.815223,-,-,-
2025-11-06,2025-11-06,291025 MY Daryl Movexercise8 LEADS,291025 MY Daryl Movexercise8 LP-Ver1,291025 MY Daryl M8 LP-Ver1 Video 005,12.52,2.0,38.0,463.0,449.0,27.041037,-,-,-
2025-11-06,2025-11-06,291025 MY Daryl Movexercise8 LEADS,291025 MY Daryl Movexercise8 LP-Ver1,291025 MY Daryl Movexercise8 LP-Ver1 Image 003,0.25,,0.0,10.0,10.0,25.0,-,-,-
2025-11-06,2025-11-06,291025 MY Daryl Movexercise8 LEADS,291025 MY Daryl Movexercise8 LP-Ver1,291025 MY Daryl Movexercise8 LP-Ver1 Image 004,0.28,,0.0,13.0,12.0,21.538462,-,-,-
2025-11-06,2025-11-06,291025 MY Daryl Movexercise8 LEADS,291025 MY Daryl Movexercise8 LP-Ver1,291025 MY Daryl Movexercise8 LP-Ver1 Image 005,36.82,7.0,63.0,1171.0,1021.0,31.443211,-,-,-
2025-11-06,2025-11-06,291025 MY Daryl Movexercise8 LEADS,291025 MY Daryl Movexercise8 LP-Ver1,291025 MY Daryl Movexercise8 LP-Ver1 Video 003,32.52,11.0,74.0,1184.0,1088.0,27.466216,-,-,-
2025-11-06,2025-11-06,291025 MY Daryl Movexercise8 LEADS,291025 MY Daryl Movexercise8 LP-Ver2,291025 MY Daryl Movexercise8 LP-Ver2 Image 003,1.49,,0.0,48.0,44.0,31.041667,-,-,-
2025-11-06,2025-11-06,291025 MY Daryl Movexercise8 LEADS,291025 MY Daryl Movexercise8 LP-Ver2,291025 MY Daryl Movexercise8 LP-Ver2 Image 004,2.49,1.0,7.0,61.0,55.0,40.819672,-,-,-
2025-11-06,2025-11-06,291025 MY Daryl Movexercise8 LEADS,291025 MY Daryl Movexercise8 LP-Ver2,291025 MY Daryl Movexercise8 LP-Ver2 Image 005,0.18,,1.0,9.0,9.0,20.0,-,-,-
2025-11-06,2025-11-06,291025 MY Daryl Movexercise8 LEADS,291025 MY Daryl Movexercise8 LP-Ver2,291025 MY Daryl Movexercise8 LP-Ver2 Video 003,2.67,,5.0,67.0,66.0,39.850746,-,-,-
2025-11-06,2025-11-06,291025 MY Daryl Movexercise8 LEADS,291025 MY Daryl Movexercise8 LP-Ver2,291025 MY Daryl Movexercise8 LP-Ver2 Video 005,72.87,20.0,231.0,2442.0,2248.0,29.840295,-,-,-
2025-11-07,2025-11-07,291025 MY Daryl Movexercise8 LEADS,291025 MY Daryl Movexercise8 LP-Ver1,291025 MY Daryl M8 LP-Ver1 Video 005,3.91,,7.0,138.0,136.0,28.333333,-,-,-
2025-11-07,2025-11-07,291025 MY Daryl Movexercise8 LEADS,291025 MY Daryl Movexercise8 LP-Ver1,291025 MY Daryl Movexercise8 LP-Ver1 Image 004,0.37,,0.0,14.0,13.0,26.428571,-,-,-
2025-11-07,2025-11-07,291025 MY Daryl Movexercise8 LEADS,291025 MY Daryl Movexercise8 LP-Ver1,291025 MY Daryl Movexercise8 LP-Ver1 Image 005,21.29,3.0,37.0,752.0,685.0,28.31117,-,-,-
2025-11-07,2025-11-07,291025 MY Daryl Movexercise8 LEADS,291025 MY Daryl Movexercise8 LP-Ver1,291025 MY Daryl Movexercise8 LP-Ver1 Video 003,63.67,13.0,175.0,2757.0,2589.0,23.093943,-,-,-
2025-11-07,2025-11-07,291025 MY Daryl Movexercise8 LEADS,291025 MY Daryl Movexercise8 LP-Ver2,291025 MY Daryl Movexercise8 LP-Ver2 Image 003,2.55,2.0,7.0,77.0,56.0,33.116883,-,-,-
2025-11-07,2025-11-07,291025 MY Daryl Movexercise8 LEADS,291025 MY Daryl Movexercise8 LP-Ver2,291025 MY Daryl Movexercise8 LP-Ver2 Image 004,5.29,1.0,7.0,127.0,117.0,41.653543,-,-,-
2025-11-07,2025-11-07,291025 MY Daryl Movexercise8 LEADS,291025 MY Daryl Movexercise8 LP-Ver2,291025 MY Daryl Movexercise8 LP-Ver2 Image 005,0.0,,0.0,1.0,1.0,0.0,-,-,-
2025-11-07,2025-11-07,291025 MY Daryl Movexercise8 LEADS,291025 MY Daryl Movexercise8 LP-Ver2,291025 MY Daryl Movexercise8 LP-Ver2 Video 003,3.7,1.0,6.0,149.0,145.0,24.832215,-,-,-
2025-11-07,2025-11-07,291025 MY Daryl Movexercise8 LEADS,291025 MY Daryl Movexercise8 LP-Ver2,291025 MY Daryl Movexercise8 LP-Ver2 Video 005,55.18,5.0,137.0,1877.0,1691.0,29.397975,-,-,-
2025-11-08,2025-11-08,291025 MY Daryl Movexercise8 LEADS,291025 MY Daryl Movexercise8 LP-Ver1,291025 MY Daryl Movexercise8 LP-Ver1 Image 003,0.06,,0.0,5.0,5.0,12.0,-,-,-
2025-11-08,2025-11-08,291025 MY Daryl Movexercise8 LEADS,291025 MY Daryl Movexercise8 LP-Ver1,291025 MY Daryl Movexercise8 LP-Ver1 Image 004,0.43,,1.0,24.0,23.0,17.916667,-,-,-
2025-11-08,2025-11-08,291025 MY Daryl Movexercise8 LEADS,291025 MY Daryl Movexercise8 LP-Ver1,291025 MY Daryl Movexercise8 LP-Ver1 Image 005,56.92,4.0,122.0,2208.0,1946.0,25.778986,-,-,-
2025-11-08,2025-11-08,291025 MY Daryl Movexercise8 LEADS,291025 MY Daryl Movexercise8 LP-Ver1,291025 MY Daryl Movexercise8 LP-Ver1 Video 003,26.99,4.0,53.0,1220.0,1159.0,22.122951,-,-,-
2025-11-08,2025-11-08,291025 MY Daryl Movexercise8 LEADS,291025 MY Daryl Movexercise8 LP-Ver2,291025 MY Daryl Movexercise8 LP-Ver2 Image 003,15.89,,18.0,424.0,347.0,37.476415,-,-,-
2025-11-08,2025-11-08,291025 MY Daryl Movexercise8 LEADS,291025 MY Daryl Movexercise8 LP-Ver2,291025 MY Daryl Movexercise8 LP-Ver2 Image 004,14.25,,21.0,351.0,330.0,40.598291,-,-,-
2025-11-08,2025-11-08,291025 MY Daryl Movexercise8 LEADS,291025 MY Daryl Movexercise8 LP-Ver2,291025 MY Daryl Movexercise8 LP-Ver2 Image 005,4.79,,9.0,147.0,138.0,32.585034,-,-,-
2025-11-08,2025-11-08,291025 MY Daryl Movexercise8 LEADS,291025 MY Daryl Movexercise8 LP-Ver2,291025 MY Daryl Movexercise8 LP-Ver2 Video 003,0.0,1.0,0.0,0.0,0.0,,-,-,-
2025-11-08,2025-11-08,291025 MY Daryl Movexercise8 LEADS,291025 MY Daryl Movexercise8 LP-Ver2,291025 MY Daryl Movexercise8 LP-Ver2 Video 005,30.96,6.0,127.0,1226.0,1140.0,25.252855,-,-,-
2025-11-09,2025-11-09,291025 MY Daryl Movexercise8 LEADS,291025 MY Daryl Movexercise8 LP-Ver1,291025 MY Daryl M8 LP-Ver1 Video 005,6.12,,28.0,235.0,230.0,26.042553,-,-,-
2025-11-09,2025-11-09,291025 MY Daryl Movexercise8 LEADS,291025 MY Daryl Movexercise8 LP-Ver1,291025 MY Daryl Movexercise8 LP-Ver1 Image 003,0.0,,0.0,1.0,1.0,0.0,-,-,-
2025-11-09,2025-11-09,291025 MY Daryl Movexercise8 LEADS,291025 MY Daryl Movexercise8 LP-Ver1,291025 MY Daryl Movexercise8 LP-Ver1 Image 004,0.03,,0.0,2.0,2.0,15.0,-,-,-
2025-11-09,2025-11-09,291025 MY Daryl Movexercise8 LEADS,291025 MY Daryl Movexercise8 LP-Ver1,291025 MY Daryl Movexercise8 LP-Ver1 Image 005,22.52,1.0,40.0,912.0,850.0,24.692982,-,-,-
2025-11-09,2025-11-09,291025 MY Daryl Movexercise8 LEADS,291025 MY Daryl Movexercise8 LP-Ver1,291025 MY Daryl Movexercise8 LP-Ver1 Video 003,60.95,20.0,152.0,2615.0,2438.0,23.307839,-,-,-
2025-11-09,2025-11-09,291025 MY Daryl Movexercise8 LEADS,291025 MY Daryl Movexercise8 LP-Ver2,291025 MY Daryl Movexercise8 LP-Ver2 Image 003,9.89,1.0,13.0,331.0,306.0,29.879154,-,-,-
2025-11-09,2025-11-09,291025 MY Daryl Movexercise8 LEADS,291025 MY Daryl Movexercise8 LP-Ver2,291025 MY Daryl Movexercise8 LP-Ver2 Image 004,10.56,,14.0,256.0,250.0,41.25,-,-,-
2025-11-09,2025-11-09,291025 MY Daryl Movexercise8 LEADS,291025 MY Daryl Movexercise8 LP-Ver2,291025 MY Daryl Movexercise8 LP-Ver2 Video 003,43.44,6.0,73.0,1334.0,1231.0,32.563718,-,-,-
2025-11-09,2025-11-09,291025 MY Daryl Movexercise8 LEADS,291025 MY Daryl Movexercise8 LP-Ver2,291025 MY Daryl Movexercise8 LP-Ver2 Video 005,24.93,5.0,81.0,994.0,931.0,25.080483,-,-,-
2025-11-10,2025-11-10,291025 MY Daryl Movexercise8 LEADS,291025 MY Daryl Movexercise8 LP-Ver1,291025 MY Daryl M8 LP-Ver1 Video 005,0.13,,0.0,10.0,10.0,13.0,-,-,-
2025-11-10,2025-11-10,291025 MY Daryl Movexercise8 LEADS,291025 MY Daryl Movexercise8 LP-Ver1,291025 MY Daryl Movexercise8 LP-Ver1 Image 004,0.25,,0.0,16.0,15.0,15.625,-,-,-
2025-11-10,2025-11-10,291025 MY Daryl Movexercise8 LEADS,291025 MY Daryl Movexercise8 LP-Ver1,291025 MY Daryl Movexercise8 LP-Ver1 Image 005,63.91,6.0,94.0,2084.0,1870.0,30.666987,-,-,-
2025-11-10,2025-11-10,291025 MY Daryl Movexercise8 LEADS,291025 MY Daryl Movexercise8 LP-Ver1,291025 MY Daryl Movexercise8 LP-Ver1 Video 003,35.22,10.0,89.0,1765.0,1704.0,19.954674,-,-,-
2025-11-10,2025-11-10,291025 MY Daryl Movexercise8 LEADS,291025 MY Daryl Movexercise8 LP-Ver2,291025 MY Daryl Movexercise8 LP-Ver2 Image 003,18.84,,21.0,548.0,451.0,34.379562,-,-,-
2025-11-10,2025-11-10,291025 MY Daryl Movexercise8 LEADS,291025 MY Daryl Movexercise8 LP-Ver2,291025 MY Daryl Movexercise8 LP-Ver2 Image 004,27.0,2.0,37.0,567.0,531.0,47.619048,-,-,-
2025-11-10,2025-11-10,291025 MY Daryl Movexercise8 LEADS,291025 MY Daryl Movexercise8 LP-Ver2,291025 MY Daryl Movexercise8 LP-Ver2 Image 005,13.1,,21.0,448.0,422.0,29.241071,-,-,-
2025-11-10,2025-11-10,291025 MY Daryl Movexercise8 LEADS,291025 MY Daryl Movexercise8 LP-Ver2,291025 MY Daryl Movexercise8 LP-Ver2 Video 003,15.21,3.0,20.0,546.0,527.0,27.857143,-,-,-
2025-11-10,2025-11-10,291025 MY Daryl Movexercise8 LEADS,291025 MY Daryl Movexercise8 LP-Ver2,291025 MY Daryl Movexercise8 LP-Ver2 Video 005,0.03,,0.0,1.0,1.0,30.0,-,-,-
2025-11-11,2025-11-11,291025 MY Daryl Movexercise8 LEADS,291025 MY Daryl Movexercise8 LP-Ver1,291025 MY Daryl M8 LP-Ver1 Video 005,6.96,,18.0,220.0,215.0,31.636364,-,-,-
2025-11-11,2025-11-11,291025 MY Daryl Movexercise8 LEADS,291025 MY Daryl Movexercise8 LP-Ver1,291025 MY Daryl Movexercise8 LP-Ver1 Image 004,0.14,,0.0,6.0,6.0,23.333333,-,-,-
2025-11-11,2025-11-11,291025 MY Daryl Movexercise8 LEADS,291025 MY Daryl Movexercise8 LP-Ver1,291025 MY Daryl Movexercise8 LP-Ver1 Image 005,40.62,4.0,90.0,1556.0,1448.0,26.105398,-,-,-
2025-11-11,2025-11-11,291025 MY Daryl Movexercise8 LEADS,291025 MY Daryl Movexercise8 LP-Ver1,291025 MY Daryl Movexercise8 LP-Ver1 Video 003,31.07,8.0,76.0,1804.0,1707.0,17.222838,-,-,-
2025-11-11,2025-11-11,291025 MY Daryl Movexercise8 LEADS,291025 MY Daryl Movexercise8 LP-Ver2,291025 MY Daryl Movexercise8 LP-Ver2 Image 003,9.59,1.0,8.0,252.0,227.0,38.055556,-,-,-
2025-11-11,2025-11-11,291025 MY Daryl Movexercise8 LEADS,291025 MY Daryl Movexercise8 LP-Ver2,291025 MY Daryl Movexercise8 LP-Ver2 Image 004,10.39,1.0,16.0,200.0,196.0,51.95,-,-,-
2025-11-11,2025-11-11,291025 MY Daryl Movexercise8 LEADS,291025 MY Daryl Movexercise8 LP-Ver2,291025 MY Daryl Movexercise8 LP-Ver2 Image 005,0.97,,0.0,31.0,31.0,31.290323,-,-,-
2025-11-11,2025-11-11,291025 MY Daryl Movexercise8 LEADS,291025 MY Daryl Movexercise8 LP-Ver2,291025 MY Daryl Movexercise8 LP-Ver2 Video 003,44.29,8.0,71.0,1841.0,1732.0,24.057577,-,-,-
2025-11-11,2025-11-11,291025 MY Daryl Movexercise8 LEADS,291025 MY Daryl Movexercise8 LP-Ver2,291025 MY Daryl Movexercise8 LP-Ver2 Video 005,22.82,1.0,74.0,743.0,731.0,30.713324,-,-,-
2025-11-12,2025-11-12,291025 MY Daryl Movexercise8 LEADS,291025 MY Daryl Movexercise8 LP-Ver1,291025 MY Daryl M8 LP-Ver1 Video 005,0.64,,2.0,47.0,47.0,13.617021,-,-,-
2025-11-12,2025-11-12,291025 MY Daryl Movexercise8 LEADS,291025 MY Daryl Movexercise8 LP-Ver1,291025 MY Daryl Movexercise8 LP-Ver1 Image 005,13.0,,28.0,588.0,568.0,22.108844,-,-,-
2025-11-12,2025-11-12,291025 MY Daryl Movexercise8 LEADS,291025 MY Daryl Movexercise8 LP-Ver1,291025 MY Daryl Movexercise8 LP-Ver1 Video 003,68.54,14.0,180.0,3445.0,3213.0,19.895501,-,-,-
2025-11-12,2025-11-12,291025 MY Daryl Movexercise8 LEADS,291025 MY Daryl Movexercise8 LP-Ver2,291025 MY Daryl Movexercise8 LP-Ver2 Image 003,4.34,2.0,10.0,92.0,81.0,47.173913,-,-,-
2025-11-12,2025-11-12,291025 MY Daryl Movexercise8 LEADS,291025 MY Daryl Movexercise8 LP-Ver2,291025 MY Daryl Movexercise8 LP-Ver2 Image 004,3.37,1.0,5.0,57.0,56.0,59.122807,-,-,-
2025-11-12,2025-11-12,291025 MY Daryl Movexercise8 LEADS,291025 MY Daryl Movexercise8 LP-Ver2,291025 MY Daryl Movexercise8 LP-Ver2 Image 005,0.4,,2.0,24.0,24.0,16.666667,-,-,-
2025-11-12,2025-11-12,291025 MY Daryl Movexercise8 LEADS,291025 MY Daryl Movexercise8 LP-Ver2,291025 MY Daryl Movexercise8 LP-Ver2 Video 003,51.19,13.0,117.0,2226.0,2087.0,22.996406,-,-,-
2025-11-12,2025-11-12,291025 MY Daryl Movexercise8 LEADS,291025 MY Daryl Movexercise8 LP-Ver2,291025 MY Daryl Movexercise8 LP-Ver2 Video 005,11.96,3.0,32.0,472.0,449.0,25.338983,-,-,-
2025-11-13,2025-11-13,291025 MY Daryl Movexercise8 LEADS,291025 MY Daryl Movexercise8 LP-Ver1,291025 MY Daryl Movexercise8 LP-Ver1 Image 003,0.03,,0.0,3.0,3.0,10.0,-,-,-
2025-11-13,2025-11-13,291025 MY Daryl Movexercise8 LEADS,291025 MY Daryl Movexercise8 LP-Ver1,291025 MY Daryl Movexercise8 LP-Ver1 Image 004,0.02,,0.0,2.0,2.0,10.0,-,-,-
2025-11-13,2025-11-13,291025 MY Daryl Movexercise8 LEADS,291025 MY Daryl Movexercise8 LP-Ver1,291025 MY Daryl Movexercise8 LP-Ver1 Image 005,28.82,3.0,55.0,1055.0,998.0,27.317536,-,-,-
2025-11-13,2025-11-13,291025 MY Daryl Movexercise8 LEADS,291025 MY Daryl Movexercise8 LP-Ver1,291025 MY Daryl Movexercise8 LP-Ver1 Video 003,54.11,13.0,121.0,3072.0,2968.0,17.613932,-,-,-
2025-11-13,2025-11-13,291025 MY Daryl Movexercise8 LEADS,291025 MY Daryl Movexercise8 LP-Ver2,291025 MY Daryl Movexercise8 LP-Ver2 Image 003,19.73,2.0,35.0,638.0,556.0,30.924765,-,-,-
2025-11-13,2025-11-13,291025 MY Daryl Movexercise8 LEADS,291025 MY Daryl Movexercise8 LP-Ver2,291025 MY Daryl Movexercise8 LP-Ver2 Image 004,11.65,,24.0,267.0,257.0,43.632959,-,-,-
2025-11-13,2025-11-13,291025 MY Daryl Movexercise8 LEADS,291025 MY Daryl Movexercise8 LP-Ver2,291025 MY Daryl Movexercise8 LP-Ver2 Image 005,7.2,,11.0,250.0,241.0,28.8,-,-,-
2025-11-13,2025-11-13,291025 MY Daryl Movexercise8 LEADS,291025 MY Daryl Movexercise8 LP-Ver2,291025 MY Daryl Movexercise8 LP-Ver2 Video 003,30.62,10.0,66.0,1418.0,1330.0,21.593794,-,-,-
2025-11-13,2025-11-13,291025 MY Daryl Movexercise8 LEADS,291025 MY Daryl Movexercise8 LP-Ver2,291025 MY Daryl Movexercise8 LP-Ver2 Video 005,4.92,3.0,22.0,251.0,246.0,19.601594,-,-,-
2025-11-14,2025-11-14,291025 MY Daryl Movexercise8 LEADS,291025 MY Daryl Movexercise8 LP-Ver1,291025 MY Daryl M8 LP-Ver1 Video 005,7.73,1.0,24.0,278.0,273.0,27.805755,-,-,-
2025-11-14,2025-11-14,291025 MY Daryl Movexercise8 LEADS,291025 MY Daryl Movexercise8 LP-Ver1,291025 MY Daryl Movexercise8 LP-Ver1 Image 003,1.13,,3.0,52.0,47.0,21.730769,-,-,-
2025-11-14,2025-11-14,291025 MY Daryl Movexercise8 LEADS,291025 MY Daryl Movexercise8 LP-Ver1,291025 MY Daryl Movexercise8 LP-Ver1 Image 004,0.22,,1.0,6.0,6.0,36.666667,-,-,-
2025-11-14,2025-11-14,291025 MY Daryl Movexercise8 LEADS,291025 MY Daryl Movexercise8 LP-Ver1,291025 MY Daryl Movexercise8 LP-Ver1 Image 005,40.14,3.0,100.0,1680.0,1565.0,23.892857,-,-,-
2025-11-14,2025-11-14,291025 MY Daryl Movexercise8 LEADS,291025 MY Daryl Movexercise8 LP-Ver1,291025 MY Daryl Movexercise8 LP-Ver1 Video 003,30.91,8.0,60.0,1177.0,1150.0,26.261682,-,-,-
2025-11-14,2025-11-14,291025 MY Daryl Movexercise8 LEADS,291025 MY Daryl Movexercise8 LP-Ver2,291025 MY Daryl Movexercise8 LP-Ver2 Image 003,26.27,2.0,38.0,1066.0,972.0,24.643527,-,-,-
2025-11-14,2025-11-14,291025 MY Daryl Movexercise8 LEADS,291025 MY Daryl Movexercise8 LP-Ver2,291025 MY Daryl Movexercise8 LP-Ver2 Image 004,5.3,,10.0,117.0,112.0,45.299145,-,-,-
2025-11-14,2025-11-14,291025 MY Daryl Movexercise8 LEADS,291025 MY Daryl Movexercise8 LP-Ver2,291025 MY Daryl Movexercise8 LP-Ver2 Video 003,49.57,8.0,105.0,1878.0,1837.0,26.395101,-,-,-
2025-11-14,2025-11-14,291025 MY Daryl Movexercise8 LEADS,291025 MY Daryl Movexercise8 LP-Ver2,291025 MY Daryl Movexercise8 LP-Ver2 Video 005,24.73,5.0,70.0,1127.0,1048.0,21.943212,-,-,-
2025-11-15,2025-11-15,291025 MY Daryl Movexercise8 LEADS,291025 MY Daryl Movexercise8 LP-Ver1,291025 MY Daryl M8 LP-Ver1 Video 005,0.04,,0.0,2.0,2.0,20.0,-,-,-
2025-11-15,2025-11-15,291025 MY Daryl Movexercise8 LEADS,291025 MY Daryl Movexercise8 LP-Ver1,291025 MY Daryl Movexercise8 LP-Ver1 Image 004,0.19,,0.0,7.0,7.0,27.142857,-,-,-
2025-11-15,2025-11-15,291025 MY Daryl Movexercise8 LEADS,291025 MY Daryl Movexercise8 LP-Ver1,291025 MY Daryl Movexercise8 LP-Ver1 Image 005,86.09,9.0,187.0,3071.0,2802.0,28.033214,-,-,-
2025-11-15,2025-11-15,291025 MY Daryl Movexercise8 LEADS,291025 MY Daryl Movexercise8 LP-Ver1,291025 MY Daryl Movexercise8 LP-Ver1 Video 003,36.8,5.0,91.0,2321.0,2282.0,15.855235,-,-,-
2025-11-15,2025-11-15,291025 MY Daryl Movexercise8 LEADS,291025 MY Daryl Movexercise8 LP-Ver2,291025 MY Daryl Movexercise8 LP-Ver2 Image 003,53.53,4.0,97.0,2189.0,1959.0,24.454089,-,-,-
2025-11-15,2025-11-15,291025 MY Daryl Movexercise8 LEADS,291025 MY Daryl Movexercise8 LP-Ver2,291025 MY Daryl Movexercise8 LP-Ver2 Image 004,3.07,,3.0,71.0,70.0,43.239437,-,-,-
2025-11-15,2025-11-15,291025 MY Daryl Movexercise8 LEADS,291025 MY Daryl Movexercise8 LP-Ver2,291025 MY Daryl Movexercise8 LP-Ver2 Image 005,6.58,2.0,23.0,223.0,221.0,29.506726,-,-,-
2025-11-15,2025-11-15,291025 MY Daryl Movexercise8 LEADS,291025 MY Daryl Movexercise8 LP-Ver2,291025 MY Daryl Movexercise8 LP-Ver2 Video 003,20.8,2.0,41.0,1146.0,1124.0,18.150087,-,-,-
2025-11-16,2025-11-16,291025 MY Daryl Movexercise8 LEADS,291025 MY Daryl Movexercise8 LP-Ver1,291025 MY Daryl M8 LP-Ver1 Video 005,12.38,3.0,31.0,626.0,603.0,19.776358,-,-,-
2025-11-16,2025-11-16,291025 MY Daryl Movexercise8 LEADS,291025 MY Daryl Movexercise8 LP-Ver1,291025 MY Daryl Movexercise8 LP-Ver1 Image 003,1.39,,2.0,61.0,58.0,22.786885,-,-,-
2025-11-16,2025-11-16,291025 MY Daryl Movexercise8 LEADS,291025 MY Daryl Movexercise8 LP-Ver1,291025 MY Daryl Movexercise8 LP-Ver1 Image 004,0.34,,0.0,15.0,14.0,22.666667,-,-,-
2025-11-16,2025-11-16,291025 MY Daryl Movexercise8 LEADS,291025 MY Daryl Movexercise8 LP-Ver1,291025 MY Daryl Movexercise8 LP-Ver1 Image 005,88.48,7.0,170.0,3783.0,3437.0,23.388845,-,-,-
2025-11-16,2025-11-16,291025 MY Daryl Movexercise8 LEADS,291025 MY Daryl Movexercise8 LP-Ver1,291025 MY Daryl Movexercise8 LP-Ver1 Video 003,0.48,,0.0,14.0,14.0,34.285714,-,-,-
2025-11-16,2025-11-16,291025 MY Daryl Movexercise8 LEADS,291025 MY Daryl Movexercise8 LP-Ver2,291025 MY Daryl Movexercise8 LP-Ver2 Image 003,34.64,5.0,48.0,1219.0,1085.0,28.416735,-,-,-
2025-11-16,2025-11-16,291025 MY Daryl Movexercise8 LEADS,291025 MY Daryl Movexercise8 LP-Ver2,291025 MY Daryl Movexercise8 LP-Ver2 Image 004,3.23,,3.0,85.0,78.0,38.0,-,-,-
2025-11-16,2025-11-16,291025 MY Daryl Movexercise8 LEADS,291025 MY Daryl Movexercise8 LP-Ver2,291025 MY Daryl Movexercise8 LP-Ver2 Image 005,0.67,,2.0,19.0,19.0,35.263158,-,-,-
2025-11-16,2025-11-16,291025 MY Daryl Movexercise8 LEADS,291025 MY Daryl Movexercise8 LP-Ver2,291025 MY Daryl Movexercise8 LP-Ver2 Video 003,21.05,5.0,64.0,1302.0,1258.0,16.167435,-,-,-
2025-11-16,2025-11-16,291025 MY Daryl Movexercise8 LEADS,291025 MY Daryl Movexercise8 LP-Ver2,291025 MY Daryl Movexercise8 LP-Ver2 Video 005,68.5,9.0,224.0,3284.0,3068.0,20.858709,-,-,-
2025-11-17,2025-11-17,291025 MY Daryl Movexercise8 LEADS,291025 MY Daryl Movexercise8 LP-Ver1,291025 MY Daryl M8 LP-Ver1 Video 005,1.73,2.0,12.0,94.0,92.0,18.404255,-,-,-
2025-11-17,2025-11-17,291025 MY Daryl Movexercise8 LEADS,291025 MY Daryl Movexercise8 LP-Ver1,291025 MY Daryl Movexercise8 LP-Ver1 Image 003,0.19,,0.0,5.0,5.0,38.0,-,-,-
2025-11-17,2025-11-17,291025 MY Daryl Movexercise8 LEADS,291025 MY Daryl Movexercise8 LP-Ver1,291025 MY Daryl Movexercise8 LP-Ver1 Image 004,0.48,,1.0,13.0,13.0,36.923077,-,-,-
2025-11-17,2025-11-17,291025 MY Daryl Movexercise8 LEADS,291025 MY Daryl Movexercise8 LP-Ver1,291025 MY Daryl Movexercise8 LP-Ver1 Image 005,54.0,5.0,162.0,2834.0,2744.0,19.05434,-,-,-
2025-11-17,2025-11-17,291025 MY Daryl Movexercise8 LEADS,291025 MY Daryl Movexercise8 LP-Ver1,291025 MY Daryl Movexercise8 LP-Ver1 Video 003,69.5,16.0,198.0,4164.0,4051.0,16.690682,-,-,-
2025-11-17,2025-11-17,291025 MY Daryl Movexercise8 LEADS,291025 MY Daryl Movexercise8 LP-Ver2,291025 MY Daryl Movexercise8 LP-Ver2 Image 003,14.02,1.0,23.0,586.0,548.0,23.924915,-,-,-
2025-11-17,2025-11-17,291025 MY Daryl Movexercise8 LEADS,291025 MY Daryl Movexercise8 LP-Ver2,291025 MY Daryl Movexercise8 LP-Ver2 Image 004,3.02,1.0,10.0,83.0,80.0,36.385542,-,-,-
2025-11-17,2025-11-17,291025 MY Daryl Movexercise8 LEADS,291025 MY Daryl Movexercise8 LP-Ver2,291025 MY Daryl Movexercise8 LP-Ver2 Video 003,38.88,10.0,90.0,2081.0,1961.0,18.683325,-,-,-
2025-11-17,2025-11-17,291025 MY Daryl Movexercise8 LEADS,291025 MY Daryl Movexercise8 LP-Ver2,291025 MY Daryl Movexercise8 LP-Ver2 Video 005,82.48,17.0,348.0,3935.0,3603.0,20.96061,-,-,-
2025-11-18,2025-11-18,291025 MY Daryl Movexercise8 LEADS,291025 MY Daryl Movexercise8 LP-Ver1,291025 MY Daryl Movexercise8 LP-Ver1 Image 003,0.52,1.0,1.0,17.0,17.0,30.588235,-,-,-
2025-11-18,2025-11-18,291025 MY Daryl Movexercise8 LEADS,291025 MY Daryl Movexercise8 LP-Ver1,291025 MY Daryl Movexercise8 LP-Ver1 Image 004,0.78,,2.0,24.0,23.0,32.5,-,-,-
2025-11-18,2025-11-18,291025 MY Daryl Movexercise8 LEADS,291025 MY Daryl Movexercise8 LP-Ver1,291025 MY Daryl Movexercise8 LP-Ver1 Image 005,70.78,5.0,151.0,3094.0,2780.0,22.876535,-,-,-
2025-11-18,2025-11-18,291025 MY Daryl Movexercise8 LEADS,291025 MY Daryl Movexercise8 LP-Ver1,291025 MY Daryl Movexercise8 LP-Ver1 Video 003,45.3,7.0,102.0,3007.0,2900.0,15.064849,-,-,-
2025-11-18,2025-11-18,291025 MY Daryl Movexercise8 LEADS,291025 MY Daryl Movexercise8 LP-Ver2,291025 MY Daryl Movexercise8 LP-Ver2 Image 003,38.1,4.0,46.0,1267.0,1122.0,30.071034,-,-,-
2025-11-18,2025-11-18,291025 MY Daryl Movexercise8 LEADS,291025 MY Daryl Movexercise8 LP-Ver2,291025 MY Daryl Movexercise8 LP-Ver2 Image 004,7.69,,7.0,165.0,153.0,46.606061,-,-,-
2025-11-18,2025-11-18,291025 MY Daryl Movexercise8 LEADS,291025 MY Daryl Movexercise8 LP-Ver2,291025 MY Daryl Movexercise8 LP-Ver2 Image 005,5.52,,10.0,171.0,168.0,32.280702,-,-,-
2025-11-18,2025-11-18,291025 MY Daryl Movexercise8 LEADS,291025 MY Daryl Movexercise8 LP-Ver2,291025 MY Daryl Movexercise8 LP-Ver2 Video 003,0.93,,7.0,53.0,53.0,17.54717,-,-,-
2025-11-18,2025-11-18,291025 MY Daryl Movexercise8 LEADS,291025 MY Daryl Movexercise8 LP-Ver2,291025 MY Daryl Movexercise8 LP-Ver2 Video 005,68.01,8.0,218.0,3552.0,3388.0,19.146959,-,-,-
2025-11-19,2025-11-19,291025 MY Daryl Movexercise8 LEADS,291025 MY Daryl Movexercise8 LP-Ver1,291025 MY Daryl M8 LP-Ver1 Video 005,0.22,,1.0,11.0,11.0,20.0,-,-,-
2025-11-19,2025-11-19,291025 MY Daryl Movexercise8 LEADS,291025 MY Daryl Movexercise8 LP-Ver1,291025 MY Daryl Movexercise8 LP-Ver1 Image 003,0.03,,0.0,3.0,3.0,10.0,-,-,-
2025-11-19,2025-11-19,291025 MY Daryl Movexercise8 LEADS,291025 MY Daryl Movexercise8 LP-Ver1,291025 MY Daryl Movexercise8 LP-Ver1 Image 004,0.01,,0.0,2.0,2.0,5.0,-,-,-
2025-11-19,2025-11-19,291025 MY Daryl Movexercise8 LEADS,291025 MY Daryl Movexercise8 LP-Ver1,291025 MY Daryl Movexercise8 LP-Ver1 Image 005,3.87,2.0,17.0,249.0,236.0,15.542169,-,-,-
2025-11-19,2025-11-19,291025 MY Daryl Movexercise8 LEADS,291025 MY Daryl Movexercise8 LP-Ver1,291025 MY Daryl Movexercise8 LP-Ver1 Video 003,113.92,28.0,282.0,7326.0,6768.0,15.550096,-,-,-
2025-11-19,2025-11-19,291025 MY Daryl Movexercise8 LEADS,291025 MY Daryl Movexercise8 LP-Ver2,291025 MY Daryl Movexercise8 LP-Ver2 Image 003,3.42,,2.0,176.0,150.0,19.431818,-,-,-
2025-11-19,2025-11-19,291025 MY Daryl Movexercise8 LEADS,291025 MY Daryl Movexercise8 LP-Ver2,291025 MY Daryl Movexercise8 LP-Ver2 Image 004,0.05,,0.0,5.0,5.0,10.0,-,-,-
2025-11-19,2025-11-19,291025 MY Daryl Movexercise8 LEADS,291025 MY Daryl Movexercise8 LP-Ver2,291025 MY Daryl Movexercise8 LP-Ver2 Video 003,38.74,8.0,77.0,2058.0,1995.0,18.824101,-,-,-
2025-11-19,2025-11-19,291025 MY Daryl Movexercise8 LEADS,291025 MY Daryl Movexercise8 LP-Ver2,291025 MY Daryl Movexercise8 LP-Ver2 Video 005,60.77,11.0,284.0,3033.0,2827.0,20.036268,-,-,-
2025-11-20,2025-11-20,291025 MY Daryl Movexercise8 LEADS,291025 MY Daryl Movexercise8 LP-Ver1,291025 MY Daryl M8 LP-Ver1 Video 005,1.0,1.0,2.0,47.0,47.0,21.276596,-,-,-
2025-11-20,2025-11-20,291025 MY Daryl Movexercise8 LEADS,291025 MY Daryl Movexercise8 LP-Ver1,291025 MY Daryl Movexercise8 LP-Ver1 Image 004,0.1,,0.0,8.0,7.0,12.5,-,-,-
2025-11-20,2025-11-20,291025 MY Daryl Movexercise8 LEADS,291025 MY Daryl Movexercise8 LP-Ver1,291025 MY Daryl Movexercise8 LP-Ver1 Image 005,28.35,3.0,73.0,1298.0,1223.0,21.841294,-,-,-
2025-11-20,2025-11-20,291025 MY Daryl Movexercise8 LEADS,291025 MY Daryl Movexercise8 LP-Ver1,291025 MY Daryl Movexercise8 LP-Ver1 Video 003,93.47,19.0,268.0,5770.0,5546.0,16.199307,-,-,-
2025-11-20,2025-11-20,291025 MY Daryl Movexercise8 LEADS,291025 MY Daryl Movexercise8 LP-Ver2,291025 MY Daryl Movexercise8 LP-Ver2 Image 003,18.89,3.0,32.0,723.0,709.0,26.127248,-,-,-
2025-11-20,2025-11-20,291025 MY Daryl Movexercise8 LEADS,291025 MY Daryl Movexercise8 LP-Ver2,291025 MY Daryl Movexercise8 LP-Ver2 Image 004,3.79,,6.0,108.0,103.0,35.092593,-,-,-
2025-11-20,2025-11-20,291025 MY Daryl Movexercise8 LEADS,291025 MY Daryl Movexercise8 LP-Ver2,291025 MY Daryl Movexercise8 LP-Ver2 Image 005,2.07,,3.0,83.0,80.0,24.939759,-,-,-
2025-11-20,2025-11-20,291025 MY Daryl Movexercise8 LEADS,291025 MY Daryl Movexercise8 LP-Ver2,291025 MY Daryl Movexercise8 LP-Ver2 Video 003,29.66,8.0,63.0,1712.0,1646.0,17.324766,-,-,-
2025-11-20,2025-11-20,291025 MY Daryl Movexercise8 LEADS,291025 MY Daryl Movexercise8 LP-Ver2,291025 MY Daryl Movexercise8 LP-Ver2 Video 005,52.27,6.0,196.0,2384.0,2219.0,21.925336,-,-,-
2025-11-21,2025-11-21,291025 MY Daryl Movexercise8 LEADS,291025 MY Daryl Movexercise8 LP-Ver1,291025 MY Daryl M8 LP-Ver1 Video 005,2.27,,10.0,144.0,140.0,15.763889,-,-,-
2025-11-21,2025-11-21,291025 MY Daryl Movexercise8 LEADS,291025 MY Daryl Movexercise8 LP-Ver1,291025 MY Daryl Movexercise8 LP-Ver1 Image 003,0.89,,2.0,42.0,40.0,21.190476,-,-,-
2025-11-21,2025-11-21,291025 MY Daryl Movexercise8 LEADS,291025 MY Daryl Movexercise8 LP-Ver1,291025 MY Daryl Movexercise8 LP-Ver1 Image 004,0.12,,1.0,7.0,7.0,17.142857,-,-,-
2025-11-21,2025-11-21,291025 MY Daryl Movexercise8 LEADS,291025 MY Daryl Movexercise8 LP-Ver1,291025 MY Daryl Movexercise8 LP-Ver1 Image 005,20.27,2.0,54.0,1123.0,1063.0,18.049866,-,-,-
2025-11-21,2025-11-21,291025 MY Daryl Movexercise8 LEADS,291025 MY Daryl Movexercise8 LP-Ver1,291025 MY Daryl Movexercise8 LP-Ver1 Video 003,65.06,13.0,163.0,4325.0,4097.0,15.042775,-,-,-
2025-11-21,2025-11-21,291025 MY Daryl Movexercise8 LEADS,291025 MY Daryl Movexercise8 LP-Ver2,291025 MY Daryl Movexercise8 LP-Ver2 Image 003,8.42,,14.0,382.0,335.0,22.041885,-,-,-
2025-11-21,2025-11-21,291025 MY Daryl Movexercise8 LEADS,291025 MY Daryl Movexercise8 LP-Ver2,291025 MY Daryl Movexercise8 LP-Ver2 Image 004,2.45,,1.0,48.0,41.0,51.041667,-,-,-
2025-11-21,2025-11-21,291025 MY Daryl Movexercise8 LEADS,291025 MY Daryl Movexercise8 LP-Ver2,291025 MY Daryl Movexercise8 LP-Ver2 Image 005,0.64,,4.0,23.0,23.0,27.826087,-,-,-
2025-11-21,2025-11-21,291025 MY Daryl Movexercise8 LEADS,291025 MY Daryl Movexercise8 LP-Ver2,291025 MY Daryl Movexercise8 LP-Ver2 Video 003,35.14,7.0,56.0,2005.0,1872.0,17.526185,-,-,-
2025-11-21,2025-11-21,291025 MY Daryl Movexercise8 LEADS,291025 MY Daryl Movexercise8 LP-Ver2,291025 MY Daryl Movexercise8 LP-Ver2 Video 005,44.69,5.0,155.0,2421.0,2284.0,18.459314,-,-,-
2025-11-22,2025-11-22,291025 MY Daryl Movexercise8 LEADS,291025 MY Daryl Movexercise8 LP-Ver1,291025 MY Daryl M8 LP-Ver1 Video 005,0.05,,1.0,4.0,4.0,12.5,-,-,-
2025-11-22,2025-11-22,291025 MY Daryl Movexercise8 LEADS,291025 MY Daryl Movexercise8 LP-Ver1,291025 MY Daryl Movexercise8 LP-Ver1 Image 003,0.2,,0.0,11.0,11.0,18.181818,-,-,-
2025-11-22,2025-11-22,291025 MY Daryl Movexercise8 LEADS,291025 MY Daryl Movexercise8 LP-Ver1,291025 MY Daryl Movexercise8 LP-Ver1 Image 004,0.15,,0.0,5.0,5.0,30.0,-,-,-
2025-11-22,2025-11-22,291025 MY Daryl Movexercise8 LEADS,291025 MY Daryl Movexercise8 LP-Ver1,291025 MY Daryl Movexercise8 LP-Ver1 Image 005,33.37,7.0,100.0,1487.0,1380.0,22.441157,-,-,-
2025-11-22,2025-11-22,291025 MY Daryl Movexercise8 LEADS,291025 MY Daryl Movexercise8 LP-Ver1,291025 MY Daryl Movexercise8 LP-Ver1 Video 003,90.14,16.0,193.0,5654.0,5407.0,15.942695,-,-,-
2025-11-22,2025-11-22,291025 MY Daryl Movexercise8 LEADS,291025 MY Daryl Movexercise8 LP-Ver2,291025 MY Daryl Movexercise8 LP-Ver2 Image 003,35.45,2.0,37.0,1548.0,1424.0,22.900517,-,-,-
2025-11-22,2025-11-22,291025 MY Daryl Movexercise8 LEADS,291025 MY Daryl Movexercise8 LP-Ver2,291025 MY Daryl Movexercise8 LP-Ver2 Image 004,12.17,,14.0,261.0,233.0,46.628352,-,-,-
2025-11-22,2025-11-22,291025 MY Daryl Movexercise8 LEADS,291025 MY Daryl Movexercise8 LP-Ver2,291025 MY Daryl Movexercise8 LP-Ver2 Video 003,21.4,,28.0,1206.0,1143.0,17.74461,-,-,-
2025-11-22,2025-11-22,291025 MY Daryl Movexercise8 LEADS,291025 MY Daryl Movexercise8 LP-Ver2,291025 MY Daryl Movexercise8 LP-Ver2 Video 005,42.93,4.0,138.0,2178.0,2083.0,19.710744,-,-,-
2025-11-23,2025-11-23,291025 MY Daryl Movexercise8 LEADS,291025 MY Daryl Movexercise8 LP-Ver1,291025 MY Daryl M8 LP-Ver1 Video 005,0.03,,0.0,5.0,5.0,6.0,-,-,-
2025-11-23,2025-11-23,291025 MY Daryl Movexercise8 LEADS,291025 MY Daryl Movexercise8 LP-Ver1,291025 MY Daryl Movexercise8 LP-Ver1 Image 003,0.1,,0.0,9.0,7.0,11.111111,-,-,-
2025-11-23,2025-11-23,291025 MY Daryl Movexercise8 LEADS,291025 MY Daryl Movexercise8 LP-Ver1,291025 MY Daryl Movexercise8 LP-Ver1 Image 004,0.19,,0.0,8.0,8.0,23.75,-,-,-
2025-11-23,2025-11-23,291025 MY Daryl Movexercise8 LEADS,291025 MY Daryl Movexercise8 LP-Ver1,291025 MY Daryl Movexercise8 LP-Ver1 Image 005,50.6,7.0,122.0,2074.0,1943.0,24.3973,-,-,-
2025-11-23,2025-11-23,291025 MY Daryl Movexercise8 LEADS,291025 MY Daryl Movexercise8 LP-Ver1,291025 MY Daryl Movexercise8 LP-Ver1 Video 003,86.67,16.0,212.0,5643.0,5388.0,15.358852,-,-,-
2025-11-23,2025-11-23,291025 MY Daryl Movexercise8 LEADS,291025 MY Daryl Movexercise8 LP-Ver2,291025 MY Daryl Movexercise8 LP-Ver2 Image 003,30.83,5.0,44.0,1077.0,974.0,28.625812,-,-,-
2025-11-23,2025-11-23,291025 MY Daryl Movexercise8 LEADS,291025 MY Daryl Movexercise8 LP-Ver2,291025 MY Daryl Movexercise8 LP-Ver2 Image 004,6.05,,6.0,138.0,134.0,43.84058,-,-,-
2025-11-23,2025-11-23,291025 MY Daryl Movexercise8 LEADS,291025 MY Daryl Movexercise8 LP-Ver2,291025 MY Daryl Movexercise8 LP-Ver2 Image 005,8.27,3.0,26.0,295.0,275.0,28.033898,-,-,-
2025-11-23,2025-11-23,291025 MY Daryl Movexercise8 LEADS,291025 MY Daryl Movexercise8 LP-Ver2,291025 MY Daryl Movexercise8 LP-Ver2 Video 003,41.93,5.0,79.0,2404.0,2347.0,17.441764,-,-,-
2025-11-23,2025-11-23,291025 MY Daryl Movexercise8 LEADS,291025 MY Daryl Movexercise8 LP-Ver2,291025 MY Daryl Movexercise8 LP-Ver2 Video 005,42.12,6.0,164.0,2115.0,1951.0,19.914894,-,-,-
2025-11-24,2025-11-24,291025 MY Daryl Movexercise8 LEADS,291025 MY Daryl Movexercise8 LP-Ver1,291025 MY Daryl M8 LP-Ver1 Video 005,2.51,1.0,5.0,83.0,83.0,30.240964,-,-,-
2025-11-24,2025-11-24,291025 MY Daryl Movexercise8 LEADS,291025 MY Daryl Movexercise8 LP-Ver1,291025 MY Daryl Movexercise8 LP-Ver1 Image 003,0.05,,2.0,9.0,9.0,5.555556,-,-,-
2025-11-24,2025-11-24,291025 MY Daryl Movexercise8 LEADS,291025 MY Daryl Movexercise8 LP-Ver1,291025 MY Daryl Movexercise8 LP-Ver1 Image 004,0.0,,0.0,1.0,1.0,0.0,-,-,-
2025-11-24,2025-11-24,291025 MY Daryl Movexercise8 LEADS,291025 MY Daryl Movexercise8 LP-Ver1,291025 MY Daryl Movexercise8 LP-Ver1 Image 005,6.26,2.0,19.0,448.0,412.0,13.973214,-,-,-
2025-11-24,2025-11-24,291025 MY Daryl Movexercise8 LEADS,291025 MY Daryl Movexercise8 LP-Ver1,291025 MY Daryl Movexercise8 LP-Ver1 Video 003,142.8,35.0,402.0,10152.0,9346.0,14.066194,-,-,-
2025-11-24,2025-11-24,291025 MY Daryl Movexercise8 LEADS,291025 MY Daryl Movexercise8 LP-Ver2,291025 MY Daryl Movexercise8 LP-Ver2 Image 003,2.08,,7.0,141.0,130.0,14.751773,-,-,-
2025-11-24,2025-11-24,291025 MY Daryl Movexercise8 LEADS,291025 MY Daryl Movexercise8 LP-Ver2,291025 MY Daryl Movexercise8 LP-Ver2 Image 004,0.62,,0.0,12.0,11.0,51.666667,-,-,-
2025-11-24,2025-11-24,291025 MY Daryl Movexercise8 LEADS,291025 MY Daryl Movexercise8 LP-Ver2,291025 MY Daryl Movexercise8 LP-Ver2 Image 005,0.46,,1.0,31.0,30.0,14.83871,-,-,-
2025-11-24,2025-11-24,291025 MY Daryl Movexercise8 LEADS,291025 MY Daryl Movexercise8 LP-Ver2,291025 MY Daryl Movexercise8 LP-Ver2 Video 003,102.96,26.0,179.0,5382.0,5223.0,19.130435,-,-,-
2025-11-24,2025-11-24,291025 MY Daryl Movexercise8 LEADS,291025 MY Daryl Movexercise8 LP-Ver2,291025 MY Daryl Movexercise8 LP-Ver2 Video 005,39.28,12.0,175.0,2031.0,1955.0,19.340226,-,-,-
2025-11-25,2025-11-25,291025 MY Daryl Movexercise8 LEADS,291025 MY Daryl Movexercise8 LP-Ver1,291025 MY Daryl M8 LP-Ver1 Video 005,0.56,,4.0,15.0,15.0,37.333333,-,-,-
2025-11-25,2025-11-25,291025 MY Daryl Movexercise8 LEADS,291025 MY Daryl Movexercise8 LP-Ver1,291025 MY Daryl Movexercise8 LP-Ver1 Image 004,0.1,,3.0,7.0,7.0,14.285714,-,-,-
2025-11-25,2025-11-25,291025 MY Daryl Movexercise8 LEADS,291025 MY Daryl Movexercise8 LP-Ver1,291025 MY Daryl Movexercise8 LP-Ver1 Image 005,7.27,,18.0,518.0,499.0,14.034749,-,-,-
2025-11-25,2025-11-25,291025 MY Daryl Movexercise8 LEADS,291025 MY Daryl Movexercise8 LP-Ver1,291025 MY Daryl Movexercise8 LP-Ver1 Video 003,144.18,23.0,307.0,11230.0,10600.0,12.838825,-,-,-
2025-11-25,2025-11-25,291025 MY Daryl Movexercise8 LEADS,291025 MY Daryl Movexercise8 LP-Ver2,291025 MY Daryl Movexercise8 LP-Ver2 Image 003,2.26,,5.0,113.0,105.0,20.0,-,-,-
2025-11-25,2025-11-25,291025 MY Daryl Movexercise8 LEADS,291025 MY Daryl Movexercise8 LP-Ver2,291025 MY Daryl Movexercise8 LP-Ver2 Image 004,0.07,,0.0,8.0,7.0,8.75,-,-,-
2025-11-25,2025-11-25,291025 MY Daryl Movexercise8 LEADS,291025 MY Daryl Movexercise8 LP-Ver2,291025 MY Daryl Movexercise8 LP-Ver2 Image 005,0.07,,0.0,10.0,10.0,7.0,-,-,-
2025-11-25,2025-11-25,291025 MY Daryl Movexercise8 LEADS,291025 MY Daryl Movexercise8 LP-Ver2,291025 MY Daryl Movexercise8 LP-Ver2 Video 003,104.29,22.0,165.0,6346.0,6210.0,16.433974,-,-,-
2025-11-25,2025-11-25,291025 MY Daryl Movexercise8 LEADS,291025 MY Daryl Movexercise8 LP-Ver2,291025 MY Daryl Movexercise8 LP-Ver2 Video 005,20.52,2.0,65.0,1073.0,1005.0,19.123952,-,-,-
2025-11-26,2025-11-26,291025 MY Daryl Movexercise8 LEADS,291025 MY Daryl Movexercise8 LP-Ver1,291025 MY Daryl M8 LP-Ver1 Video 005,0.36,,2.0,18.0,18.0,20.0,-,-,-
2025-11-26,2025-11-26,291025 MY Daryl Movexercise8 LEADS,291025 MY Daryl Movexercise8 LP-Ver1,291025 MY Daryl Movexercise8 LP-Ver1 Image 003,0.29,,0.0,22.0,21.0,13.181818,-,-,-
2025-11-26,2025-11-26,291025 MY Daryl Movexercise8 LEADS,291025 MY Daryl Movexercise8 LP-Ver1,291025 MY Daryl Movexercise8 LP-Ver1 Image 004,0.28,,0.0,13.0,13.0,21.538462,-,-,-
2025-11-26,2025-11-26,291025 MY Daryl Movexercise8 LEADS,291025 MY Daryl Movexercise8 LP-Ver1,291025 MY Daryl Movexercise8 LP-Ver1 Image 005,9.46,1.0,39.0,586.0,559.0,16.143345,-,-,-
2025-11-26,2025-11-26,291025 MY Daryl Movexercise8 LEADS,291025 MY Daryl Movexercise8 LP-Ver1,291025 MY Daryl Movexercise8 LP-Ver1 Video 003,139.4,27.0,393.0,12159.0,11524.0,11.464759,-,-,-
2025-11-26,2025-11-26,291025 MY Daryl Movexercise8 LEADS,291025 MY Daryl Movexercise8 LP-Ver2,291025 MY Daryl Movexercise8 LP-Ver2 Image 003,2.87,,8.0,166.0,143.0,17.289157,-,-,-
2025-11-26,2025-11-26,291025 MY Daryl Movexercise8 LEADS,291025 MY Daryl Movexercise8 LP-Ver2,291025 MY Daryl Movexercise8 LP-Ver2 Image 004,0.29,,0.0,21.0,19.0,13.809524,-,-,-
2025-11-26,2025-11-26,291025 MY Daryl Movexercise8 LEADS,291025 MY Daryl Movexercise8 LP-Ver2,291025 MY Daryl Movexercise8 LP-Ver2 Image 005,0.63,,1.0,14.0,13.0,45.0,-,-,-
2025-11-26,2025-11-26,291025 MY Daryl Movexercise8 LEADS,291025 MY Daryl Movexercise8 LP-Ver2,291025 MY Daryl Movexercise8 LP-Ver2 Video 003,105.26,18.0,210.0,6710.0,6182.0,15.687034,-,-,-
2025-11-26,2025-11-26,291025 MY Daryl Movexercise8 LEADS,291025 MY Daryl Movexercise8 LP-Ver2,291025 MY Daryl Movexercise8 LP-Ver2 Video 005,18.42,6.0,72.0,1033.0,948.0,17.831559,-,-,-
2025-11-27,2025-11-27,291025 MY Daryl Movexercise8 LEADS,291025 MY Daryl Movexercise8 LP-Ver1,291025 MY Daryl M8 LP-Ver1 Video 005,1.69,,1.0,112.0,111.0,15.089286,-,-,-
2025-11-27,2025-11-27,291025 MY Daryl Movexercise8 LEADS,291025 MY Daryl Movexercise8 LP-Ver1,291025 MY Daryl Movexercise8 LP-Ver1 Image 003,0.03,,0.0,5.0,5.0,6.0,-,-,-
2025-11-27,2025-11-27,291025 MY Daryl Movexercise8 LEADS,291025 MY Daryl Movexercise8 LP-Ver1,291025 MY Daryl Movexercise8 LP-Ver1 Image 004,0.14,,0.0,14.0,14.0,10.0,-,-,-
2025-11-27,2025-11-27,291025 MY Daryl Movexercise8 LEADS,291025 MY Daryl Movexercise8 LP-Ver1,291025 MY Daryl Movexercise8 LP-Ver1 Image 005,7.39,,16.0,474.0,445.0,15.590717,-,-,-
2025-11-27,2025-11-27,291025 MY Daryl Movexercise8 LEADS,291025 MY Daryl Movexercise8 LP-Ver1,291025 MY Daryl Movexercise8 LP-Ver1 Video 003,142.43,33.0,383.0,11709.0,10870.0,12.164147,-,-,-
2025-11-27,2025-11-27,291025 MY Daryl Movexercise8 LEADS,291025 MY Daryl Movexercise8 LP-Ver2,291025 MY Daryl Movexercise8 LP-Ver2 Image 003,2.47,,5.0,142.0,115.0,17.394366,-,-,-
2025-11-27,2025-11-27,291025 MY Daryl Movexercise8 LEADS,291025 MY Daryl Movexercise8 LP-Ver2,291025 MY Daryl Movexercise8 LP-Ver2 Image 004,0.63,,0.0,9.0,8.0,70.0,-,-,-
2025-11-27,2025-11-27,291025 MY Daryl Movexercise8 LEADS,291025 MY Daryl Movexercise8 LP-Ver2,291025 MY Daryl Movexercise8 LP-Ver2 Video 003,79.38,10.0,155.0,5310.0,5094.0,14.949153,-,-,-
2025-11-27,2025-11-27,291025 MY Daryl Movexercise8 LEADS,291025 MY Daryl Movexercise8 LP-Ver2,291025 MY Daryl Movexercise8 LP-Ver2 Video 005,35.19,8.0,146.0,1826.0,1673.0,19.271632,-,-,-
2025-11-28,2025-11-28,291025 MY Daryl Movexercise8 LEADS,291025 MY Daryl Movexercise8 LP-Ver1,291025 MY Daryl Movexercise8 LP-Ver1 Image 004,0.03,,0.0,5.0,2.0,6.0,-,-,-
2025-11-28,2025-11-28,291025 MY Daryl Movexercise8 LEADS,291025 MY Daryl Movexercise8 LP-Ver1,291025 MY Daryl Movexercise8 LP-Ver1 Image 005,8.09,,22.0,400.0,360.0,20.225,-,-,-
2025-11-28,2025-11-28,291025 MY Daryl Movexercise8 LEADS,291025 MY Daryl Movexercise8 LP-Ver1,291025 MY Daryl Movexercise8 LP-Ver1 Video 003,132.04,23.0,285.0,10156.0,9488.0,13.001182,-,-,-
2025-11-28,2025-11-28,291025 MY Daryl Movexercise8 LEADS,291025 MY Daryl Movexercise8 LP-Ver2,291025 MY Daryl Movexercise8 LP-Ver2 Image 003,2.73,1.0,3.0,104.0,95.0,26.25,-,-,-
2025-11-28,2025-11-28,291025 MY Daryl Movexercise8 LEADS,291025 MY Daryl Movexercise8 LP-Ver2,291025 MY Daryl Movexercise8 LP-Ver2 Image 004,0.05,,0.0,4.0,4.0,12.5,-,-,-
2025-11-28,2025-11-28,291025 MY Daryl Movexercise8 LEADS,291025 MY Daryl Movexercise8 LP-Ver2,291025 MY Daryl Movexercise8 LP-Ver2 Image 005,0.05,1.0,1.0,6.0,6.0,8.333333,-,-,-
2025-11-28,2025-11-28,291025 MY Daryl Movexercise8 LEADS,291025 MY Daryl Movexercise8 LP-Ver2,291025 MY Daryl Movexercise8 LP-Ver2 Video 003,76.46,7.0,118.0,4442.0,4341.0,17.212967,-,-,-
2025-11-28,2025-11-28,291025 MY Daryl Movexercise8 LEADS,291025 MY Daryl Movexercise8 LP-Ver2,291025 MY Daryl Movexercise8 LP-Ver2 Video 005,51.12,6.0,140.0,2396.0,2245.0,21.335559,-,-,-
2025-11-29,2025-11-29,291025 MY Daryl Movexercise8 LEADS,291025 MY Daryl Movexercise8 LP-Ver1,291025 MY Daryl M8 LP-Ver1 Video 005,3.05,,6.0,138.0,134.0,22.101449,-,-,-
2025-11-29,2025-11-29,291025 MY Daryl Movexercise8 LEADS,291025 MY Daryl Movexercise8 LP-Ver1,291025 MY Daryl Movexercise8 LP-Ver1 Image 003,0.07,,0.0,8.0,8.0,8.75,-,-,-
2025-11-29,2025-11-29,291025 MY Daryl Movexercise8 LEADS,291025 MY Daryl Movexercise8 LP-Ver1,291025 MY Daryl Movexercise8 LP-Ver1 Image 004,0.12,,0.0,7.0,7.0,17.142857,-,-,-
2025-11-29,2025-11-29,291025 MY Daryl Movexercise8 LEADS,291025 MY Daryl Movexercise8 LP-Ver1,291025 MY Daryl Movexercise8 LP-Ver1 Image 005,8.23,2.0,26.0,515.0,499.0,15.980583,-,-,-
2025-11-29,2025-11-29,291025 MY Daryl Movexercise8 LEADS,291025 MY Daryl Movexercise8 LP-Ver1,291025 MY Daryl Movexercise8 LP-Ver1 Video 003,165.77,28.0,426.0,13316.0,12522.0,12.448934,-,-,-
2025-11-29,2025-11-29,291025 MY Daryl Movexercise8 LEADS,291025 MY Daryl Movexercise8 LP-Ver2,291025 MY Daryl Movexercise8 LP-Ver2 Image 003,2.66,,6.0,106.0,99.0,25.09434,-,-,-
2025-11-29,2025-11-29,291025 MY Daryl Movexercise8 LEADS,291025 MY Daryl Movexercise8 LP-Ver2,291025 MY Daryl Movexercise8 LP-Ver2 Image 004,0.14,,0.0,14.0,14.0,10.0,-,-,-
2025-11-29,2025-11-29,291025 MY Daryl Movexercise8 LEADS,291025 MY Daryl Movexercise8 LP-Ver2,291025 MY Daryl Movexercise8 LP-Ver2 Video 003,91.14,16.0,149.0,5283.0,5086.0,17.251562,-,-,-
2025-11-29,2025-11-29,291025 MY Daryl Movexercise8 LEADS,291025 MY Daryl Movexercise8 LP-Ver2,291025 MY Daryl Movexercise8 LP-Ver2 Video 005,56.53,8.0,144.0,2298.0,2212.0,24.599652,-,-,-
2025-11-30,2025-11-30,291025 MY Daryl Movexercise8 LEADS,291025 MY Daryl Movexercise8 LP-Ver1,291025 MY Daryl M8 LP-Ver1 Video 005,0.03,,0.0,5.0,5.0,6.0,-,-,-
2025-11-30,2025-11-30,291025 MY Daryl Movexercise8 LEADS,291025 MY Daryl Movexercise8 LP-Ver1,291025 MY Daryl Movexercise8 LP-Ver1 Image 004,0.02,,0.0,1.0,1.0,20.0,-,-,-
2025-11-30,2025-11-30,291025 MY Daryl Movexercise8 LEADS,291025 MY Daryl Movexercise8 LP-Ver1,291025 MY Daryl Movexercise8 LP-Ver1 Image 005,8.23,2.0,29.0,618.0,575.0,13.317152,-,-,-
2025-11-30,2025-11-30,291025 MY Daryl Movexercise8 LEADS,291025 MY Daryl Movexercise8 LP-Ver1,291025 MY Daryl Movexercise8 LP-Ver1 Video 003,186.34,27.0,462.0,16778.0,16180.0,11.106211,-,-,-
2025-11-30,2025-11-30,291025 MY Daryl Movexercise8 LEADS,291025 MY Daryl Movexercise8 LP-Ver2,291025 MY Daryl Movexercise8 LP-Ver2 Image 003,24.14,,21.0,793.0,759.0,30.441362,-,-,-
2025-11-30,2025-11-30,291025 MY Daryl Movexercise8 LEADS,291025 MY Daryl Movexercise8 LP-Ver2,291025 MY Daryl Movexercise8 LP-Ver2 Image 004,0.83,,2.0,28.0,22.0,29.642857,-,-,-
2025-11-30,2025-11-30,291025 MY Daryl Movexercise8 LEADS,291025 MY Daryl Movexercise8 LP-Ver2,291025 MY Daryl Movexercise8 LP-Ver2 Image 005,0.28,,2.0,11.0,11.0,25.454545,-,-,-
2025-11-30,2025-11-30,291025 MY Daryl Movexercise8 LEADS,291025 MY Daryl Movexercise8 LP-Ver2,291025 MY Daryl Movexercise8 LP-Ver2 Video 003,116.69,10.0,162.0,7511.0,7280.0,15.535881,-,-,-
2025-11-30,2025-11-30,291025 MY Daryl Movexercise8 LEADS,291025 MY Daryl Movexercise8 LP-Ver2,291025 MY Daryl Movexercise8 LP-Ver2 Video 005,26.65,4.0,56.0,1441.0,1360.0,18.494101,-,-,-
2025-12-01,2025-12-01,291025 MY Daryl Movexercise8 LEADS,291025 MY Daryl Movexercise8 LP-Ver1,291025 MY Daryl M8 LP-Ver1 Video 005,0.08,,0.0,10.0,10.0,8.0,-,-,-
2025-12-01,2025-12-01,291025 MY Daryl Movexercise8 LEADS,291025 MY Daryl Movexercise8 LP-Ver1,291025 MY Daryl Movexercise8 LP-Ver1 Image 003,0.3,,0.0,22.0,21.0,13.636364,-,-,-
2025-12-01,2025-12-01,291025 MY Daryl Movexercise8 LEADS,291025 MY Daryl Movexercise8 LP-Ver1,291025 MY Daryl Movexercise8 LP-Ver1 Image 004,0.02,,0.0,4.0,3.0,5.0,-,-,-
2025-12-01,2025-12-01,291025 MY Daryl Movexercise8 LEADS,291025 MY Daryl Movexercise8 LP-Ver1,291025 MY Daryl Movexercise8 LP-Ver1 Image 005,10.63,,26.0,836.0,791.0,12.715311,-,-,-
2025-12-01,2025-12-01,291025 MY Daryl Movexercise8 LEADS,291025 MY Daryl Movexercise8 LP-Ver1,291025 MY Daryl Movexercise8 LP-Ver1 Video 003,162.15,25.0,417.0,16007.0,14874.0,10.129943,-,-,-
2025-12-01,2025-12-01,291025 MY Daryl Movexercise8 LEADS,291025 MY Daryl Movexercise8 LP-Ver2,291025 MY Daryl Movexercise8 LP-Ver2 Image 003,1.95,,7.0,140.0,135.0,13.928571,-,-,-
2025-12-01,2025-12-01,291025 MY Daryl Movexercise8 LEADS,291025 MY Daryl Movexercise8 LP-Ver2,291025 MY Daryl Movexercise8 LP-Ver2 Image 004,0.04,,1.0,5.0,5.0,8.0,-,-,-
2025-12-01,2025-12-01,291025 MY Daryl Movexercise8 LEADS,291025 MY Daryl Movexercise8 LP-Ver2,291025 MY Daryl Movexercise8 LP-Ver2 Image 005,0.34,,5.0,19.0,18.0,17.894737,-,-,-
2025-12-01,2025-12-01,291025 MY Daryl Movexercise8 LEADS,291025 MY Daryl Movexercise8 LP-Ver2,291025 MY Daryl Movexercise8 LP-Ver2 Video 003,114.76,18.0,218.0,7777.0,7485.0,14.756333,-,-,-
2025-12-01,2025-12-01,291025 MY Daryl Movexercise8 LEADS,291025 MY Daryl Movexercise8 LP-Ver2,291025 MY Daryl Movexercise8 LP-Ver2 Video 005,48.05,10.0,133.0,2757.0,2620.0,17.428364,-,-,-
2025-12-02,2025-12-02,291025 MY Daryl Movexercise8 LEADS,291025 MY Daryl Movexercise8 LP-Ver1,291025 MY Daryl M8 LP-Ver1 Video 005,0.22,,0.0,19.0,18.0,11.578947,-,-,-
2025-12-02,2025-12-02,291025 MY Daryl Movexercise8 LEADS,291025 MY Daryl Movexercise8 LP-Ver1,291025 MY Daryl Movexercise8 LP-Ver1 Image 003,0.01,,0.0,1.0,1.0,10.0,-,-,-
2025-12-02,2025-12-02,291025 MY Daryl Movexercise8 LEADS,291025 MY Daryl Movexercise8 LP-Ver1,291025 MY Daryl Movexercise8 LP-Ver1 Image 004,0.04,,0.0,7.0,7.0,5.714286,-,-,-
2025-12-02,2025-12-02,291025 MY Daryl Movexercise8 LEADS,291025 MY Daryl Movexercise8 LP-Ver1,291025 MY Daryl Movexercise8 LP-Ver1 Image 005,18.94,,62.0,1410.0,1324.0,13.432624,-,-,-
2025-12-02,2025-12-02,291025 MY Daryl Movexercise8 LEADS,291025 MY Daryl Movexercise8 LP-Ver1,291025 MY Daryl Movexercise8 LP-Ver1 Video 003,161.21,19.0,398.0,15507.0,14562.0,10.39595,-,-,-
2025-12-02,2025-12-02,291025 MY Daryl Movexercise8 LEADS,291025 MY Daryl Movexercise8 LP-Ver2,291025 MY Daryl Movexercise8 LP-Ver2 Image 003,2.63,,12.0,184.0,156.0,14.293478,-,-,-
2025-12-02,2025-12-02,291025 MY Daryl Movexercise8 LEADS,291025 MY Daryl Movexercise8 LP-Ver2,291025 MY Daryl Movexercise8 LP-Ver2 Image 004,0.04,,0.0,5.0,5.0,8.0,-,-,-
2025-12-02,2025-12-02,291025 MY Daryl Movexercise8 LEADS,291025 MY Daryl Movexercise8 LP-Ver2,291025 MY Daryl Movexercise8 LP-Ver2 Video 003,92.2,8.0,140.0,5547.0,5273.0,16.621597,-,-,-
2025-12-02,2025-12-02,291025 MY Daryl Movexercise8 LEADS,291025 MY Daryl Movexercise8 LP-Ver2,291025 MY Daryl Movexercise8 LP-Ver2 Video 005,65.19,10.0,184.0,3645.0,3338.0,17.884774,-,-,-
2025-12-03,2025-12-03,291025 MY Daryl Movexercise8 LEADS,291025 MY Daryl Movexercise8 LP-Ver1,291025 MY Daryl Movexercise8 LP-Ver1 Image 003,0.01,,0.0,2.0,2.0,5.0,-,-,-
2025-12-03,2025-12-03,291025 MY Daryl Movexercise8 LEADS,291025 MY Daryl Movexercise8 LP-Ver1,291025 MY Daryl Movexercise8 LP-Ver1 Image 004,0.05,,0.0,6.0,5.0,8.333333,-,-,-
2025-12-03,2025-12-03,291025 MY Daryl Movexercise8 LEADS,291025 MY Daryl Movexercise8 LP-Ver1,291025 MY Daryl Movexercise8 LP-Ver1 Image 005,14.64,1.0,43.0,1108.0,1046.0,13.212996,-,-,-
2025-12-03,2025-12-03,291025 MY Daryl Movexercise8 LEADS,291025 MY Daryl Movexercise8 LP-Ver1,291025 MY Daryl Movexercise8 LP-Ver1 Video 003,161.94,24.0,356.0,14535.0,13826.0,11.141383,-,-,-
2025-12-03,2025-12-03,291025 MY Daryl Movexercise8 LEADS,291025 MY Daryl Movexercise8 LP-Ver2,291025 MY Daryl Movexercise8 LP-Ver2 Image 003,2.08,,4.0,146.0,135.0,14.246575,-,-,-
2025-12-03,2025-12-03,291025 MY Daryl Movexercise8 LEADS,291025 MY Daryl Movexercise8 LP-Ver2,291025 MY Daryl Movexercise8 LP-Ver2 Image 004,0.04,,0.0,6.0,5.0,6.666667,-,-,-
2025-12-03,2025-12-03,291025 MY Daryl Movexercise8 LEADS,291025 MY Daryl Movexercise8 LP-Ver2,291025 MY Daryl Movexercise8 LP-Ver2 Image 005,0.96,,3.0,32.0,29.0,30.0,-,-,-
2025-12-03,2025-12-03,291025 MY Daryl Movexercise8 LEADS,291025 MY Daryl Movexercise8 LP-Ver2,291025 MY Daryl Movexercise8 LP-Ver2 Video 003,63.3,9.0,108.0,4023.0,3917.0,15.734526,-,-,-
2025-12-03,2025-12-03,291025 MY Daryl Movexercise8 LEADS,291025 MY Daryl Movexercise8 LP-Ver2,291025 MY Daryl Movexercise8 LP-Ver2 Video 005,87.9,6.0,226.0,5271.0,4812.0,16.676153,-,-,-
2025-12-04,2025-12-04,291025 MY Daryl Movexercise8 LEADS,291025 MY Daryl Movexercise8 LP-Ver1,291025 MY Daryl M8 LP-Ver1 Video 005,0.57,,0.0,39.0,39.0,14.615385,-,-,-
2025-12-04,2025-12-04,291025 MY Daryl Movexercise8 LEADS,291025 MY Daryl Movexercise8 LP-Ver1,291025 MY Daryl Movexercise8 LP-Ver1 Image 003,0.09,,0.0,9.0,9.0,10.0,-,-,-
2025-12-04,2025-12-04,291025 MY Daryl Movexercise8 LEADS,291025 MY Daryl Movexercise8 LP-Ver1,291025 MY Daryl Movexercise8 LP-Ver1 Image 004,0.07,,1.0,10.0,9.0,7.0,-,-,-
2025-12-04,2025-12-04,291025 MY Daryl Movexercise8 LEADS,291025 MY Daryl Movexercise8 LP-Ver1,291025 MY Daryl Movexercise8 LP-Ver1 Image 005,11.75,,42.0,861.0,822.0,13.646922,-,-,-
2025-12-04,2025-12-04,291025 MY Daryl Movexercise8 LEADS,291025 MY Daryl Movexercise8 LP-Ver1,291025 MY Daryl Movexercise8 LP-Ver1 Video 003,98.21,14.0,194.0,8372.0,8334.0,11.730769,-,-,-
2025-12-04,2025-12-04,291025 MY Daryl Movexercise8 LEADS,291025 MY Daryl Movexercise8 LP-Ver2,291025 MY Daryl Movexercise8 LP-Ver2 Image 003,1.52,1.0,6.0,107.0,96.0,14.205607,-,-,-
2025-12-04,2025-12-04,291025 MY Daryl Movexercise8 LEADS,291025 MY Daryl Movexercise8 LP-Ver2,291025 MY Daryl Movexercise8 LP-Ver2 Image 004,0.11,,2.0,8.0,8.0,13.75,-,-,-
2025-12-04,2025-12-04,291025 MY Daryl Movexercise8 LEADS,291025 MY Daryl Movexercise8 LP-Ver2,291025 MY Daryl Movexercise8 LP-Ver2 Video 003,52.24,5.0,81.0,2950.0,2864.0,17.708475,-,-,-
2025-12-04,2025-12-04,291025 MY Daryl Movexercise8 LEADS,291025 MY Daryl Movexercise8 LP-Ver2,291025 MY Daryl Movexercise8 LP-Ver2 Video 005,52.6,13.0,130.0,2916.0,2725.0,18.038409,-,-,-
2025-12-05,2025-12-05,291025 MY Daryl Movexercise8 LEADS,291025 MY Daryl Movexercise8 LP-Ver1,051225 MY Daryl Movexercise8 LP-Ver1 Video 002,0.19,,2.0,19.0,19.0,10.0,-,-,-
2025-12-05,2025-12-05,291025 MY Daryl Movexercise8 LEADS,291025 MY Daryl Movexercise8 LP-Ver2,051225 MY Daryl Movexercise8 LP-Ver2 Video 001,0.24,,0.0,27.0,27.0,8.888889,-,-,-
2025-12-05,2025-12-05,291025 MY Daryl Movexercise8 LEADS,291025 MY Daryl Movexercise8 LP-Ver1,291025 MY Daryl M8 LP-Ver1 Video 005,2.02,,0.0,30.0,30.0,67.333333,-,-,-
2025-12-05,2025-12-05,291025 MY Daryl Movexercise8 LEADS,291025 MY Daryl Movexercise8 LP-Ver1,291025 MY Daryl Movexercise8 LP-Ver1 Image 004,4.63,,0.0,57.0,53.0,81.22807,-,-,-
2025-12-05,2025-12-05,291025 MY Daryl Movexercise8 LEADS,291025 MY Daryl Movexercise8 LP-Ver1,291025 MY Daryl Movexercise8 LP-Ver1 Image 005,25.17,,43.0,1428.0,1330.0,17.62605,-,-,-
2025-12-05,2025-12-05,291025 MY Daryl Movexercise8 LEADS,291025 MY Daryl Movexercise8 LP-Ver1,291025 MY Daryl Movexercise8 LP-Ver1 Video 003,164.25,13.0,257.0,12495.0,12322.0,13.145258,-,-,-
2025-12-05,2025-12-05,291025 MY Daryl Movexercise8 LEADS,291025 MY Daryl Movexercise8 LP-Ver2,291025 MY Daryl Movexercise8 LP-Ver2 Image 003,6.48,2.0,14.0,270.0,239.0,24.0,-,-,-
2025-12-05,2025-12-05,291025 MY Daryl Movexercise8 LEADS,291025 MY Daryl Movexercise8 LP-Ver2,291025 MY Daryl Movexercise8 LP-Ver2 Image 004,0.66,,5.0,18.0,17.0,36.666667,-,-,-
2025-12-05,2025-12-05,291025 MY Daryl Movexercise8 LEADS,291025 MY Daryl Movexercise8 LP-Ver2,291025 MY Daryl Movexercise8 LP-Ver2 Image 005,0.76,,4.0,48.0,47.0,15.833333,-,-,-
2025-12-05,2025-12-05,291025 MY Daryl Movexercise8 LEADS,291025 MY Daryl Movexercise8 LP-Ver2,291025 MY Daryl Movexercise8 LP-Ver2 Video 003,100.71,6.0,133.0,5753.0,5629.0,17.505649,-,-,-
2025-12-05,2025-12-05,291025 MY Daryl Movexercise8 LEADS,291025 MY Daryl Movexercise8 LP-Ver2,291025 MY Daryl Movexercise8 LP-Ver2 Video 005,108.24,9.0,236.0,4842.0,4659.0,22.354399,-,-,-
2025-12-06,2025-12-06,291025 MY Daryl Movexercise8 LEADS,291025 MY Daryl Movexercise8 LP-Ver1,051225 MY Daryl Movexercise8 LP-Ver1 Video 002,3.64,,13.0,194.0,181.0,18.762887,-,-,-
2025-12-06,2025-12-06,291025 MY Daryl Movexercise8 LEADS,291025 MY Daryl Movexercise8 LP-Ver2,051225 MY Daryl Movexercise8 LP-Ver2 Video 001,3.19,,8.0,149.0,136.0,21.409396,-,-,-
2025-12-06,2025-12-06,291025 MY Daryl Movexercise8 LEADS,291025 MY Daryl Movexercise8 LP-Ver1,291025 MY Daryl M8 LP-Ver1 Video 005,0.62,,0.0,22.0,22.0,28.181818,-,-,-
2025-12-06,2025-12-06,291025 MY Daryl Movexercise8 LEADS,291025 MY Daryl Movexercise8 LP-Ver1,291025 MY Daryl Movexercise8 LP-Ver1 Image 003,1.61,,0.0,29.0,29.0,55.517241,-,-,-
2025-12-06,2025-12-06,291025 MY Daryl Movexercise8 LEADS,291025 MY Daryl Movexercise8 LP-Ver1,291025 MY Daryl Movexercise8 LP-Ver1 Image 004,1.8,,3.0,87.0,79.0,20.689655,-,-,-
2025-12-06,2025-12-06,291025 MY Daryl Movexercise8 LEADS,291025 MY Daryl Movexercise8 LP-Ver1,291025 MY Daryl Movexercise8 LP-Ver1 Video 003,178.87,18.0,225.0,9970.0,9855.0,17.940822,-,-,-
2025-12-06,2025-12-06,291025 MY Daryl Movexercise8 LEADS,291025 MY Daryl Movexercise8 LP-Ver2,291025 MY Daryl Movexercise8 LP-Ver2 Image 003,4.22,1.0,9.0,239.0,214.0,17.656904,-,-,-
2025-12-06,2025-12-06,291025 MY Daryl Movexercise8 LEADS,291025 MY Daryl Movexercise8 LP-Ver2,291025 MY Daryl Movexercise8 LP-Ver2 Image 004,0.28,,1.0,14.0,14.0,20.0,-,-,-
2025-12-06,2025-12-06,291025 MY Daryl Movexercise8 LEADS,291025 MY Daryl Movexercise8 LP-Ver2,291025 MY Daryl Movexercise8 LP-Ver2 Image 005,0.81,,1.0,46.0,43.0,17.608696,-,-,-
2025-12-06,2025-12-06,291025 MY Daryl Movexercise8 LEADS,291025 MY Daryl Movexercise8 LP-Ver2,291025 MY Daryl Movexercise8 LP-Ver2 Video 003,75.93,10.0,89.0,3355.0,3139.0,22.631893,-,-,-
2025-12-06,2025-12-06,291025 MY Daryl Movexercise8 LEADS,291025 MY Daryl Movexercise8 LP-Ver2,291025 MY Daryl Movexercise8 LP-Ver2 Video 005,95.48,13.0,212.0,3585.0,3374.0,26.633194,-,-,-
2025-12-07,2025-12-07,291025 MY Daryl Movexercise8 LEADS,291025 MY Daryl Movexercise8 LP-Ver2,051225 MY Daryl Movexercise8 LP-Ver2 Video 001,1.08,,4.0,65.0,64.0,16.615385,-,-,-
2025-12-07,2025-12-07,291025 MY Daryl Movexercise8 LEADS,291025 MY Daryl Movexercise8 LP-Ver1,291025 MY Daryl M8 LP-Ver1 Video 005,1.36,,0.0,48.0,48.0,28.333333,-,-,-
2025-12-07,2025-12-07,291025 MY Daryl Movexercise8 LEADS,291025 MY Daryl Movexercise8 LP-Ver1,291025 MY Daryl Movexercise8 LP-Ver1 Image 003,0.51,,1.0,25.0,24.0,20.4,-,-,-
2025-12-07,2025-12-07,291025 MY Daryl Movexercise8 LEADS,291025 MY Daryl Movexercise8 LP-Ver1,291025 MY Daryl Movexercise8 LP-Ver1 Image 004,1.67,,0.0,78.0,67.0,21.410256,-,-,-
2025-12-07,2025-12-07,291025 MY Daryl Movexercise8 LEADS,291025 MY Daryl Movexercise8 LP-Ver1,291025 MY Daryl Movexercise8 LP-Ver1 Video 003,180.86,25.0,326.0,11620.0,11386.0,15.564544,-,-,-
2025-12-07,2025-12-07,291025 MY Daryl Movexercise8 LEADS,291025 MY Daryl Movexercise8 LP-Ver2,291025 MY Daryl Movexercise8 LP-Ver2 Image 003,8.43,2.0,16.0,543.0,474.0,15.524862,-,-,-
2025-12-07,2025-12-07,291025 MY Daryl Movexercise8 LEADS,291025 MY Daryl Movexercise8 LP-Ver2,291025 MY Daryl Movexercise8 LP-Ver2 Image 004,0.22,,0.0,12.0,11.0,18.333333,-,-,-
2025-12-07,2025-12-07,291025 MY Daryl Movexercise8 LEADS,291025 MY Daryl Movexercise8 LP-Ver2,291025 MY Daryl Movexercise8 LP-Ver2 Video 003,81.25,11.0,116.0,3843.0,3712.0,21.142337,-,-,-
2025-12-07,2025-12-07,291025 MY Daryl Movexercise8 LEADS,291025 MY Daryl Movexercise8 LP-Ver2,291025 MY Daryl Movexercise8 LP-Ver2 Video 005,140.02,13.0,333.0,6000.0,5745.0,23.336667,-,-,-
2025-12-08,2025-12-08,291025 MY Daryl Movexercise8 LEADS,291025 MY Daryl Movexercise8 LP-Ver1,051225 MY Daryl Movexercise8 LP-Ver1 Video 002,65.86,3.0,197.0,3618.0,3055.0,18.203427,-,-,-
2025-12-08,2025-12-08,291025 MY Daryl Movexercise8 LEADS,291025 MY Daryl Movexercise8 LP-Ver2,051225 MY Daryl Movexercise8 LP-Ver2 Video 001,27.42,6.0,62.0,1392.0,1225.0,19.698276,-,-,-
2025-12-08,2025-12-08,291025 MY Daryl Movexercise8 LEADS,291025 MY Daryl Movexercise8 LP-Ver1,291025 MY Daryl M8 LP-Ver1 Video 005,0.0,,0.0,2.0,2.0,0.0,-,-,-
2025-12-08,2025-12-08,291025 MY Daryl Movexercise8 LEADS,291025 MY Daryl Movexercise8 LP-Ver1,291025 MY Daryl Movexercise8 LP-Ver1 Image 003,1.11,,2.0,60.0,58.0,18.5,-,-,-
2025-12-08,2025-12-08,291025 MY Daryl Movexercise8 LEADS,291025 MY Daryl Movexercise8 LP-Ver1,291025 MY Daryl Movexercise8 LP-Ver1 Image 004,1.41,,1.0,43.0,41.0,32.790698,-,-,-
2025-12-08,2025-12-08,291025 MY Daryl Movexercise8 LEADS,291025 MY Daryl Movexercise8 LP-Ver1,291025 MY Daryl Movexercise8 LP-Ver1 Video 003,100.33,13.0,204.0,6198.0,6112.0,16.18748,-,-,-
2025-12-08,2025-12-08,291025 MY Daryl Movexercise8 LEADS,291025 MY Daryl Movexercise8 LP-Ver2,291025 MY Daryl Movexercise8 LP-Ver2 Image 003,3.13,1.0,8.0,183.0,168.0,17.103825,-,-,-
2025-12-08,2025-12-08,291025 MY Daryl Movexercise8 LEADS,291025 MY Daryl Movexercise8 LP-Ver2,291025 MY Daryl Movexercise8 LP-Ver2 Image 004,0.05,,0.0,4.0,4.0,12.5,-,-,-
2025-12-08,2025-12-08,291025 MY Daryl Movexercise8 LEADS,291025 MY Daryl Movexercise8 LP-Ver2,291025 MY Daryl Movexercise8 LP-Ver2 Image 005,1.55,,1.0,60.0,55.0,25.833333,-,-,-
2025-12-08,2025-12-08,291025 MY Daryl Movexercise8 LEADS,291025 MY Daryl Movexercise8 LP-Ver2,291025 MY Daryl Movexercise8 LP-Ver2 Video 003,35.93,2.0,42.0,1699.0,1628.0,21.147734,-,-,-
2025-12-08,2025-12-08,291025 MY Daryl Movexercise8 LEADS,291025 MY Daryl Movexercise8 LP-Ver2,291025 MY Daryl Movexercise8 LP-Ver2 Video 005,62.45,2.0,173.0,2961.0,2842.0,21.090848,-,-,-
2025-12-09,2025-12-09,291025 MY Daryl Movexercise8 LEADS,291025 MY Daryl Movexercise8 LP-Ver1,051225 MY Daryl Movexercise8 LP-Ver1 Video 002,78.62,11.0,261.0,4079.0,3719.0,19.274332,-,-,-
2025-12-09,2025-12-09,291025 MY Daryl Movexercise8 LEADS,291025 MY Daryl Movexercise8 LP-Ver2,051225 MY Daryl Movexercise8 LP-Ver2 Video 001,18.25,,28.0,841.0,750.0,21.700357,-,-,-
2025-12-09,2025-12-09,291025 MY Daryl Movexercise8 LEADS,291025 MY Daryl Movexercise8 LP-Ver1,291025 MY Daryl M8 LP-Ver1 Video 005,0.03,,0.0,4.0,4.0,7.5,-,-,-
2025-12-09,2025-12-09,291025 MY Daryl Movexercise8 LEADS,291025 MY Daryl Movexercise8 LP-Ver1,291025 MY Daryl Movexercise8 LP-Ver1 Image 003,0.65,,1.0,33.0,29.0,19.69697,-,-,-
2025-12-09,2025-12-09,291025 MY Daryl Movexercise8 LEADS,291025 MY Daryl Movexercise8 LP-Ver1,291025 MY Daryl Movexercise8 LP-Ver1 Image 004,0.06,,1.0,5.0,5.0,12.0,-,-,-
2025-12-09,2025-12-09,291025 MY Daryl Movexercise8 LEADS,291025 MY Daryl Movexercise8 LP-Ver1,291025 MY Daryl Movexercise8 LP-Ver1 Video 003,30.23,2.0,84.0,2337.0,2273.0,12.935387,-,-,-
2025-12-09,2025-12-09,291025 MY Daryl Movexercise8 LEADS,291025 MY Daryl Movexercise8 LP-Ver2,291025 MY Daryl Movexercise8 LP-Ver2 Image 003,6.29,1.0,16.0,325.0,277.0,19.353846,-,-,-
2025-12-09,2025-12-09,291025 MY Daryl Movexercise8 LEADS,291025 MY Daryl Movexercise8 LP-Ver2,291025 MY Daryl Movexercise8 LP-Ver2 Image 004,0.32,,0.0,10.0,7.0,32.0,-,-,-
2025-12-09,2025-12-09,291025 MY Daryl Movexercise8 LEADS,291025 MY Daryl Movexercise8 LP-Ver2,291025 MY Daryl Movexercise8 LP-Ver2 Video 003,27.31,,57.0,1245.0,1191.0,21.935743,-,-,-
2025-12-09,2025-12-09,291025 MY Daryl Movexercise8 LEADS,291025 MY Daryl Movexercise8 LP-Ver2,291025 MY Daryl Movexercise8 LP-Ver2 Video 005,38.59,1.0,114.0,1528.0,1398.0,25.255236,-,-,-
2025-12-10,2025-12-10,291025 MY Daryl Movexercise8 LEADS,291025 MY Daryl Movexercise8 LP-Ver1,051225 MY Daryl Movexercise8 LP-Ver1 Video 002,24.88,1.0,91.0,1120.0,1039.0,22.214286,-,-,-
2025-12-10,2025-12-10,291025 MY Daryl Movexercise8 LEADS,291025 MY Daryl Movexercise8 LP-Ver2,051225 MY Daryl Movexercise8 LP-Ver2 Video 001,18.36,1.0,32.0,930.0,861.0,19.741935,-,-,-
2025-12-10,2025-12-10,291025 MY Daryl Movexercise8 LEADS,291025 MY Daryl Movexercise8 LP-Ver1,291025 MY Daryl M8 LP-Ver1 Video 005,1.53,,0.0,83.0,83.0,18.433735,-,-,-
2025-12-10,2025-12-10,291025 MY Daryl Movexercise8 LEADS,291025 MY Daryl Movexercise8 LP-Ver1,291025 MY Daryl Movexercise8 LP-Ver1 Image 004,0.33,,2.0,26.0,26.0,12.692308,-,-,-
2025-12-10,2025-12-10,291025 MY Daryl Movexercise8 LEADS,291025 MY Daryl Movexercise8 LP-Ver1,291025 MY Daryl Movexercise8 LP-Ver1 Video 003,73.87,8.0,145.0,5239.0,5102.0,14.100019,-,-,-
2025-12-10,2025-12-10,291025 MY Daryl Movexercise8 LEADS,291025 MY Daryl Movexercise8 LP-Ver2,291025 MY Daryl Movexercise8 LP-Ver2 Image 003,11.45,,15.0,581.0,531.0,19.707401,-,-,-
2025-12-10,2025-12-10,291025 MY Daryl Movexercise8 LEADS,291025 MY Daryl Movexercise8 LP-Ver2,291025 MY Daryl Movexercise8 LP-Ver2 Image 004,1.21,,0.0,84.0,79.0,14.404762,-,-,-
2025-12-10,2025-12-10,291025 MY Daryl Movexercise8 LEADS,291025 MY Daryl Movexercise8 LP-Ver2,291025 MY Daryl Movexercise8 LP-Ver2 Image 005,1.37,,3.0,38.0,37.0,36.052632,-,-,-
2025-12-10,2025-12-10,291025 MY Daryl Movexercise8 LEADS,291025 MY Daryl Movexercise8 LP-Ver2,291025 MY Daryl Movexercise8 LP-Ver2 Video 003,154.35,3.0,113.0,5735.0,5334.0,26.913688,-,-,-
2025-12-10,2025-12-10,291025 MY Daryl Movexercise8 LEADS,291025 MY Daryl Movexercise8 LP-Ver2,291025 MY Daryl Movexercise8 LP-Ver2 Video 005,77.59,5.0,150.0,2581.0,2419.0,30.061991,-,-,-
2025-12-11,2025-12-11,291025 MY Daryl Movexercise8 LEADS,291025 MY Daryl Movexercise8 LP-Ver1,051225 MY Daryl Movexercise8 LP-Ver1 Video 002,23.49,1.0,72.0,842.0,788.0,27.897862,-,-,-
2025-12-11,2025-12-11,291025 MY Daryl Movexercise8 LEADS,291025 MY Daryl Movexercise8 LP-Ver2,051225 MY Daryl Movexercise8 LP-Ver2 Video 001,5.23,,5.0,190.0,179.0,27.526316,-,-,-
2025-12-11,2025-12-11,291025 MY Daryl Movexercise8 LEADS,291025 MY Daryl Movexercise8 LP-Ver1,291025 MY Daryl M8 LP-Ver1 Video 005,66.03,,17.0,1061.0,1051.0,62.233742,-,-,-
2025-12-11,2025-12-11,291025 MY Daryl Movexercise8 LEADS,291025 MY Daryl Movexercise8 LP-Ver1,291025 MY Daryl Movexercise8 LP-Ver1 Image 003,1.47,,4.0,64.0,62.0,22.96875,-,-,-
2025-12-11,2025-12-11,291025 MY Daryl Movexercise8 LEADS,291025 MY Daryl Movexercise8 LP-Ver1,291025 MY Daryl Movexercise8 LP-Ver1 Image 004,23.85,,13.0,625.0,599.0,38.16,-,-,-
2025-12-11,2025-12-11,291025 MY Daryl Movexercise8 LEADS,291025 MY Daryl Movexercise8 LP-Ver1,291025 MY Daryl Movexercise8 LP-Ver1 Video 003,95.02,9.0,146.0,5048.0,4918.0,18.823296,-,-,-
2025-12-11,2025-12-11,291025 MY Daryl Movexercise8 LEADS,291025 MY Daryl Movexercise8 LP-Ver2,291025 MY Daryl Movexercise8 LP-Ver2 Image 003,12.47,3.0,21.0,665.0,572.0,18.75188,-,-,-
2025-12-11,2025-12-11,291025 MY Daryl Movexercise8 LEADS,291025 MY Daryl Movexercise8 LP-Ver2,291025 MY Daryl Movexercise8 LP-Ver2 Image 004,0.53,,0.0,17.0,16.0,31.176471,-,-,-
2025-12-11,2025-12-11,291025 MY Daryl Movexercise8 LEADS,291025 MY Daryl Movexercise8 LP-Ver2,291025 MY Daryl Movexercise8 LP-Ver2 Image 005,2.34,1.0,11.0,78.0,71.0,30.0,-,-,-
2025-12-11,2025-12-11,291025 MY Daryl Movexercise8 LEADS,291025 MY Daryl Movexercise8 LP-Ver2,291025 MY Daryl Movexercise8 LP-Ver2 Video 003,102.85,13.0,129.0,4285.0,4076.0,24.002334,-,-,-
2025-12-11,2025-12-11,291025 MY Daryl Movexercise8 LEADS,291025 MY Daryl Movexercise8 LP-Ver2,291025 MY Daryl Movexercise8 LP-Ver2 Video 005,81.05,10.0,221.0,2629.0,2523.0,30.829213,-,-,-
2025-12-12,2025-12-12,291025 MY Daryl Movexercise8 LEADS,291025 MY Daryl Movexercise8 LP-Ver1,051225 MY Daryl Movexercise8 LP-Ver1 Video 002,7.27,1.0,28.0,306.0,271.0,23.75817,-,-,-
2025-12-12,2025-12-12,291025 MY Daryl Movexercise8 LEADS,291025 MY Daryl Movexercise8 LP-Ver2,051225 MY Daryl Movexercise8 LP-Ver2 Video 001,2.91,,2.0,143.0,138.0,20.34965,-,-,-
2025-12-12,2025-12-12,291025 MY Daryl Movexercise8 LEADS,291025 MY Daryl Movexercise8 LP-Ver1,291025 MY Daryl Movexercise8 LP-Ver1 Image 003,0.17,,0.0,9.0,9.0,18.888889,-,-,-
2025-12-12,2025-12-12,291025 MY Daryl Movexercise8 LEADS,291025 MY Daryl Movexercise8 LP-Ver1,291025 MY Daryl Movexercise8 LP-Ver1 Image 004,88.12,2.0,89.0,1851.0,1700.0,47.606699,-,-,-
2025-12-12,2025-12-12,291025 MY Daryl Movexercise8 LEADS,291025 MY Daryl Movexercise8 LP-Ver1,291025 MY Daryl Movexercise8 LP-Ver1 Video 003,83.99,10.0,147.0,4069.0,3948.0,20.641435,-,-,-
2025-12-12,2025-12-12,291025 MY Daryl Movexercise8 LEADS,291025 MY Daryl Movexercise8 LP-Ver2,291025 MY Daryl Movexercise8 LP-Ver2 Image 003,105.69,4.0,98.0,3787.0,3366.0,27.908635,-,-,-
2025-12-12,2025-12-12,291025 MY Daryl Movexercise8 LEADS,291025 MY Daryl Movexercise8 LP-Ver2,291025 MY Daryl Movexercise8 LP-Ver2 Image 004,3.05,,2.0,57.0,57.0,53.508772,-,-,-
2025-12-12,2025-12-12,291025 MY Daryl Movexercise8 LEADS,291025 MY Daryl Movexercise8 LP-Ver2,291025 MY Daryl Movexercise8 LP-Ver2 Video 003,39.12,4.0,53.0,1546.0,1450.0,25.30401,-,-,-
2025-12-12,2025-12-12,291025 MY Daryl Movexercise8 LEADS,291025 MY Daryl Movexercise8 LP-Ver2,291025 MY Daryl Movexercise8 LP-Ver2 Video 005,39.79,2.0,101.0,1201.0,1140.0,33.130724,-,-,-
2025-12-13,2025-12-13,291025 MY Daryl Movexercise8 LEADS,291025 MY Daryl Movexercise8 LP-Ver1,051225 MY Daryl Movexercise8 LP-Ver1 Video 002,4.69,,10.0,193.0,192.0,24.300518,-,-,-
2025-12-13,2025-12-13,291025 MY Daryl Movexercise8 LEADS,291025 MY Daryl Movexercise8 LP-Ver2,051225 MY Daryl Movexercise8 LP-Ver2 Video 001,0.65,,0.0,21.0,20.0,30.952381,-,-,-
2025-12-13,2025-12-13,291025 MY Daryl Movexercise8 LEADS,291025 MY Daryl Movexercise8 LP-Ver1,131225 MY Daryl Movexercise8 LP-Ver1 Video 001,2.95,,7.0,156.0,145.0,18.910256,-,-,-
2025-12-13,2025-12-13,291025 MY Daryl Movexercise8 LEADS,291025 MY Daryl Movexercise8 LP-Ver1,291025 MY Daryl Movexercise8 LP-Ver1 Image 003,0.25,,1.0,11.0,11.0,22.727273,-,-,-
2025-12-13,2025-12-13,291025 MY Daryl Movexercise8 LEADS,291025 MY Daryl Movexercise8 LP-Ver1,291025 MY Daryl Movexercise8 LP-Ver1 Image 004,0.9,1.0,6.0,22.0,22.0,40.909091,-,-,-
2025-12-13,2025-12-13,291025 MY Daryl Movexercise8 LEADS,291025 MY Daryl Movexercise8 LP-Ver1,291025 MY Daryl Movexercise8 LP-Ver1 Video 003,174.13,14.0,257.0,8246.0,7998.0,21.116905,-,-,-
2025-12-13,2025-12-13,291025 MY Daryl Movexercise8 LEADS,291025 MY Daryl Movexercise8 LP-Ver2,291025 MY Daryl Movexercise8 LP-Ver2 Image 003,22.18,,27.0,1141.0,1051.0,19.439089,-,-,-
2025-12-13,2025-12-13,291025 MY Daryl Movexercise8 LEADS,291025 MY Daryl Movexercise8 LP-Ver2,291025 MY Daryl Movexercise8 LP-Ver2 Image 004,1.05,,1.0,22.0,21.0,47.727273,-,-,-
2025-12-13,2025-12-13,291025 MY Daryl Movexercise8 LEADS,291025 MY Daryl Movexercise8 LP-Ver2,291025 MY Daryl Movexercise8 LP-Ver2 Image 005,2.45,,5.0,78.0,76.0,31.410256,-,-,-
2025-12-13,2025-12-13,291025 MY Daryl Movexercise8 LEADS,291025 MY Daryl Movexercise8 LP-Ver2,291025 MY Daryl Movexercise8 LP-Ver2 Video 003,71.37,9.0,83.0,2186.0,2120.0,32.648673,-,-,-
2025-12-13,2025-12-13,291025 MY Daryl Movexercise8 LEADS,291025 MY Daryl Movexercise8 LP-Ver2,291025 MY Daryl Movexercise8 LP-Ver2 Video 005,36.08,3.0,99.0,995.0,951.0,36.261307,-,-,-
2025-12-14,2025-12-14,291025 MY Daryl Movexercise8 LEADS,291025 MY Daryl Movexercise8 LP-Ver1,051225 MY Daryl Movexercise8 LP-Ver1 Video 002,29.03,2.0,93.0,1209.0,1117.0,24.01158,-,-,-
2025-12-14,2025-12-14,291025 MY Daryl Movexercise8 LEADS,291025 MY Daryl Movexercise8 LP-Ver2,051225 MY Daryl Movexercise8 LP-Ver2 Video 001,1.43,1.0,2.0,37.0,36.0,38.648649,-,-,-
2025-12-14,2025-12-14,291025 MY Daryl Movexercise8 LEADS,291025 MY Daryl Movexercise8 LP-Ver1,291025 MY Daryl Movexercise8 LP-Ver1 Image 003,0.18,,1.0,11.0,7.0,16.363636,-,-,-
2025-12-14,2025-12-14,291025 MY Daryl Movexercise8 LEADS,291025 MY Daryl Movexercise8 LP-Ver1,291025 MY Daryl Movexercise8 LP-Ver1 Video 003,195.72,27.0,420.0,10789.0,10383.0,18.140699,-,-,-
2025-12-14,2025-12-14,291025 MY Daryl Movexercise8 LEADS,291025 MY Daryl Movexercise8 LP-Ver2,291025 MY Daryl Movexercise8 LP-Ver2 Image 003,11.79,,30.0,546.0,493.0,21.593407,-,-,-
2025-12-14,2025-12-14,291025 MY Daryl Movexercise8 LEADS,291025 MY Daryl Movexercise8 LP-Ver2,291025 MY Daryl Movexercise8 LP-Ver2 Image 004,0.65,1.0,3.0,13.0,13.0,50.0,-,-,-
2025-12-14,2025-12-14,291025 MY Daryl Movexercise8 LEADS,291025 MY Daryl Movexercise8 LP-Ver2,291025 MY Daryl Movexercise8 LP-Ver2 Video 003,82.0,15.0,127.0,3249.0,3061.0,25.238535,-,-,-
2025-12-14,2025-12-14,291025 MY Daryl Movexercise8 LEADS,291025 MY Daryl Movexercise8 LP-Ver2,291025 MY Daryl Movexercise8 LP-Ver2 Video 005,131.74,7.0,350.0,4186.0,3961.0,31.471572,-,-,-
2025-12-15,2025-12-15,291025 MY Daryl Movexercise8 LEADS,291025 MY Daryl Movexercise8 LP-Ver1,051225 MY Daryl Movexercise8 LP-Ver1 Video 002,50.99,7.0,183.0,2245.0,2111.0,22.712695,-,-,-
2025-12-15,2025-12-15,291025 MY Daryl Movexercise8 LEADS,291025 MY Daryl Movexercise8 LP-Ver1,131225 MY Daryl Movexercise8 LP-Ver1 Video 001,13.15,1.0,21.0,877.0,791.0,14.994299,-,-,-
2025-12-15,2025-12-15,291025 MY Daryl Movexercise8 LEADS,291025 MY Daryl Movexercise8 LP-Ver1,291025 MY Daryl Movexercise8 LP-Ver1 Video 003,168.86,29.0,402.0,11761.0,11057.0,14.357623,-,-,-
2025-12-15,2025-12-15,291025 MY Daryl Movexercise8 LEADS,291025 MY Daryl Movexercise8 LP-Ver2,291025 MY Daryl Movexercise8 LP-Ver2 Image 003,3.82,1.0,8.0,241.0,218.0,15.850622,-,-,-
2025-12-15,2025-12-15,291025 MY Daryl Movexercise8 LEADS,291025 MY Daryl Movexercise8 LP-Ver2,291025 MY Daryl Movexercise8 LP-Ver2 Image 004,0.13,,0.0,6.0,6.0,21.666667,-,-,-
2025-12-15,2025-12-15,291025 MY Daryl Movexercise8 LEADS,291025 MY Daryl Movexercise8 LP-Ver2,291025 MY Daryl Movexercise8 LP-Ver2 Image 005,19.09,2.0,58.0,1068.0,951.0,17.874532,-,-,-
2025-12-15,2025-12-15,291025 MY Daryl Movexercise8 LEADS,291025 MY Daryl Movexercise8 LP-Ver2,291025 MY Daryl Movexercise8 LP-Ver2 Video 003,98.9,8.0,155.0,4529.0,4391.0,21.83705,-,-,-
2025-12-15,2025-12-15,291025 MY Daryl Movexercise8 LEADS,291025 MY Daryl Movexercise8 LP-Ver2,291025 MY Daryl Movexercise8 LP-Ver2 Video 005,96.88,9.0,264.0,3403.0,3212.0,28.468998,-,-,-
2025-12-16,2025-12-16,291025 MY Daryl Movexercise8 LEADS,291025 MY Daryl Movexercise8 LP-Ver1,051225 MY Daryl Movexercise8 LP-Ver1 Video 002,24.35,6.0,79.0,1133.0,1110.0,21.491615,-,-,-
2025-12-16,2025-12-16,291025 MY Daryl Movexercise8 LEADS,291025 MY Daryl Movexercise8 LP-Ver2,051225 MY Daryl Movexercise8 LP-Ver2 Video 001,3.87,,6.0,128.0,123.0,30.234375,-,-,-
2025-12-16,2025-12-16,291025 MY Daryl Movexercise8 LEADS,291025 MY Daryl Movexercise8 LP-Ver1,131225 MY Daryl Movexercise8 LP-Ver1 Video 001,24.21,2.0,31.0,1304.0,1249.0,18.565951,-,-,-
2025-12-16,2025-12-16,291025 MY Daryl Movexercise8 LEADS,291025 MY Daryl Movexercise8 LP-Ver1,291025 MY Daryl Movexercise8 LP-Ver1 Image 003,0.21,,1.0,6.0,6.0,35.0,-,-,-
2025-12-16,2025-12-16,291025 MY Daryl Movexercise8 LEADS,291025 MY Daryl Movexercise8 LP-Ver1,291025 MY Daryl Movexercise8 LP-Ver1 Video 003,99.16,16.0,229.0,6790.0,6517.0,14.603829,-,-,-
2025-12-16,2025-12-16,291025 MY Daryl Movexercise8 LEADS,291025 MY Daryl Movexercise8 LP-Ver2,291025 MY Daryl Movexercise8 LP-Ver2 Image 003,3.38,1.0,10.0,171.0,157.0,19.766082,-,-,-
2025-12-16,2025-12-16,291025 MY Daryl Movexercise8 LEADS,291025 MY Daryl Movexercise8 LP-Ver2,291025 MY Daryl Movexercise8 LP-Ver2 Image 004,0.1,,1.0,9.0,7.0,11.111111,-,-,-
2025-12-16,2025-12-16,291025 MY Daryl Movexercise8 LEADS,291025 MY Daryl Movexercise8 LP-Ver2,291025 MY Daryl Movexercise8 LP-Ver2 Image 005,21.32,,56.0,1110.0,1016.0,19.207207,-,-,-
2025-12-16,2025-12-16,291025 MY Daryl Movexercise8 LEADS,291025 MY Daryl Movexercise8 LP-Ver2,291025 MY Daryl Movexercise8 LP-Ver2 Video 003,62.7,5.0,88.0,2834.0,2695.0,22.124206,-,-,-
2025-12-16,2025-12-16,291025 MY Daryl Movexercise8 LEADS,291025 MY Daryl Movexercise8 LP-Ver2,291025 MY Daryl Movexercise8 LP-Ver2 Video 005,49.85,5.0,146.0,1642.0,1537.0,30.359318,-,-,-
2025-12-17,2025-12-17,291025 MY Daryl Movexercise8 LEADS,291025 MY Daryl Movexercise8 LP-Ver1,291025 MY Daryl Movexercise8 LP-Ver1 Video 003,0.0,1.0,0.0,0.0,0.0,,-,-,-
2026-01-01,2026-01-01,291025 MY Daryl Movexercise8 LEADS,291025 MY Daryl Movexercise8 LP-Ver1,051225 MY Daryl Movexercise8 LP-Ver1 Video 002,7.77,1.0,32.0,380.0,348.0,20.447368,-,-,-
2026-01-01,2026-01-01,291025 MY Daryl Movexercise8 LEADS,291025 MY Daryl Movexercise8 LP-Ver2,051225 MY Daryl Movexercise8 LP-Ver2 Video 001,0.28,,0.0,7.0,7.0,40.0,-,-,-
2026-01-01,2026-01-01,291025 MY Daryl Movexercise8 LEADS,291025 MY Daryl Movexercise8 LP-Ver1,131225 MY Daryl Movexercise8 LP-Ver1 Video 001,9.81,1.0,23.0,504.0,464.0,19.464286,-,-,-
2026-01-01,2026-01-01,291025 MY Daryl Movexercise8 LEADS,291025 MY Daryl Movexercise8 LP-Ver1,291025 MY Daryl M8 LP-Ver1 Video 005,26.59,5.0,47.0,1074.0,996.0,24.757914,-,-,-
2026-01-01,2026-01-01,291025 MY Daryl Movexercise8 LEADS,291025 MY Daryl Movexercise8 LP-Ver1,291025 MY Daryl Movexercise8 LP-Ver1 Image 003,0.4,,0.0,27.0,23.0,14.814815,-,-,-
2026-01-01,2026-01-01,291025 MY Daryl Movexercise8 LEADS,291025 MY Daryl Movexercise8 LP-Ver1,291025 MY Daryl Movexercise8 LP-Ver1 Image 005,76.23,13.0,190.0,4392.0,3766.0,17.356557,-,-,-
2026-01-01,2026-01-01,291025 MY Daryl Movexercise8 LEADS,291025 MY Daryl Movexercise8 LP-Ver1,291025 MY Daryl Movexercise8 LP-Ver1 Video 003,75.92,12.0,173.0,5502.0,4965.0,13.798619,-,-,-
2026-01-01,2026-01-01,291025 MY Daryl Movexercise8 LEADS,291025 MY Daryl Movexercise8 LP-Ver2,291025 MY Daryl Movexercise8 LP-Ver2 Image 003,5.95,,8.0,288.0,235.0,20.659722,-,-,-
2026-01-01,2026-01-01,291025 MY Daryl Movexercise8 LEADS,291025 MY Daryl Movexercise8 LP-Ver2,291025 MY Daryl Movexercise8 LP-Ver2 Image 004,0.64,,5.0,34.0,26.0,18.823529,-,-,-
2026-01-01,2026-01-01,291025 MY Daryl Movexercise8 LEADS,291025 MY Daryl Movexercise8 LP-Ver2,291025 MY Daryl Movexercise8 LP-Ver2 Image 005,0.42,,1.0,33.0,30.0,12.727273,-,-,-
2026-01-01,2026-01-01,291025 MY Daryl Movexercise8 LEADS,291025 MY Daryl Movexercise8 LP-Ver2,291025 MY Daryl Movexercise8 LP-Ver2 Video 003,121.23,17.0,163.0,7121.0,6720.0,17.024294,-,-,-
2026-01-01,2026-01-01,291025 MY Daryl Movexercise8 LEADS,291025 MY Daryl Movexercise8 LP-Ver2,291025 MY Daryl Movexercise8 LP-Ver2 Video 005,65.41,8.0,138.0,1784.0,1637.0,36.664798,-,-,-
2026-01-02,2026-01-02,291025 MY Daryl Movexercise8 LEADS,291025 MY Daryl Movexercise8 LP-Ver1,051225 MY Daryl Movexercise8 LP-Ver1 Video 002,21.29,5.0,75.0,1075.0,979.0,19.804651,-,-,-
2026-01-02,2026-01-02,291025 MY Daryl Movexercise8 LEADS,291025 MY Daryl Movexercise8 LP-Ver2,051225 MY Daryl Movexercise8 LP-Ver2 Video 001,2.39,,4.0,146.0,128.0,16.369863,-,-,-
2026-01-02,2026-01-02,291025 MY Daryl Movexercise8 LEADS,291025 MY Daryl Movexercise8 LP-Ver1,131225 MY Daryl Movexercise8 LP-Ver1 Video 001,8.29,1.0,12.0,409.0,365.0,20.268949,-,-,-
2026-01-02,2026-01-02,291025 MY Daryl Movexercise8 LEADS,291025 MY Daryl Movexercise8 LP-Ver1,291025 MY Daryl M8 LP-Ver1 Video 005,5.69,,13.0,273.0,252.0,20.842491,-,-,-
2026-01-02,2026-01-02,291025 MY Daryl Movexercise8 LEADS,291025 MY Daryl Movexercise8 LP-Ver1,291025 MY Daryl Movexercise8 LP-Ver1 Image 003,0.37,1.0,2.0,60.0,31.0,6.166667,-,-,-
2026-01-02,2026-01-02,291025 MY Daryl Movexercise8 LEADS,291025 MY Daryl Movexercise8 LP-Ver1,291025 MY Daryl Movexercise8 LP-Ver1 Image 005,18.38,3.0,41.0,1170.0,1036.0,15.709402,-,-,-
2026-01-02,2026-01-02,291025 MY Daryl Movexercise8 LEADS,291025 MY Daryl Movexercise8 LP-Ver1,291025 MY Daryl Movexercise8 LP-Ver1 Video 003,135.6,26.0,298.0,10843.0,10144.0,12.505764,-,-,-
2026-01-02,2026-01-02,291025 MY Daryl Movexercise8 LEADS,291025 MY Daryl Movexercise8 LP-Ver2,291025 MY Daryl Movexercise8 LP-Ver2 Image 003,1.98,,6.0,84.0,75.0,23.571429,-,-,-
2026-01-02,2026-01-02,291025 MY Daryl Movexercise8 LEADS,291025 MY Daryl Movexercise8 LP-Ver2,291025 MY Daryl Movexercise8 LP-Ver2 Image 004,0.46,,0.0,11.0,10.0,41.818182,-,-,-
2026-01-02,2026-01-02,291025 MY Daryl Movexercise8 LEADS,291025 MY Daryl Movexercise8 LP-Ver2,291025 MY Daryl Movexercise8 LP-Ver2 Image 005,1.61,1.0,6.0,83.0,77.0,19.39759,-,-,-
2026-01-02,2026-01-02,291025 MY Daryl Movexercise8 LEADS,291025 MY Daryl Movexercise8 LP-Ver2,291025 MY Daryl Movexercise8 LP-Ver2 Video 003,121.41,25.0,188.0,7013.0,6644.0,17.312135,-,-,-
2026-01-02,2026-01-02,291025 MY Daryl Movexercise8 LEADS,291025 MY Daryl Movexercise8 LP-Ver2,291025 MY Daryl Movexercise8 LP-Ver2 Video 005,24.86,6.0,45.0,674.0,601.0,36.884273,-,-,-
2026-01-03,2026-01-03,291025 MY Daryl Movexercise8 LEADS,291025 MY Daryl Movexercise8 LP-Ver1,051225 MY Daryl Movexercise8 LP-Ver1 Video 002,13.52,3.0,44.0,672.0,643.0,20.119048,-,-,-
2026-01-03,2026-01-03,291025 MY Daryl Movexercise8 LEADS,291025 MY Daryl Movexercise8 LP-Ver2,051225 MY Daryl Movexercise8 LP-Ver2 Video 001,1.24,,0.0,62.0,58.0,20.0,-,-,-
2026-01-03,2026-01-03,291025 MY Daryl Movexercise8 LEADS,291025 MY Daryl Movexercise8 LP-Ver1,131225 MY Daryl Movexercise8 LP-Ver1 Video 001,8.93,2.0,18.0,497.0,465.0,17.967807,-,-,-
2026-01-03,2026-01-03,291025 MY Daryl Movexercise8 LEADS,291025 MY Daryl Movexercise8 LP-Ver1,291025 MY Daryl M8 LP-Ver1 Video 005,6.2,,13.0,260.0,255.0,23.846154,-,-,-
2026-01-03,2026-01-03,291025 MY Daryl Movexercise8 LEADS,291025 MY Daryl Movexercise8 LP-Ver1,291025 MY Daryl Movexercise8 LP-Ver1 Image 003,1.18,,2.0,79.0,66.0,14.936709,-,-,-
2026-01-03,2026-01-03,291025 MY Daryl Movexercise8 LEADS,291025 MY Daryl Movexercise8 LP-Ver1,291025 MY Daryl Movexercise8 LP-Ver1 Image 005,12.03,,33.0,731.0,679.0,16.456908,-,-,-
2026-01-03,2026-01-03,291025 MY Daryl Movexercise8 LEADS,291025 MY Daryl Movexercise8 LP-Ver1,291025 MY Daryl Movexercise8 LP-Ver1 Video 003,145.72,18.0,306.0,11469.0,10721.0,12.705554,-,-,-
2026-01-03,2026-01-03,291025 MY Daryl Movexercise8 LEADS,291025 MY Daryl Movexercise8 LP-Ver2,291025 MY Daryl Movexercise8 LP-Ver2 Image 003,1.72,1.0,2.0,98.0,85.0,17.55102,-,-,-
2026-01-03,2026-01-03,291025 MY Daryl Movexercise8 LEADS,291025 MY Daryl Movexercise8 LP-Ver2,291025 MY Daryl Movexercise8 LP-Ver2 Image 004,0.21,,1.0,16.0,14.0,13.125,-,-,-
2026-01-03,2026-01-03,291025 MY Daryl Movexercise8 LEADS,291025 MY Daryl Movexercise8 LP-Ver2,291025 MY Daryl Movexercise8 LP-Ver2 Image 005,1.97,,3.0,117.0,104.0,16.837607,-,-,-
2026-01-03,2026-01-03,291025 MY Daryl Movexercise8 LEADS,291025 MY Daryl Movexercise8 LP-Ver2,291025 MY Daryl Movexercise8 LP-Ver2 Video 003,107.62,20.0,165.0,5922.0,5828.0,18.172915,-,-,-
2026-01-03,2026-01-03,291025 MY Daryl Movexercise8 LEADS,291025 MY Daryl Movexercise8 LP-Ver2,291025 MY Daryl Movexercise8 LP-Ver2 Video 005,23.12,1.0,46.0,753.0,709.0,30.703851,-,-,-
2026-01-04,2026-01-04,291025 MY Daryl Movexercise8 LEADS,291025 MY Daryl Movexercise8 LP-Ver1,051225 MY Daryl Movexercise8 LP-Ver1 Video 002,12.55,3.0,40.0,650.0,605.0,19.307692,-,-,-
2026-01-04,2026-01-04,291025 MY Daryl Movexercise8 LEADS,291025 MY Daryl Movexercise8 LP-Ver2,051225 MY Daryl Movexercise8 LP-Ver2 Video 001,0.67,2.0,4.0,39.0,34.0,17.179487,-,-,-
2026-01-04,2026-01-04,291025 MY Daryl Movexercise8 LEADS,291025 MY Daryl Movexercise8 LP-Ver1,131225 MY Daryl Movexercise8 LP-Ver1 Video 001,7.08,,7.0,396.0,372.0,17.878788,-,-,-
2026-01-04,2026-01-04,291025 MY Daryl Movexercise8 LEADS,291025 MY Daryl Movexercise8 LP-Ver1,291025 MY Daryl M8 LP-Ver1 Video 005,9.67,1.0,21.0,499.0,474.0,19.378758,-,-,-
2026-01-04,2026-01-04,291025 MY Daryl Movexercise8 LEADS,291025 MY Daryl Movexercise8 LP-Ver1,291025 MY Daryl Movexercise8 LP-Ver1 Image 003,0.66,,0.0,48.0,40.0,13.75,-,-,-
2026-01-04,2026-01-04,291025 MY Daryl Movexercise8 LEADS,291025 MY Daryl Movexercise8 LP-Ver1,291025 MY Daryl Movexercise8 LP-Ver1 Image 005,8.04,,13.0,514.0,471.0,15.642023,-,-,-
2026-01-04,2026-01-04,291025 MY Daryl Movexercise8 LEADS,291025 MY Daryl Movexercise8 LP-Ver1,291025 MY Daryl Movexercise8 LP-Ver1 Video 003,114.69,15.0,255.0,9406.0,8902.0,12.193281,-,-,-
2026-01-04,2026-01-04,291025 MY Daryl Movexercise8 LEADS,291025 MY Daryl Movexercise8 LP-Ver2,291025 MY Daryl Movexercise8 LP-Ver2 Image 003,2.37,1.0,8.0,166.0,155.0,14.277108,-,-,-
2026-01-04,2026-01-04,291025 MY Daryl Movexercise8 LEADS,291025 MY Daryl Movexercise8 LP-Ver2,291025 MY Daryl Movexercise8 LP-Ver2 Image 004,0.73,,1.0,48.0,41.0,15.208333,-,-,-
2026-01-04,2026-01-04,291025 MY Daryl Movexercise8 LEADS,291025 MY Daryl Movexercise8 LP-Ver2,291025 MY Daryl Movexercise8 LP-Ver2 Image 005,1.73,1.0,5.0,131.0,119.0,13.206107,-,-,-
2026-01-04,2026-01-04,291025 MY Daryl Movexercise8 LEADS,291025 MY Daryl Movexercise8 LP-Ver2,291025 MY Daryl Movexercise8 LP-Ver2 Video 003,96.85,15.0,157.0,6043.0,5898.0,16.026808,-,-,-
2026-01-04,2026-01-04,291025 MY Daryl Movexercise8 LEADS,291025 MY Daryl Movexercise8 LP-Ver2,291025 MY Daryl Movexercise8 LP-Ver2 Video 005,30.49,5.0,53.0,1016.0,940.0,30.009843,-,-,-
2026-01-05,2026-01-05,291025 MY Daryl Movexercise8 LEADS,291025 MY Daryl Movexercise8 LP-Ver1,051225 MY Daryl Movexercise8 LP-Ver1 Video 002,9.47,2.0,38.0,535.0,508.0,17.700935,-,-,-
2026-01-05,2026-01-05,291025 MY Daryl Movexercise8 LEADS,291025 MY Daryl Movexercise8 LP-Ver2,051225 MY Daryl Movexercise8 LP-Ver2 Video 001,0.98,,1.0,83.0,74.0,11.807229,-,-,-
2026-01-05,2026-01-05,291025 MY Daryl Movexercise8 LEADS,291025 MY Daryl Movexercise8 LP-Ver1,131225 MY Daryl Movexercise8 LP-Ver1 Video 001,4.74,1.0,10.0,279.0,271.0,16.989247,-,-,-
2026-01-05,2026-01-05,291025 MY Daryl Movexercise8 LEADS,291025 MY Daryl Movexercise8 LP-Ver1,291025 MY Daryl M8 LP-Ver1 Video 005,8.25,,11.0,450.0,445.0,18.333333,-,-,-
2026-01-05,2026-01-05,291025 MY Daryl Movexercise8 LEADS,291025 MY Daryl Movexercise8 LP-Ver1,291025 MY Daryl Movexercise8 LP-Ver1 Image 003,0.48,,2.0,32.0,30.0,15.0,-,-,-
2026-01-05,2026-01-05,291025 MY Daryl Movexercise8 LEADS,291025 MY Daryl Movexercise8 LP-Ver1,291025 MY Daryl Movexercise8 LP-Ver1 Image 005,9.24,1.0,24.0,511.0,468.0,18.082192,-,-,-
2026-01-05,2026-01-05,291025 MY Daryl Movexercise8 LEADS,291025 MY Daryl Movexercise8 LP-Ver1,291025 MY Daryl Movexercise8 LP-Ver1 Video 003,107.39,13.0,243.0,9248.0,9101.0,11.61224,-,-,-
2026-01-05,2026-01-05,291025 MY Daryl Movexercise8 LEADS,291025 MY Daryl Movexercise8 LP-Ver2,291025 MY Daryl Movexercise8 LP-Ver2 Image 003,1.95,,4.0,143.0,126.0,13.636364,-,-,-
2026-01-05,2026-01-05,291025 MY Daryl Movexercise8 LEADS,291025 MY Daryl Movexercise8 LP-Ver2,291025 MY Daryl Movexercise8 LP-Ver2 Image 004,0.91,,2.0,36.0,36.0,25.277778,-,-,-
2026-01-05,2026-01-05,291025 MY Daryl Movexercise8 LEADS,291025 MY Daryl Movexercise8 LP-Ver2,291025 MY Daryl Movexercise8 LP-Ver2 Image 005,1.22,,6.0,103.0,101.0,11.84466,-,-,-
2026-01-05,2026-01-05,291025 MY Daryl Movexercise8 LEADS,291025 MY Daryl Movexercise8 LP-Ver2,291025 MY Daryl Movexercise8 LP-Ver2 Video 003,100.18,9.0,161.0,6027.0,5668.0,16.621868,-,-,-
2026-01-05,2026-01-05,291025 MY Daryl Movexercise8 LEADS,291025 MY Daryl Movexercise8 LP-Ver2,291025 MY Daryl Movexercise8 LP-Ver2 Video 005,19.71,2.0,37.0,782.0,737.0,25.204604,-,-,-
2026-01-06,2026-01-06,291025 MY Daryl Movexercise8 LEADS,291025 MY Daryl Movexercise8 LP-Ver1,051225 MY Daryl Movexercise8 LP-Ver1 Video 002,20.0,8.0,93.0,1161.0,1103.0,17.226529,-,-,-
2026-01-06,2026-01-06,291025 MY Daryl Movexercise8 LEADS,291025 MY Daryl Movexercise8 LP-Ver2,051225 MY Daryl Movexercise8 LP-Ver2 Video 001,1.71,,3.0,92.0,85.0,18.586957,-,-,-
2026-01-06,2026-01-06,291025 MY Daryl Movexercise8 LEADS,291025 MY Daryl Movexercise8 LP-Ver1,131225 MY Daryl Movexercise8 LP-Ver1 Video 001,7.87,,7.0,489.0,464.0,16.09407,-,-,-
2026-01-06,2026-01-06,291025 MY Daryl Movexercise8 LEADS,291025 MY Daryl Movexercise8 LP-Ver1,291025 MY Daryl M8 LP-Ver1 Video 005,5.36,,11.0,314.0,301.0,17.070064,-,-,-
2026-01-06,2026-01-06,291025 MY Daryl Movexercise8 LEADS,291025 MY Daryl Movexercise8 LP-Ver1,291025 MY Daryl Movexercise8 LP-Ver1 Image 003,0.28,,1.0,30.0,24.0,9.333333,-,-,-
2026-01-06,2026-01-06,291025 MY Daryl Movexercise8 LEADS,291025 MY Daryl Movexercise8 LP-Ver1,291025 MY Daryl Movexercise8 LP-Ver1 Image 005,8.52,1.0,22.0,500.0,457.0,17.04,-,-,-
2026-01-06,2026-01-06,291025 MY Daryl Movexercise8 LEADS,291025 MY Daryl Movexercise8 LP-Ver1,291025 MY Daryl Movexercise8 LP-Ver1 Video 003,102.84,11.0,216.0,9176.0,8692.0,11.207498,-,-,-
2026-01-06,2026-01-06,291025 MY Daryl Movexercise8 LEADS,291025 MY Daryl Movexercise8 LP-Ver2,291025 MY Daryl Movexercise8 LP-Ver2 Image 003,2.51,1.0,7.0,221.0,197.0,11.357466,-,-,-
2026-01-06,2026-01-06,291025 MY Daryl Movexercise8 LEADS,291025 MY Daryl Movexercise8 LP-Ver2,291025 MY Daryl Movexercise8 LP-Ver2 Image 004,0.33,,1.0,33.0,25.0,10.0,-,-,-
2026-01-06,2026-01-06,291025 MY Daryl Movexercise8 LEADS,291025 MY Daryl Movexercise8 LP-Ver2,291025 MY Daryl Movexercise8 LP-Ver2 Image 005,1.02,,0.0,94.0,86.0,10.851064,-,-,-
2026-01-06,2026-01-06,291025 MY Daryl Movexercise8 LEADS,291025 MY Daryl Movexercise8 LP-Ver2,291025 MY Daryl Movexercise8 LP-Ver2 Video 003,87.75,12.0,136.0,5528.0,5349.0,15.873734,-,-,-
2026-01-06,2026-01-06,291025 MY Daryl Movexercise8 LEADS,291025 MY Daryl Movexercise8 LP-Ver2,291025 MY Daryl Movexercise8 LP-Ver2 Video 005,19.16,4.0,29.0,768.0,714.0,24.947917,-,-,-
2026-01-07,2026-01-07,291025 MY Daryl Movexercise8 LEADS,291025 MY Daryl Movexercise8 LP-Ver1,051225 MY Daryl Movexercise8 LP-Ver1 Video 002,19.29,1.0,58.0,1024.0,1005.0,18.837891,-,-,-
2026-01-07,2026-01-07,291025 MY Daryl Movexercise8 LEADS,291025 MY Daryl Movexercise8 LP-Ver2,051225 MY Daryl Movexercise8 LP-Ver2 Video 001,1.38,,0.0,61.0,59.0,22.622951,-,-,-
2026-01-07,2026-01-07,291025 MY Daryl Movexercise8 LEADS,291025 MY Daryl Movexercise8 LP-Ver1,131225 MY Daryl Movexercise8 LP-Ver1 Video 001,11.14,2.0,19.0,724.0,674.0,15.38674,-,-,-
2026-01-07,2026-01-07,291025 MY Daryl Movexercise8 LEADS,291025 MY Daryl Movexercise8 LP-Ver1,291025 MY Daryl M8 LP-Ver1 Video 005,4.19,1.0,11.0,225.0,213.0,18.622222,-,-,-
2026-01-07,2026-01-07,291025 MY Daryl Movexercise8 LEADS,291025 MY Daryl Movexercise8 LP-Ver1,291025 MY Daryl Movexercise8 LP-Ver1 Image 003,0.08,,1.0,4.0,4.0,20.0,-,-,-
2026-01-07,2026-01-07,291025 MY Daryl Movexercise8 LEADS,291025 MY Daryl Movexercise8 LP-Ver1,291025 MY Daryl Movexercise8 LP-Ver1 Image 005,8.05,1.0,31.0,483.0,450.0,16.666667,-,-,-
2026-01-07,2026-01-07,291025 MY Daryl Movexercise8 LEADS,291025 MY Daryl Movexercise8 LP-Ver1,291025 MY Daryl Movexercise8 LP-Ver1 Video 003,92.04,15.0,171.0,7596.0,7223.0,12.116904,-,-,-
2026-01-07,2026-01-07,291025 MY Daryl Movexercise8 LEADS,291025 MY Daryl Movexercise8 LP-Ver2,291025 MY Daryl Movexercise8 LP-Ver2 Image 003,2.76,,8.0,183.0,165.0,15.081967,-,-,-
2026-01-07,2026-01-07,291025 MY Daryl Movexercise8 LEADS,291025 MY Daryl Movexercise8 LP-Ver2,291025 MY Daryl Movexercise8 LP-Ver2 Image 004,0.4,,2.0,33.0,31.0,12.121212,-,-,-
2026-01-07,2026-01-07,291025 MY Daryl Movexercise8 LEADS,291025 MY Daryl Movexercise8 LP-Ver2,291025 MY Daryl Movexercise8 LP-Ver2 Image 005,1.69,,2.0,106.0,96.0,15.943396,-,-,-
2026-01-07,2026-01-07,291025 MY Daryl Movexercise8 LEADS,291025 MY Daryl Movexercise8 LP-Ver2,291025 MY Daryl Movexercise8 LP-Ver2 Video 003,85.65,14.0,120.0,4869.0,4801.0,17.590881,-,-,-
2026-01-07,2026-01-07,291025 MY Daryl Movexercise8 LEADS,291025 MY Daryl Movexercise8 LP-Ver2,291025 MY Daryl Movexercise8 LP-Ver2 Video 005,24.44,2.0,25.0,918.0,861.0,26.623094,-,-,-
2026-01-08,2026-01-08,291025 MY Daryl Movexercise8 LEADS,291025 MY Daryl Movexercise8 LP-Ver1,051225 MY Daryl Movexercise8 LP-Ver1 Video 002,19.54,3.0,63.0,990.0,966.0,19.737374,-,-,-
2026-01-08,2026-01-08,291025 MY Daryl Movexercise8 LEADS,291025 MY Daryl Movexercise8 LP-Ver2,051225 MY Daryl Movexercise8 LP-Ver2 Video 001,0.9,,1.0,41.0,40.0,21.95122,-,-,-
2026-01-08,2026-01-08,291025 MY Daryl Movexercise8 LEADS,291025 MY Daryl Movexercise8 LP-Ver1,131225 MY Daryl Movexercise8 LP-Ver1 Video 001,15.89,2.0,36.0,1050.0,980.0,15.133333,-,-,-
2026-01-08,2026-01-08,291025 MY Daryl Movexercise8 LEADS,291025 MY Daryl Movexercise8 LP-Ver1,291025 MY Daryl M8 LP-Ver1 Video 005,5.39,1.0,3.0,182.0,177.0,29.615385,-,-,-
2026-01-08,2026-01-08,291025 MY Daryl Movexercise8 LEADS,291025 MY Daryl Movexercise8 LP-Ver1,291025 MY Daryl Movexercise8 LP-Ver1 Image 003,0.05,,0.0,4.0,4.0,12.5,-,-,-
2026-01-08,2026-01-08,291025 MY Daryl Movexercise8 LEADS,291025 MY Daryl Movexercise8 LP-Ver1,291025 MY Daryl Movexercise8 LP-Ver1 Image 005,10.05,1.0,24.0,643.0,608.0,15.62986,-,-,-
2026-01-08,2026-01-08,291025 MY Daryl Movexercise8 LEADS,291025 MY Daryl Movexercise8 LP-Ver1,291025 MY Daryl Movexercise8 LP-Ver1 Video 003,84.0,9.0,164.0,6759.0,6365.0,12.427874,-,-,-
2026-01-08,2026-01-08,291025 MY Daryl Movexercise8 LEADS,291025 MY Daryl Movexercise8 LP-Ver2,291025 MY Daryl Movexercise8 LP-Ver2 Image 003,3.66,,9.0,243.0,200.0,15.061728,-,-,-
2026-01-08,2026-01-08,291025 MY Daryl Movexercise8 LEADS,291025 MY Daryl Movexercise8 LP-Ver2,291025 MY Daryl Movexercise8 LP-Ver2 Image 004,1.08,,3.0,48.0,45.0,22.5,-,-,-
2026-01-08,2026-01-08,291025 MY Daryl Movexercise8 LEADS,291025 MY Daryl Movexercise8 LP-Ver2,291025 MY Daryl Movexercise8 LP-Ver2 Image 005,1.55,1.0,6.0,85.0,75.0,18.235294,-,-,-
2026-01-08,2026-01-08,291025 MY Daryl Movexercise8 LEADS,291025 MY Daryl Movexercise8 LP-Ver2,291025 MY Daryl Movexercise8 LP-Ver2 Video 003,83.19,14.0,129.0,4850.0,4657.0,17.152577,-,-,-
2026-01-08,2026-01-08,291025 MY Daryl Movexercise8 LEADS,291025 MY Daryl Movexercise8 LP-Ver2,291025 MY Daryl Movexercise8 LP-Ver2 Video 005,23.42,4.0,33.0,879.0,832.0,26.643914,-,-,-
2026-01-09,2026-01-09,291025 MY Daryl Movexercise8 LEADS,291025 MY Daryl Movexercise8 LP-Ver1,051225 MY Daryl Movexercise8 LP-Ver1 Video 002,10.78,4.0,44.0,500.0,497.0,21.56,-,-,-
2026-01-09,2026-01-09,291025 MY Daryl Movexercise8 LEADS,291025 MY Daryl Movexercise8 LP-Ver2,051225 MY Daryl Movexercise8 LP-Ver2 Video 001,0.28,,0.0,14.0,12.0,20.0,-,-,-
2026-01-09,2026-01-09,291025 MY Daryl Movexercise8 LEADS,291025 MY Daryl Movexercise8 LP-Ver1,131225 MY Daryl Movexercise8 LP-Ver1 Video 001,31.72,5.0,52.0,1937.0,1787.0,16.375839,-,-,-
2026-01-09,2026-01-09,291025 MY Daryl Movexercise8 LEADS,291025 MY Daryl Movexercise8 LP-Ver1,291025 MY Daryl M8 LP-Ver1 Video 005,2.43,,7.0,126.0,122.0,19.285714,-,-,-
2026-01-09,2026-01-09,291025 MY Daryl Movexercise8 LEADS,291025 MY Daryl Movexercise8 LP-Ver1,291025 MY Daryl Movexercise8 LP-Ver1 Image 005,8.66,3.0,34.0,545.0,508.0,15.889908,-,-,-
2026-01-09,2026-01-09,291025 MY Daryl Movexercise8 LEADS,291025 MY Daryl Movexercise8 LP-Ver1,291025 MY Daryl Movexercise8 LP-Ver1 Video 003,80.02,11.0,206.0,6970.0,6695.0,11.480631,-,-,-
2026-01-09,2026-01-09,291025 MY Daryl Movexercise8 LEADS,291025 MY Daryl Movexercise8 LP-Ver2,291025 MY Daryl Movexercise8 LP-Ver2 Image 003,2.45,,5.0,179.0,161.0,13.687151,-,-,-
2026-01-09,2026-01-09,291025 MY Daryl Movexercise8 LEADS,291025 MY Daryl Movexercise8 LP-Ver2,291025 MY Daryl Movexercise8 LP-Ver2 Image 004,0.43,,0.0,28.0,26.0,15.357143,-,-,-
2026-01-09,2026-01-09,291025 MY Daryl Movexercise8 LEADS,291025 MY Daryl Movexercise8 LP-Ver2,291025 MY Daryl Movexercise8 LP-Ver2 Image 005,0.8,,1.0,51.0,47.0,15.686275,-,-,-
2026-01-09,2026-01-09,291025 MY Daryl Movexercise8 LEADS,291025 MY Daryl Movexercise8 LP-Ver2,291025 MY Daryl Movexercise8 LP-Ver2 Video 003,87.86,4.0,137.0,5050.0,4864.0,17.39802,-,-,-
2026-01-09,2026-01-09,291025 MY Daryl Movexercise8 LEADS,291025 MY Daryl Movexercise8 LP-Ver2,291025 MY Daryl Movexercise8 LP-Ver2 Video 005,16.22,2.0,28.0,660.0,628.0,24.575758,-,-,-
2026-01-10,2026-01-10,291025 MY Daryl Movexercise8 LEADS,291025 MY Daryl Movexercise8 LP-Ver1,051225 MY Daryl Movexercise8 LP-Ver1 Video 002,11.63,1.0,34.0,579.0,522.0,20.086356,-,-,-
2026-01-10,2026-01-10,291025 MY Daryl Movexercise8 LEADS,291025 MY Daryl Movexercise8 LP-Ver2,051225 MY Daryl Movexercise8 LP-Ver2 Video 001,1.52,1.0,3.0,93.0,87.0,16.344086,-,-,-
2026-01-10,2026-01-10,291025 MY Daryl Movexercise8 LEADS,291025 MY Daryl Movexercise8 LP-Ver1,131225 MY Daryl Movexercise8 LP-Ver1 Video 001,22.97,,39.0,1426.0,1376.0,16.107994,-,-,-
2026-01-10,2026-01-10,291025 MY Daryl Movexercise8 LEADS,291025 MY Daryl Movexercise8 LP-Ver1,291025 MY Daryl M8 LP-Ver1 Video 005,2.47,1.0,6.0,132.0,128.0,18.712121,-,-,-
2026-01-10,2026-01-10,291025 MY Daryl Movexercise8 LEADS,291025 MY Daryl Movexercise8 LP-Ver1,291025 MY Daryl Movexercise8 LP-Ver1 Image 003,0.09,,0.0,4.0,4.0,22.5,-,-,-
2026-01-10,2026-01-10,291025 MY Daryl Movexercise8 LEADS,291025 MY Daryl Movexercise8 LP-Ver1,291025 MY Daryl Movexercise8 LP-Ver1 Image 005,8.09,1.0,19.0,502.0,444.0,16.115538,-,-,-
2026-01-10,2026-01-10,291025 MY Daryl Movexercise8 LEADS,291025 MY Daryl Movexercise8 LP-Ver1,291025 MY Daryl Movexercise8 LP-Ver1 Video 003,87.08,10.0,229.0,7446.0,7060.0,11.69487,-,-,-
2026-01-10,2026-01-10,291025 MY Daryl Movexercise8 LEADS,291025 MY Daryl Movexercise8 LP-Ver2,291025 MY Daryl Movexercise8 LP-Ver2 Image 003,2.87,,2.0,161.0,156.0,17.826087,-,-,-
2026-01-10,2026-01-10,291025 MY Daryl Movexercise8 LEADS,291025 MY Daryl Movexercise8 LP-Ver2,291025 MY Daryl Movexercise8 LP-Ver2 Image 004,1.19,,2.0,55.0,52.0,21.636364,-,-,-
2026-01-10,2026-01-10,291025 MY Daryl Movexercise8 LEADS,291025 MY Daryl Movexercise8 LP-Ver2,291025 MY Daryl Movexercise8 LP-Ver2 Image 005,0.91,,2.0,67.0,63.0,13.58209,-,-,-
2026-01-10,2026-01-10,291025 MY Daryl Movexercise8 LEADS,291025 MY Daryl Movexercise8 LP-Ver2,291025 MY Daryl Movexercise8 LP-Ver2 Video 003,84.82,14.0,151.0,4808.0,4732.0,17.641431,-,-,-
2026-01-10,2026-01-10,291025 MY Daryl Movexercise8 LEADS,291025 MY Daryl Movexercise8 LP-Ver2,291025 MY Daryl Movexercise8 LP-Ver2 Video 005,19.48,1.0,46.0,739.0,709.0,26.359946,-,-,-
2026-01-11,2026-01-11,291025 MY Daryl Movexercise8 LEADS,291025 MY Daryl Movexercise8 LP-Ver1,051225 MY Daryl Movexercise8 LP-Ver1 Video 002,23.01,2.0,56.0,1175.0,1102.0,19.582979,-,-,-
2026-01-11,2026-01-11,291025 MY Daryl Movexercise8 LEADS,291025 MY Daryl Movexercise8 LP-Ver2,051225 MY Daryl Movexercise8 LP-Ver2 Video 001,0.18,,0.0,13.0,11.0,13.846154,-,-,-
2026-01-11,2026-01-11,291025 MY Daryl Movexercise8 LEADS,291025 MY Daryl Movexercise8 LP-Ver1,131225 MY Daryl Movexercise8 LP-Ver1 Video 001,13.33,4.0,28.0,728.0,713.0,18.31044,-,-,-
2026-01-11,2026-01-11,291025 MY Daryl Movexercise8 LEADS,291025 MY Daryl Movexercise8 LP-Ver1,291025 MY Daryl M8 LP-Ver1 Video 005,2.07,1.0,7.0,104.0,101.0,19.903846,-,-,-
2026-01-11,2026-01-11,291025 MY Daryl Movexercise8 LEADS,291025 MY Daryl Movexercise8 LP-Ver1,291025 MY Daryl Movexercise8 LP-Ver1 Image 003,0.01,,0.0,1.0,1.0,10.0,-,-,-
2026-01-11,2026-01-11,291025 MY Daryl Movexercise8 LEADS,291025 MY Daryl Movexercise8 LP-Ver1,291025 MY Daryl Movexercise8 LP-Ver1 Image 005,13.89,3.0,40.0,682.0,640.0,20.366569,-,-,-
2026-01-11,2026-01-11,291025 MY Daryl Movexercise8 LEADS,291025 MY Daryl Movexercise8 LP-Ver1,291025 MY Daryl Movexercise8 LP-Ver1 Video 003,102.42,21.0,285.0,8153.0,7893.0,12.562247,-,-,-
2026-01-11,2026-01-11,291025 MY Daryl Movexercise8 LEADS,291025 MY Daryl Movexercise8 LP-Ver2,291025 MY Daryl Movexercise8 LP-Ver2 Image 003,2.18,,2.0,171.0,162.0,12.748538,-,-,-
2026-01-11,2026-01-11,291025 MY Daryl Movexercise8 LEADS,291025 MY Daryl Movexercise8 LP-Ver2,291025 MY Daryl Movexercise8 LP-Ver2 Image 004,2.59,1.0,5.0,110.0,100.0,23.545455,-,-,-
2026-01-11,2026-01-11,291025 MY Daryl Movexercise8 LEADS,291025 MY Daryl Movexercise8 LP-Ver2,291025 MY Daryl Movexercise8 LP-Ver2 Video 003,103.09,14.0,166.0,5362.0,5179.0,19.226035,-,-,-
2026-01-11,2026-01-11,291025 MY Daryl Movexercise8 LEADS,291025 MY Daryl Movexercise8 LP-Ver2,291025 MY Daryl Movexercise8 LP-Ver2 Video 005,25.28,4.0,53.0,982.0,918.0,25.743381,-,-,-
2026-01-12,2026-01-12,291025 MY Daryl Movexercise8 LEADS,291025 MY Daryl Movexercise8 LP-Ver1,051225 MY Daryl Movexercise8 LP-Ver1 Video 002,13.34,2.0,45.0,746.0,723.0,17.882038,-,-,-
2026-01-12,2026-01-12,291025 MY Daryl Movexercise8 LEADS,291025 MY Daryl Movexercise8 LP-Ver2,051225 MY Daryl Movexercise8 LP-Ver2 Video 001,7.54,1.0,22.0,478.0,424.0,15.774059,-,-,-
2026-01-12,2026-01-12,291025 MY Daryl Movexercise8 LEADS,291025 MY Daryl Movexercise8 LP-Ver1,131225 MY Daryl Movexercise8 LP-Ver1 Video 001,17.54,2.0,31.0,1058.0,1001.0,16.57845,-,-,-
2026-01-12,2026-01-12,291025 MY Daryl Movexercise8 LEADS,291025 MY Daryl Movexercise8 LP-Ver1,291025 MY Daryl M8 LP-Ver1 Video 005,4.26,1.0,7.0,237.0,226.0,17.974684,-,-,-
2026-01-12,2026-01-12,291025 MY Daryl Movexercise8 LEADS,291025 MY Daryl Movexercise8 LP-Ver1,291025 MY Daryl Movexercise8 LP-Ver1 Image 003,0.02,,0.0,3.0,3.0,6.666667,-,-,-
2026-01-12,2026-01-12,291025 MY Daryl Movexercise8 LEADS,291025 MY Daryl Movexercise8 LP-Ver1,291025 MY Daryl Movexercise8 LP-Ver1 Image 005,10.06,2.0,29.0,739.0,689.0,13.612991,-,-,-
2026-01-12,2026-01-12,291025 MY Daryl Movexercise8 LEADS,291025 MY Daryl Movexercise8 LP-Ver1,291025 MY Daryl Movexercise8 LP-Ver1 Video 003,106.46,20.0,262.0,9422.0,8921.0,11.299087,-,-,-
2026-01-12,2026-01-12,291025 MY Daryl Movexercise8 LEADS,291025 MY Daryl Movexercise8 LP-Ver2,291025 MY Daryl Movexercise8 LP-Ver2 Image 003,2.48,,2.0,181.0,172.0,13.701657,-,-,-
2026-01-12,2026-01-12,291025 MY Daryl Movexercise8 LEADS,291025 MY Daryl Movexercise8 LP-Ver2,291025 MY Daryl Movexercise8 LP-Ver2 Image 004,2.12,1.0,7.0,138.0,126.0,15.362319,-,-,-
2026-01-12,2026-01-12,291025 MY Daryl Movexercise8 LEADS,291025 MY Daryl Movexercise8 LP-Ver2,291025 MY Daryl Movexercise8 LP-Ver2 Image 005,1.38,,1.0,78.0,76.0,17.692308,-,-,-
2026-01-12,2026-01-12,291025 MY Daryl Movexercise8 LEADS,291025 MY Daryl Movexercise8 LP-Ver2,291025 MY Daryl Movexercise8 LP-Ver2 Video 003,102.26,12.0,163.0,6310.0,6026.0,16.206022,-,-,-
2026-01-12,2026-01-12,291025 MY Daryl Movexercise8 LEADS,291025 MY Daryl Movexercise8 LP-Ver2,291025 MY Daryl Movexercise8 LP-Ver2 Video 005,18.83,2.0,47.0,784.0,720.0,24.017857,-,-,-
2026-01-13,2026-01-13,291025 MY Daryl Movexercise8 LEADS,291025 MY Daryl Movexercise8 LP-Ver1,051225 MY Daryl Movexercise8 LP-Ver1 Video 002,13.19,,34.0,589.0,576.0,22.393888,-,-,-
2026-01-13,2026-01-13,291025 MY Daryl Movexercise8 LEADS,291025 MY Daryl Movexercise8 LP-Ver2,051225 MY Daryl Movexercise8 LP-Ver2 Video 001,12.05,4.0,44.0,787.0,706.0,15.311309,-,-,-
2026-01-13,2026-01-13,291025 MY Daryl Movexercise8 LEADS,291025 MY Daryl Movexercise8 LP-Ver1,131225 MY Daryl Movexercise8 LP-Ver1 Video 001,15.75,2.0,27.0,815.0,773.0,19.325153,-,-,-
2026-01-13,2026-01-13,291025 MY Daryl Movexercise8 LEADS,291025 MY Daryl Movexercise8 LP-Ver1,291025 MY Daryl M8 LP-Ver1 Video 005,5.22,1.0,8.0,264.0,257.0,19.772727,-,-,-
2026-01-13,2026-01-13,291025 MY Daryl Movexercise8 LEADS,291025 MY Daryl Movexercise8 LP-Ver1,291025 MY Daryl Movexercise8 LP-Ver1 Image 003,0.06,,0.0,3.0,3.0,20.0,-,-,-
2026-01-13,2026-01-13,291025 MY Daryl Movexercise8 LEADS,291025 MY Daryl Movexercise8 LP-Ver1,291025 MY Daryl Movexercise8 LP-Ver1 Image 005,17.07,4.0,49.0,846.0,809.0,20.177305,-,-,-
2026-01-13,2026-01-13,291025 MY Daryl Movexercise8 LEADS,291025 MY Daryl Movexercise8 LP-Ver1,291025 MY Daryl Movexercise8 LP-Ver1 Video 003,70.66,4.0,133.0,5162.0,4938.0,13.688493,-,-,-
2026-01-13,2026-01-13,291025 MY Daryl Movexercise8 LEADS,291025 MY Daryl Movexercise8 LP-Ver2,291025 MY Daryl Movexercise8 LP-Ver2 Image 003,3.2,,8.0,170.0,151.0,18.823529,-,-,-
2026-01-13,2026-01-13,291025 MY Daryl Movexercise8 LEADS,291025 MY Daryl Movexercise8 LP-Ver2,291025 MY Daryl Movexercise8 LP-Ver2 Image 004,2.9,,2.0,151.0,131.0,19.205298,-,-,-
2026-01-13,2026-01-13,291025 MY Daryl Movexercise8 LEADS,291025 MY Daryl Movexercise8 LP-Ver2,291025 MY Daryl Movexercise8 LP-Ver2 Image 005,2.94,,3.0,134.0,122.0,21.940299,-,-,-
2026-01-13,2026-01-13,291025 MY Daryl Movexercise8 LEADS,291025 MY Daryl Movexercise8 LP-Ver2,291025 MY Daryl Movexercise8 LP-Ver2 Video 003,81.18,5.0,83.0,4182.0,3888.0,19.411765,-,-,-
2026-01-13,2026-01-13,291025 MY Daryl Movexercise8 LEADS,291025 MY Daryl Movexercise8 LP-Ver2,291025 MY Daryl Movexercise8 LP-Ver2 Video 005,17.58,,44.0,616.0,593.0,28.538961,-,-,-
2026-01-14,2026-01-14,291025 MY Daryl Movexercise8 LEADS,291025 MY Daryl Movexercise8 LP-Ver1,051225 MY Daryl Movexercise8 LP-Ver1 Video 002,17.35,1.0,64.0,894.0,875.0,19.407159,-,-,-
2026-01-14,2026-01-14,291025 MY Daryl Movexercise8 LEADS,291025 MY Daryl Movexercise8 LP-Ver2,051225 MY Daryl Movexercise8 LP-Ver2 Video 001,21.77,1.0,42.0,1337.0,1214.0,16.282723,-,-,-
2026-01-14,2026-01-14,291025 MY Daryl Movexercise8 LEADS,291025 MY Daryl Movexercise8 LP-Ver1,131225 MY Daryl Movexercise8 LP-Ver1 Video 001,11.17,,6.0,594.0,559.0,18.804714,-,-,-
2026-01-14,2026-01-14,291025 MY Daryl Movexercise8 LEADS,291025 MY Daryl Movexercise8 LP-Ver1,291025 MY Daryl M8 LP-Ver1 Video 005,6.59,,22.0,404.0,390.0,16.311881,-,-,-
2026-01-14,2026-01-14,291025 MY Daryl Movexercise8 LEADS,291025 MY Daryl Movexercise8 LP-Ver1,291025 MY Daryl Movexercise8 LP-Ver1 Image 005,20.13,1.0,50.0,1109.0,1033.0,18.151488,-,-,-
2026-01-14,2026-01-14,291025 MY Daryl Movexercise8 LEADS,291025 MY Daryl Movexercise8 LP-Ver1,291025 MY Daryl Movexercise8 LP-Ver1 Video 003,71.36,12.0,155.0,5777.0,5570.0,12.352432,-,-,-
2026-01-14,2026-01-14,291025 MY Daryl Movexercise8 LEADS,291025 MY Daryl Movexercise8 LP-Ver2,291025 MY Daryl Movexercise8 LP-Ver2 Image 003,2.6,,5.0,139.0,129.0,18.705036,-,-,-
2026-01-14,2026-01-14,291025 MY Daryl Movexercise8 LEADS,291025 MY Daryl Movexercise8 LP-Ver2,291025 MY Daryl Movexercise8 LP-Ver2 Image 004,1.79,,1.0,86.0,74.0,20.813953,-,-,-
2026-01-14,2026-01-14,291025 MY Daryl Movexercise8 LEADS,291025 MY Daryl Movexercise8 LP-Ver2,291025 MY Daryl Movexercise8 LP-Ver2 Image 005,3.61,,7.0,181.0,168.0,19.944751,-,-,-
2026-01-14,2026-01-14,291025 MY Daryl Movexercise8 LEADS,291025 MY Daryl Movexercise8 LP-Ver2,291025 MY Daryl Movexercise8 LP-Ver2 Video 003,73.8,9.0,85.0,3609.0,3466.0,20.448878,-,-,-
2026-01-14,2026-01-14,291025 MY Daryl Movexercise8 LEADS,291025 MY Daryl Movexercise8 LP-Ver2,291025 MY Daryl Movexercise8 LP-Ver2 Video 005,19.91,4.0,46.0,815.0,769.0,24.429448,-,-,-
2026-01-15,2026-01-15,291025 MY Daryl Movexercise8 LEADS,291025 MY Daryl Movexercise8 LP-Ver1,051225 MY Daryl Movexercise8 LP-Ver1 Video 002,12.47,3.0,49.0,725.0,703.0,17.2,-,-,-
2026-01-15,2026-01-15,291025 MY Daryl Movexercise8 LEADS,291025 MY Daryl Movexercise8 LP-Ver2,051225 MY Daryl Movexercise8 LP-Ver2 Video 001,25.79,4.0,45.0,1351.0,1223.0,19.089563,-,-,-
2026-01-15,2026-01-15,291025 MY Daryl Movexercise8 LEADS,291025 MY Daryl Movexercise8 LP-Ver1,131225 MY Daryl Movexercise8 LP-Ver1 Video 001,21.94,4.0,31.0,1018.0,975.0,21.552063,-,-,-
2026-01-15,2026-01-15,291025 MY Daryl Movexercise8 LEADS,291025 MY Daryl Movexercise8 LP-Ver1,291025 MY Daryl M8 LP-Ver1 Video 005,9.89,3.0,28.0,534.0,525.0,18.520599,-,-,-
2026-01-15,2026-01-15,291025 MY Daryl Movexercise8 LEADS,291025 MY Daryl Movexercise8 LP-Ver1,291025 MY Daryl Movexercise8 LP-Ver1 Image 003,0.04,,0.0,3.0,3.0,13.333333,-,-,-
2026-01-15,2026-01-15,291025 MY Daryl Movexercise8 LEADS,291025 MY Daryl Movexercise8 LP-Ver1,291025 MY Daryl Movexercise8 LP-Ver1 Image 005,19.29,3.0,42.0,1194.0,1110.0,16.155779,-,-,-
2026-01-15,2026-01-15,291025 MY Daryl Movexercise8 LEADS,291025 MY Daryl Movexercise8 LP-Ver1,291025 MY Daryl Movexercise8 LP-Ver1 Video 003,100.77,16.0,214.0,8243.0,8211.0,12.224918,-,-,-
2026-01-15,2026-01-15,291025 MY Daryl Movexercise8 LEADS,291025 MY Daryl Movexercise8 LP-Ver2,291025 MY Daryl Movexercise8 LP-Ver2 Image 003,2.52,,4.0,169.0,141.0,14.911243,-,-,-
2026-01-15,2026-01-15,291025 MY Daryl Movexercise8 LEADS,291025 MY Daryl Movexercise8 LP-Ver2,291025 MY Daryl Movexercise8 LP-Ver2 Image 004,0.59,,1.0,43.0,36.0,13.72093,-,-,-
2026-01-15,2026-01-15,291025 MY Daryl Movexercise8 LEADS,291025 MY Daryl Movexercise8 LP-Ver2,291025 MY Daryl Movexercise8 LP-Ver2 Image 005,4.36,,11.0,230.0,184.0,18.956522,-,-,-
2026-01-15,2026-01-15,291025 MY Daryl Movexercise8 LEADS,291025 MY Daryl Movexercise8 LP-Ver2,291025 MY Daryl Movexercise8 LP-Ver2 Video 003,89.36,14.0,130.0,4780.0,4431.0,18.694561,-,-,-
2026-01-15,2026-01-15,291025 MY Daryl Movexercise8 LEADS,291025 MY Daryl Movexercise8 LP-Ver2,291025 MY Daryl Movexercise8 LP-Ver2 Video 005,14.75,,24.0,521.0,490.0,28.310941,-,-,-
2026-01-16,2026-01-16,291025 MY Daryl Movexercise8 LEADS,291025 MY Daryl Movexercise8 LP-Ver1,051225 MY Daryl Movexercise8 LP-Ver1 Video 002,15.28,4.0,58.0,807.0,744.0,18.934325,-,-,-
2026-01-16,2026-01-16,291025 MY Daryl Movexercise8 LEADS,291025 MY Daryl Movexercise8 LP-Ver2,051225 MY Daryl Movexercise8 LP-Ver2 Video 001,14.53,3.0,45.0,746.0,724.0,19.477212,-,-,-
2026-01-16,2026-01-16,291025 MY Daryl Movexercise8 LEADS,291025 MY Daryl Movexercise8 LP-Ver1,131225 MY Daryl Movexercise8 LP-Ver1 Video 001,31.8,3.0,37.0,1338.0,1284.0,23.766816,-,-,-
2026-01-16,2026-01-16,291025 MY Daryl Movexercise8 LEADS,291025 MY Daryl Movexercise8 LP-Ver1,291025 MY Daryl M8 LP-Ver1 Video 005,9.86,2.0,15.0,509.0,492.0,19.371316,-,-,-
2026-01-16,2026-01-16,291025 MY Daryl Movexercise8 LEADS,291025 MY Daryl Movexercise8 LP-Ver1,291025 MY Daryl Movexercise8 LP-Ver1 Image 003,0.05,,0.0,2.0,2.0,25.0,-,-,-
2026-01-16,2026-01-16,291025 MY Daryl Movexercise8 LEADS,291025 MY Daryl Movexercise8 LP-Ver1,291025 MY Daryl Movexercise8 LP-Ver1 Image 005,20.0,4.0,42.0,1091.0,1006.0,18.331806,-,-,-
2026-01-16,2026-01-16,291025 MY Daryl Movexercise8 LEADS,291025 MY Daryl Movexercise8 LP-Ver1,291025 MY Daryl Movexercise8 LP-Ver1 Video 003,98.03,9.0,173.0,8082.0,7869.0,12.129423,-,-,-
2026-01-16,2026-01-16,291025 MY Daryl Movexercise8 LEADS,291025 MY Daryl Movexercise8 LP-Ver2,291025 MY Daryl Movexercise8 LP-Ver2 Image 003,4.09,,3.0,244.0,197.0,16.762295,-,-,-
2026-01-16,2026-01-16,291025 MY Daryl Movexercise8 LEADS,291025 MY Daryl Movexercise8 LP-Ver2,291025 MY Daryl Movexercise8 LP-Ver2 Image 004,0.89,,3.0,92.0,58.0,9.673913,-,-,-
2026-01-16,2026-01-16,291025 MY Daryl Movexercise8 LEADS,291025 MY Daryl Movexercise8 LP-Ver2,291025 MY Daryl Movexercise8 LP-Ver2 Image 005,1.74,,3.0,114.0,103.0,15.263158,-,-,-
2026-01-16,2026-01-16,291025 MY Daryl Movexercise8 LEADS,291025 MY Daryl Movexercise8 LP-Ver2,291025 MY Daryl Movexercise8 LP-Ver2 Video 003,89.16,8.0,120.0,4532.0,4335.0,19.673433,-,-,-
2026-01-16,2026-01-16,291025 MY Daryl Movexercise8 LEADS,291025 MY Daryl Movexercise8 LP-Ver2,291025 MY Daryl Movexercise8 LP-Ver2 Video 005,14.56,,23.0,532.0,503.0,27.368421,-,-,-
2026-01-17,2026-01-17,291025 MY Daryl Movexercise8 LEADS,291025 MY Daryl Movexercise8 LP-Ver1,051225 MY Daryl Movexercise8 LP-Ver1 Video 002,16.54,5.0,78.0,883.0,847.0,18.731597,-,-,-
2026-01-17,2026-01-17,291025 MY Daryl Movexercise8 LEADS,291025 MY Daryl Movexercise8 LP-Ver2,051225 MY Daryl Movexercise8 LP-Ver2 Video 001,14.69,1.0,34.0,713.0,681.0,20.603086,-,-,-
2026-01-17,2026-01-17,291025 MY Daryl Movexercise8 LEADS,291025 MY Daryl Movexercise8 LP-Ver1,131225 MY Daryl Movexercise8 LP-Ver1 Video 001,25.41,3.0,27.0,935.0,879.0,27.176471,-,-,-
2026-01-17,2026-01-17,291025 MY Daryl Movexercise8 LEADS,291025 MY Daryl Movexercise8 LP-Ver1,291025 MY Daryl M8 LP-Ver1 Video 005,7.86,,18.0,381.0,360.0,20.629921,-,-,-
2026-01-17,2026-01-17,291025 MY Daryl Movexercise8 LEADS,291025 MY Daryl Movexercise8 LP-Ver1,291025 MY Daryl Movexercise8 LP-Ver1 Image 005,22.51,1.0,37.0,1092.0,1023.0,20.613553,-,-,-
2026-01-17,2026-01-17,291025 MY Daryl Movexercise8 LEADS,291025 MY Daryl Movexercise8 LP-Ver1,291025 MY Daryl Movexercise8 LP-Ver1 Video 003,94.3,11.0,162.0,6121.0,5946.0,15.405979,-,-,-
2026-01-17,2026-01-17,291025 MY Daryl Movexercise8 LEADS,291025 MY Daryl Movexercise8 LP-Ver2,291025 MY Daryl Movexercise8 LP-Ver2 Image 003,2.15,,2.0,102.0,95.0,21.078431,-,-,-
2026-01-17,2026-01-17,291025 MY Daryl Movexercise8 LEADS,291025 MY Daryl Movexercise8 LP-Ver2,291025 MY Daryl Movexercise8 LP-Ver2 Image 004,0.92,,0.0,42.0,42.0,21.904762,-,-,-
2026-01-17,2026-01-17,291025 MY Daryl Movexercise8 LEADS,291025 MY Daryl Movexercise8 LP-Ver2,291025 MY Daryl Movexercise8 LP-Ver2 Image 005,1.21,,0.0,55.0,50.0,22.0,-,-,-
2026-01-17,2026-01-17,291025 MY Daryl Movexercise8 LEADS,291025 MY Daryl Movexercise8 LP-Ver2,291025 MY Daryl Movexercise8 LP-Ver2 Video 003,98.96,5.0,74.0,3952.0,3824.0,25.040486,-,-,-
2026-01-17,2026-01-17,291025 MY Daryl Movexercise8 LEADS,291025 MY Daryl Movexercise8 LP-Ver2,291025 MY Daryl Movexercise8 LP-Ver2 Video 005,12.77,1.0,13.0,415.0,391.0,30.771084,-,-,-
2026-01-18,2026-01-18,291025 MY Daryl Movexercise8 LEADS,291025 MY Daryl Movexercise8 LP-Ver1,051225 MY Daryl Movexercise8 LP-Ver1 Video 002,31.31,6.0,113.0,1731.0,1628.0,18.087811,-,-,-
2026-01-18,2026-01-18,291025 MY Daryl Movexercise8 LEADS,291025 MY Daryl Movexercise8 LP-Ver2,051225 MY Daryl Movexercise8 LP-Ver2 Video 001,27.15,3.0,46.0,1087.0,1031.0,24.977001,-,-,-
2026-01-18,2026-01-18,291025 MY Daryl Movexercise8 LEADS,291025 MY Daryl Movexercise8 LP-Ver1,131225 MY Daryl Movexercise8 LP-Ver1 Video 001,29.61,8.0,36.0,985.0,963.0,30.060914,-,-,-
2026-01-18,2026-01-18,291025 MY Daryl Movexercise8 LEADS,291025 MY Daryl Movexercise8 LP-Ver1,291025 MY Daryl M8 LP-Ver1 Video 005,10.37,,18.0,519.0,489.0,19.980732,-,-,-
2026-01-18,2026-01-18,291025 MY Daryl Movexercise8 LEADS,291025 MY Daryl Movexercise8 LP-Ver1,291025 MY Daryl Movexercise8 LP-Ver1 Image 003,0.01,,0.0,1.0,1.0,10.0,-,-,-
2026-01-18,2026-01-18,291025 MY Daryl Movexercise8 LEADS,291025 MY Daryl Movexercise8 LP-Ver1,291025 MY Daryl Movexercise8 LP-Ver1 Image 005,19.91,3.0,48.0,965.0,926.0,20.632124,-,-,-
2026-01-18,2026-01-18,291025 MY Daryl Movexercise8 LEADS,291025 MY Daryl Movexercise8 LP-Ver1,291025 MY Daryl Movexercise8 LP-Ver1 Video 003,95.63,14.0,248.0,7229.0,6948.0,13.228662,-,-,-
2026-01-18,2026-01-18,291025 MY Daryl Movexercise8 LEADS,291025 MY Daryl Movexercise8 LP-Ver2,291025 MY Daryl Movexercise8 LP-Ver2 Image 003,3.51,,6.0,178.0,148.0,19.719101,-,-,-
2026-01-18,2026-01-18,291025 MY Daryl Movexercise8 LEADS,291025 MY Daryl Movexercise8 LP-Ver2,291025 MY Daryl Movexercise8 LP-Ver2 Image 004,1.2,,1.0,54.0,49.0,22.222222,-,-,-
2026-01-18,2026-01-18,291025 MY Daryl Movexercise8 LEADS,291025 MY Daryl Movexercise8 LP-Ver2,291025 MY Daryl Movexercise8 LP-Ver2 Video 003,88.5,7.0,109.0,3801.0,3586.0,23.283346,-,-,-
2026-01-18,2026-01-18,291025 MY Daryl Movexercise8 LEADS,291025 MY Daryl Movexercise8 LP-Ver2,291025 MY Daryl Movexercise8 LP-Ver2 Video 005,22.18,4.0,50.0,813.0,730.0,27.281673,-,-,-
2026-01-19,2026-01-19,291025 MY Daryl Movexercise8 LEADS,291025 MY Daryl Movexercise8 LP-Ver1,051225 MY Daryl Movexercise8 LP-Ver1 Video 002,32.85,4.0,113.0,1759.0,1610.0,18.675384,-,-,-
2026-01-19,2026-01-19,291025 MY Daryl Movexercise8 LEADS,291025 MY Daryl Movexercise8 LP-Ver2,051225 MY Daryl Movexercise8 LP-Ver2 Video 001,17.22,1.0,38.0,710.0,661.0,24.253521,-,-,-
2026-01-19,2026-01-19,291025 MY Daryl Movexercise8 LEADS,291025 MY Daryl Movexercise8 LP-Ver1,131225 MY Daryl Movexercise8 LP-Ver1 Video 001,33.71,4.0,37.0,1392.0,1277.0,24.216954,-,-,-
2026-01-19,2026-01-19,291025 MY Daryl Movexercise8 LEADS,291025 MY Daryl Movexercise8 LP-Ver1,291025 MY Daryl M8 LP-Ver1 Video 005,10.98,,24.0,530.0,508.0,20.716981,-,-,-
2026-01-19,2026-01-19,291025 MY Daryl Movexercise8 LEADS,291025 MY Daryl Movexercise8 LP-Ver1,291025 MY Daryl Movexercise8 LP-Ver1 Image 005,22.27,1.0,43.0,1087.0,1001.0,20.487581,-,-,-
2026-01-19,2026-01-19,291025 MY Daryl Movexercise8 LEADS,291025 MY Daryl Movexercise8 LP-Ver1,291025 MY Daryl Movexercise8 LP-Ver1 Video 003,81.66,6.0,206.0,7304.0,6905.0,11.180175,-,-,-
2026-01-19,2026-01-19,291025 MY Daryl Movexercise8 LEADS,291025 MY Daryl Movexercise8 LP-Ver2,291025 MY Daryl Movexercise8 LP-Ver2 Image 003,2.42,,4.0,170.0,138.0,14.235294,-,-,-
2026-01-19,2026-01-19,291025 MY Daryl Movexercise8 LEADS,291025 MY Daryl Movexercise8 LP-Ver2,291025 MY Daryl Movexercise8 LP-Ver2 Image 004,1.75,,5.0,54.0,49.0,32.407407,-,-,-
2026-01-19,2026-01-19,291025 MY Daryl Movexercise8 LEADS,291025 MY Daryl Movexercise8 LP-Ver2,291025 MY Daryl Movexercise8 LP-Ver2 Image 005,0.23,,0.0,5.0,5.0,46.0,-,-,-
2026-01-19,2026-01-19,291025 MY Daryl Movexercise8 LEADS,291025 MY Daryl Movexercise8 LP-Ver2,291025 MY Daryl Movexercise8 LP-Ver2 Video 003,82.85,7.0,110.0,3741.0,3564.0,22.146485,-,-,-
2026-01-19,2026-01-19,291025 MY Daryl Movexercise8 LEADS,291025 MY Daryl Movexercise8 LP-Ver2,291025 MY Daryl Movexercise8 LP-Ver2 Video 005,24.32,2.0,38.0,935.0,847.0,26.010695,-,-,-
2026-01-20,2026-01-20,291025 MY Daryl Movexercise8 LEADS,291025 MY Daryl Movexercise8 LP-Ver1,051225 MY Daryl Movexercise8 LP-Ver1 Video 002,23.1,1.0,67.0,1145.0,1068.0,20.174672,-,-,-
2026-01-20,2026-01-20,291025 MY Daryl Movexercise8 LEADS,291025 MY Daryl Movexercise8 LP-Ver2,051225 MY Daryl Movexercise8 LP-Ver2 Video 001,13.09,1.0,19.0,496.0,476.0,26.391129,-,-,-
2026-01-20,2026-01-20,291025 MY Daryl Movexercise8 LEADS,291025 MY Daryl Movexercise8 LP-Ver1,131225 MY Daryl Movexercise8 LP-Ver1 Video 001,35.43,5.0,54.0,1286.0,1223.0,27.550544,-,-,-
2026-01-20,2026-01-20,291025 MY Daryl Movexercise8 LEADS,291025 MY Daryl Movexercise8 LP-Ver1,291025 MY Daryl M8 LP-Ver1 Video 005,8.64,2.0,16.0,433.0,424.0,19.953811,-,-,-
2026-01-20,2026-01-20,291025 MY Daryl Movexercise8 LEADS,291025 MY Daryl Movexercise8 LP-Ver1,291025 MY Daryl Movexercise8 LP-Ver1 Image 003,0.19,,0.0,6.0,6.0,31.666667,-,-,-
2026-01-20,2026-01-20,291025 MY Daryl Movexercise8 LEADS,291025 MY Daryl Movexercise8 LP-Ver1,291025 MY Daryl Movexercise8 LP-Ver1 Image 005,21.05,1.0,48.0,1071.0,988.0,19.654528,-,-,-
2026-01-20,2026-01-20,291025 MY Daryl Movexercise8 LEADS,291025 MY Daryl Movexercise8 LP-Ver1,291025 MY Daryl Movexercise8 LP-Ver1 Video 003,93.2,11.0,220.0,7545.0,7192.0,12.352551,-,-,-
2026-01-20,2026-01-20,291025 MY Daryl Movexercise8 LEADS,291025 MY Daryl Movexercise8 LP-Ver2,291025 MY Daryl Movexercise8 LP-Ver2 Image 003,2.68,,6.0,162.0,134.0,16.54321,-,-,-
2026-01-20,2026-01-20,291025 MY Daryl Movexercise8 LEADS,291025 MY Daryl Movexercise8 LP-Ver2,291025 MY Daryl Movexercise8 LP-Ver2 Image 004,1.1,1.0,5.0,69.0,54.0,15.942029,-,-,-
2026-01-20,2026-01-20,291025 MY Daryl Movexercise8 LEADS,291025 MY Daryl Movexercise8 LP-Ver2,291025 MY Daryl Movexercise8 LP-Ver2 Image 005,0.26,,1.0,20.0,18.0,13.0,-,-,-
2026-01-20,2026-01-20,291025 MY Daryl Movexercise8 LEADS,291025 MY Daryl Movexercise8 LP-Ver2,291025 MY Daryl Movexercise8 LP-Ver2 Video 003,81.99,6.0,106.0,3443.0,3324.0,23.813535,-,-,-
2026-01-20,2026-01-20,291025 MY Daryl Movexercise8 LEADS,291025 MY Daryl Movexercise8 LP-Ver2,291025 MY Daryl Movexercise8 LP-Ver2 Video 005,32.79,1.0,51.0,1030.0,932.0,31.834951,-,-,-
2026-01-21,2026-01-21,291025 MY Daryl Movexercise8 LEADS,291025 MY Daryl Movexercise8 LP-Ver1,051225 MY Daryl Movexercise8 LP-Ver1 Video 002,19.88,4.0,60.0,823.0,772.0,24.155529,-,-,-
2026-01-21,2026-01-21,291025 MY Daryl Movexercise8 LEADS,291025 MY Daryl Movexercise8 LP-Ver2,051225 MY Daryl Movexercise8 LP-Ver2 Video 001,13.38,3.0,30.0,486.0,468.0,27.530864,-,-,-
2026-01-21,2026-01-21,291025 MY Daryl Movexercise8 LEADS,291025 MY Daryl Movexercise8 LP-Ver1,131225 MY Daryl Movexercise8 LP-Ver1 Video 001,40.56,7.0,38.0,1306.0,1221.0,31.056662,-,-,-
2026-01-21,2026-01-21,291025 MY Daryl Movexercise8 LEADS,291025 MY Daryl Movexercise8 LP-Ver1,291025 MY Daryl M8 LP-Ver1 Video 005,6.79,2.0,16.0,322.0,302.0,21.086957,-,-,-
2026-01-21,2026-01-21,291025 MY Daryl Movexercise8 LEADS,291025 MY Daryl Movexercise8 LP-Ver1,291025 MY Daryl Movexercise8 LP-Ver1 Image 005,13.82,1.0,44.0,740.0,697.0,18.675676,-,-,-
2026-01-21,2026-01-21,291025 MY Daryl Movexercise8 LEADS,291025 MY Daryl Movexercise8 LP-Ver1,291025 MY Daryl Movexercise8 LP-Ver1 Video 003,93.8,10.0,200.0,7572.0,7286.0,12.387744,-,-,-
2026-01-21,2026-01-21,291025 MY Daryl Movexercise8 LEADS,291025 MY Daryl Movexercise8 LP-Ver2,291025 MY Daryl Movexercise8 LP-Ver2 Image 003,4.61,1.0,7.0,232.0,200.0,19.87069,-,-,-
2026-01-21,2026-01-21,291025 MY Daryl Movexercise8 LEADS,291025 MY Daryl Movexercise8 LP-Ver2,291025 MY Daryl Movexercise8 LP-Ver2 Image 004,1.07,,2.0,53.0,51.0,20.188679,-,-,-
2026-01-21,2026-01-21,291025 MY Daryl Movexercise8 LEADS,291025 MY Daryl Movexercise8 LP-Ver2,291025 MY Daryl Movexercise8 LP-Ver2 Video 003,84.51,9.0,116.0,3734.0,3639.0,22.632566,-,-,-
2026-01-21,2026-01-21,291025 MY Daryl Movexercise8 LEADS,291025 MY Daryl Movexercise8 LP-Ver2,291025 MY Daryl Movexercise8 LP-Ver2 Video 005,21.79,5.0,42.0,713.0,695.0,30.56101,-,-,-
2026-01-22,2026-01-22,291025 MY Daryl Movexercise8 LEADS,291025 MY Daryl Movexercise8 LP-Ver1,051225 MY Daryl Movexercise8 LP-Ver1 Video 002,12.35,3.0,32.0,559.0,555.0,22.093023,-,-,-
2026-01-22,2026-01-22,291025 MY Daryl Movexercise8 LEADS,291025 MY Daryl Movexercise8 LP-Ver2,051225 MY Daryl Movexercise8 LP-Ver2 Video 001,18.74,1.0,28.0,645.0,604.0,29.054264,-,-,-
2026-01-22,2026-01-22,291025 MY Daryl Movexercise8 LEADS,291025 MY Daryl Movexercise8 LP-Ver1,131225 MY Daryl Movexercise8 LP-Ver1 Video 001,52.79,8.0,59.0,1961.0,1840.0,26.919939,-,-,-
2026-01-22,2026-01-22,291025 MY Daryl Movexercise8 LEADS,291025 MY Daryl Movexercise8 LP-Ver1,291025 MY Daryl M8 LP-Ver1 Video 005,4.2,,2.0,218.0,211.0,19.266055,-,-,-
2026-01-22,2026-01-22,291025 MY Daryl Movexercise8 LEADS,291025 MY Daryl Movexercise8 LP-Ver1,291025 MY Daryl Movexercise8 LP-Ver1 Image 005,11.9,1.0,31.0,548.0,516.0,21.715328,-,-,-
2026-01-22,2026-01-22,291025 MY Daryl Movexercise8 LEADS,291025 MY Daryl Movexercise8 LP-Ver1,291025 MY Daryl Movexercise8 LP-Ver1 Video 003,79.29,6.0,139.0,5901.0,5799.0,13.436706,-,-,-
2026-01-22,2026-01-22,291025 MY Daryl Movexercise8 LEADS,291025 MY Daryl Movexercise8 LP-Ver2,291025 MY Daryl Movexercise8 LP-Ver2 Image 003,2.95,,5.0,163.0,139.0,18.09816,-,-,-
2026-01-22,2026-01-22,291025 MY Daryl Movexercise8 LEADS,291025 MY Daryl Movexercise8 LP-Ver2,291025 MY Daryl Movexercise8 LP-Ver2 Image 004,0.86,,2.0,52.0,47.0,16.538462,-,-,-
2026-01-22,2026-01-22,291025 MY Daryl Movexercise8 LEADS,291025 MY Daryl Movexercise8 LP-Ver2,291025 MY Daryl Movexercise8 LP-Ver2 Image 005,0.46,,0.0,9.0,9.0,51.111111,-,-,-
2026-01-22,2026-01-22,291025 MY Daryl Movexercise8 LEADS,291025 MY Daryl Movexercise8 LP-Ver2,291025 MY Daryl Movexercise8 LP-Ver2 Video 003,83.23,10.0,76.0,3370.0,3205.0,24.697329,-,-,-
2026-01-22,2026-01-22,291025 MY Daryl Movexercise8 LEADS,291025 MY Daryl Movexercise8 LP-Ver2,291025 MY Daryl Movexercise8 LP-Ver2 Video 005,15.53,1.0,19.0,547.0,513.0,28.391225,-,-,-
2026-01-23,2026-01-23,291025 MY Daryl Movexercise8 LEADS,291025 MY Daryl Movexercise8 LP-Ver1,051225 MY Daryl Movexercise8 LP-Ver1 Video 002,13.89,2.0,53.0,673.0,646.0,20.63893,-,-,-
2026-01-23,2026-01-23,291025 MY Daryl Movexercise8 LEADS,291025 MY Daryl Movexercise8 LP-Ver2,051225 MY Daryl Movexercise8 LP-Ver2 Video 001,24.14,3.0,42.0,711.0,679.0,33.95218,-,-,-
2026-01-23,2026-01-23,291025 MY Daryl Movexercise8 LEADS,291025 MY Daryl Movexercise8 LP-Ver1,131225 MY Daryl Movexercise8 LP-Ver1 Video 001,74.33,8.0,77.0,2890.0,2675.0,25.719723,-,-,-
2026-01-23,2026-01-23,291025 MY Daryl Movexercise8 LEADS,291025 MY Daryl Movexercise8 LP-Ver1,291025 MY Daryl M8 LP-Ver1 Video 005,0.6,,1.0,35.0,35.0,17.142857,-,-,-
2026-01-23,2026-01-23,291025 MY Daryl Movexercise8 LEADS,291025 MY Daryl Movexercise8 LP-Ver1,291025 MY Daryl Movexercise8 LP-Ver1 Image 003,0.17,,0.0,10.0,10.0,17.0,-,-,-
2026-01-23,2026-01-23,291025 MY Daryl Movexercise8 LEADS,291025 MY Daryl Movexercise8 LP-Ver1,291025 MY Daryl Movexercise8 LP-Ver1 Image 005,15.46,,33.0,693.0,639.0,22.308802,-,-,-
2026-01-23,2026-01-23,291025 MY Daryl Movexercise8 LEADS,291025 MY Daryl Movexercise8 LP-Ver1,291025 MY Daryl Movexercise8 LP-Ver1 Video 003,58.91,3.0,109.0,4559.0,4450.0,12.921693,-,-,-
2026-01-23,2026-01-23,291025 MY Daryl Movexercise8 LEADS,291025 MY Daryl Movexercise8 LP-Ver2,291025 MY Daryl Movexercise8 LP-Ver2 Image 003,3.83,,5.0,166.0,147.0,23.072289,-,-,-
2026-01-23,2026-01-23,291025 MY Daryl Movexercise8 LEADS,291025 MY Daryl Movexercise8 LP-Ver2,291025 MY Daryl Movexercise8 LP-Ver2 Image 004,1.41,,3.0,54.0,48.0,26.111111,-,-,-
2026-01-23,2026-01-23,291025 MY Daryl Movexercise8 LEADS,291025 MY Daryl Movexercise8 LP-Ver2,291025 MY Daryl Movexercise8 LP-Ver2 Video 003,72.73,10.0,77.0,2934.0,2934.0,24.788684,-,-,-
2026-01-23,2026-01-23,291025 MY Daryl Movexercise8 LEADS,291025 MY Daryl Movexercise8 LP-Ver2,291025 MY Daryl Movexercise8 LP-Ver2 Video 005,19.85,1.0,36.0,660.0,607.0,30.075758,-,-,-
2026-01-24,2026-01-24,291025 MY Daryl Movexercise8 LEADS,291025 MY Daryl Movexercise8 LP-Ver1,051225 MY Daryl Movexercise8 LP-Ver1 Video 002,9.05,4.0,36.0,471.0,455.0,19.214437,-,-,-
2026-01-24,2026-01-24,291025 MY Daryl Movexercise8 LEADS,291025 MY Daryl Movexercise8 LP-Ver2,051225 MY Daryl Movexercise8 LP-Ver2 Video 001,29.66,5.0,54.0,819.0,779.0,36.214896,-,-,-
2026-01-24,2026-01-24,291025 MY Daryl Movexercise8 LEADS,291025 MY Daryl Movexercise8 LP-Ver1,131225 MY Daryl Movexercise8 LP-Ver1 Video 001,58.27,8.0,61.0,2182.0,2086.0,26.704858,-,-,-
2026-01-24,2026-01-24,291025 MY Daryl Movexercise8 LEADS,291025 MY Daryl Movexercise8 LP-Ver1,291025 MY Daryl M8 LP-Ver1 Video 005,1.32,1.0,3.0,58.0,57.0,22.758621,-,-,-
2026-01-24,2026-01-24,291025 MY Daryl Movexercise8 LEADS,291025 MY Daryl Movexercise8 LP-Ver1,291025 MY Daryl Movexercise8 LP-Ver1 Image 005,18.34,1.0,47.0,699.0,654.0,26.237482,-,-,-
2026-01-24,2026-01-24,291025 MY Daryl Movexercise8 LEADS,291025 MY Daryl Movexercise8 LP-Ver1,291025 MY Daryl Movexercise8 LP-Ver1 Video 003,70.34,10.0,134.0,4849.0,4657.0,14.506084,-,-,-
2026-01-24,2026-01-24,291025 MY Daryl Movexercise8 LEADS,291025 MY Daryl Movexercise8 LP-Ver2,291025 MY Daryl Movexercise8 LP-Ver2 Image 003,2.58,,9.0,137.0,124.0,18.832117,-,-,-
2026-01-24,2026-01-24,291025 MY Daryl Movexercise8 LEADS,291025 MY Daryl Movexercise8 LP-Ver2,291025 MY Daryl Movexercise8 LP-Ver2 Image 004,0.68,,0.0,41.0,39.0,16.585366,-,-,-
2026-01-24,2026-01-24,291025 MY Daryl Movexercise8 LEADS,291025 MY Daryl Movexercise8 LP-Ver2,291025 MY Daryl Movexercise8 LP-Ver2 Image 005,0.1,,0.0,3.0,3.0,33.333333,-,-,-
2026-01-24,2026-01-24,291025 MY Daryl Movexercise8 LEADS,291025 MY Daryl Movexercise8 LP-Ver2,291025 MY Daryl Movexercise8 LP-Ver2 Video 003,72.8,9.0,85.0,2671.0,2606.0,27.255709,-,-,-
2026-01-24,2026-01-24,291025 MY Daryl Movexercise8 LEADS,291025 MY Daryl Movexercise8 LP-Ver2,291025 MY Daryl Movexercise8 LP-Ver2 Video 005,15.37,1.0,20.0,493.0,468.0,31.176471,-,-,-
2026-01-25,2026-01-25,291025 MY Daryl Movexercise8 LEADS,291025 MY Daryl Movexercise8 LP-Ver1,051225 MY Daryl Movexercise8 LP-Ver1 Video 002,18.0,1.0,48.0,744.0,686.0,24.193548,-,-,-
2026-01-25,2026-01-25,291025 MY Daryl Movexercise8 LEADS,291025 MY Daryl Movexercise8 LP-Ver2,051225 MY Daryl Movexercise8 LP-Ver2 Video 001,31.14,5.0,71.0,944.0,914.0,32.987288,-,-,-
2026-01-25,2026-01-25,291025 MY Daryl Movexercise8 LEADS,291025 MY Daryl Movexercise8 LP-Ver1,131225 MY Daryl Movexercise8 LP-Ver1 Video 001,48.23,3.0,38.0,1461.0,1362.0,33.011636,-,-,-
2026-01-25,2026-01-25,291025 MY Daryl Movexercise8 LEADS,291025 MY Daryl Movexercise8 LP-Ver1,291025 MY Daryl M8 LP-Ver1 Video 005,0.04,,0.0,6.0,6.0,6.666667,-,-,-
2026-01-25,2026-01-25,291025 MY Daryl Movexercise8 LEADS,291025 MY Daryl Movexercise8 LP-Ver1,291025 MY Daryl Movexercise8 LP-Ver1 Image 005,23.22,1.0,57.0,790.0,750.0,29.392405,-,-,-
2026-01-25,2026-01-25,291025 MY Daryl Movexercise8 LEADS,291025 MY Daryl Movexercise8 LP-Ver1,291025 MY Daryl Movexercise8 LP-Ver1 Video 003,96.7,15.0,204.0,6333.0,5983.0,15.269225,-,-,-
2026-01-25,2026-01-25,291025 MY Daryl Movexercise8 LEADS,291025 MY Daryl Movexercise8 LP-Ver2,291025 MY Daryl Movexercise8 LP-Ver2 Image 003,6.25,1.0,13.0,291.0,263.0,21.477663,-,-,-
2026-01-25,2026-01-25,291025 MY Daryl Movexercise8 LEADS,291025 MY Daryl Movexercise8 LP-Ver2,291025 MY Daryl Movexercise8 LP-Ver2 Image 004,0.47,,5.0,32.0,31.0,14.6875,-,-,-
2026-01-25,2026-01-25,291025 MY Daryl Movexercise8 LEADS,291025 MY Daryl Movexercise8 LP-Ver2,291025 MY Daryl Movexercise8 LP-Ver2 Image 005,0.21,1.0,1.0,10.0,10.0,21.0,-,-,-
2026-01-25,2026-01-25,291025 MY Daryl Movexercise8 LEADS,291025 MY Daryl Movexercise8 LP-Ver2,291025 MY Daryl Movexercise8 LP-Ver2 Video 003,91.86,5.0,115.0,3436.0,3338.0,26.734575,-,-,-
2026-01-25,2026-01-25,291025 MY Daryl Movexercise8 LEADS,291025 MY Daryl Movexercise8 LP-Ver2,291025 MY Daryl Movexercise8 LP-Ver2 Video 005,15.89,4.0,38.0,528.0,478.0,30.094697,-,-,-
2026-01-26,2026-01-26,291025 MY Daryl Movexercise8 LEADS,291025 MY Daryl Movexercise8 LP-Ver1,051225 MY Daryl Movexercise8 LP-Ver1 Video 002,33.33,3.0,118.0,1580.0,1478.0,21.094937,-,-,-
2026-01-26,2026-01-26,291025 MY Daryl Movexercise8 LEADS,291025 MY Daryl Movexercise8 LP-Ver2,051225 MY Daryl Movexercise8 LP-Ver2 Video 001,17.3,1.0,41.0,625.0,593.0,27.68,-,-,-
2026-01-26,2026-01-26,291025 MY Daryl Movexercise8 LEADS,291025 MY Daryl Movexercise8 LP-Ver1,131225 MY Daryl Movexercise8 LP-Ver1 Video 001,48.74,3.0,40.0,1650.0,1604.0,29.539394,-,-,-
2026-01-26,2026-01-26,291025 MY Daryl Movexercise8 LEADS,291025 MY Daryl Movexercise8 LP-Ver1,291025 MY Daryl M8 LP-Ver1 Video 005,4.09,1.0,8.0,160.0,154.0,25.5625,-,-,-
2026-01-26,2026-01-26,291025 MY Daryl Movexercise8 LEADS,291025 MY Daryl Movexercise8 LP-Ver1,291025 MY Daryl Movexercise8 LP-Ver1 Video 003,93.85,10.0,163.0,6603.0,6567.0,14.213236,-,-,-
2026-01-26,2026-01-26,291025 MY Daryl Movexercise8 LEADS,291025 MY Daryl Movexercise8 LP-Ver2,291025 MY Daryl Movexercise8 LP-Ver2 Image 004,1.51,,5.0,78.0,70.0,19.358974,-,-,-
2026-01-26,2026-01-26,291025 MY Daryl Movexercise8 LEADS,291025 MY Daryl Movexercise8 LP-Ver2,291025 MY Daryl Movexercise8 LP-Ver2 Video 003,111.32,8.0,165.0,4868.0,4627.0,22.867707,-,-,-
2026-01-26,2026-01-26,291025 MY Daryl Movexercise8 LEADS,291025 MY Daryl Movexercise8 LP-Ver2,291025 MY Daryl Movexercise8 LP-Ver2 Video 005,20.14,2.0,40.0,718.0,686.0,28.050139,-,-,-
2026-01-27,2026-01-27,291025 MY Daryl Movexercise8 LEADS,291025 MY Daryl Movexercise8 LP-Ver1,051225 MY Daryl Movexercise8 LP-Ver1 Video 002,19.57,,69.0,992.0,920.0,19.727823,-,-,-
2026-01-27,2026-01-27,291025 MY Daryl Movexercise8 LEADS,291025 MY Daryl Movexercise8 LP-Ver2,051225 MY Daryl Movexercise8 LP-Ver2 Video 001,12.85,4.0,28.0,455.0,438.0,28.241758,-,-,-
2026-01-27,2026-01-27,291025 MY Daryl Movexercise8 LEADS,291025 MY Daryl Movexercise8 LP-Ver1,131225 MY Daryl Movexercise8 LP-Ver1 Video 001,34.69,5.0,31.0,1242.0,1159.0,27.930757,-,-,-
2026-01-27,2026-01-27,291025 MY Daryl Movexercise8 LEADS,291025 MY Daryl Movexercise8 LP-Ver1,291025 MY Daryl M8 LP-Ver1 Video 005,7.75,,9.0,358.0,340.0,21.648045,-,-,-
2026-01-27,2026-01-27,291025 MY Daryl Movexercise8 LEADS,291025 MY Daryl Movexercise8 LP-Ver1,291025 MY Daryl Movexercise8 LP-Ver1 Video 003,118.83,24.0,258.0,9309.0,8884.0,12.765066,-,-,-
2026-01-27,2026-01-27,291025 MY Daryl Movexercise8 LEADS,291025 MY Daryl Movexercise8 LP-Ver2,291025 MY Daryl Movexercise8 LP-Ver2 Image 004,1.89,,2.0,73.0,67.0,25.890411,-,-,-
2026-01-27,2026-01-27,291025 MY Daryl Movexercise8 LEADS,291025 MY Daryl Movexercise8 LP-Ver2,291025 MY Daryl Movexercise8 LP-Ver2 Image 005,0.65,,2.0,26.0,25.0,25.0,-,-,-
2026-01-27,2026-01-27,291025 MY Daryl Movexercise8 LEADS,291025 MY Daryl Movexercise8 LP-Ver2,291025 MY Daryl Movexercise8 LP-Ver2 Video 003,101.79,9.0,128.0,4541.0,4369.0,22.415767,-,-,-
2026-01-27,2026-01-27,291025 MY Daryl Movexercise8 LEADS,291025 MY Daryl Movexercise8 LP-Ver2,291025 MY Daryl Movexercise8 LP-Ver2 Video 005,15.61,1.0,25.0,590.0,547.0,26.457627,-,-,-
2026-01-28,2026-01-28,291025 MY Daryl Movexercise8 LEADS,291025 MY Daryl Movexercise8 LP-Ver1,051225 MY Daryl Movexercise8 LP-Ver1 Video 002,24.93,,85.0,1296.0,1212.0,19.236111,-,-,-
2026-01-28,2026-01-28,291025 MY Daryl Movexercise8 LEADS,291025 MY Daryl Movexercise8 LP-Ver2,051225 MY Daryl Movexercise8 LP-Ver2 Video 001,13.45,2.0,25.0,472.0,438.0,28.495763,-,-,-
2026-01-28,2026-01-28,291025 MY Daryl Movexercise8 LEADS,291025 MY Daryl Movexercise8 LP-Ver1,131225 MY Daryl Movexercise8 LP-Ver1 Video 001,24.36,4.0,22.0,788.0,778.0,30.913706,-,-,-
2026-01-28,2026-01-28,291025 MY Daryl Movexercise8 LEADS,291025 MY Daryl Movexercise8 LP-Ver1,291025 MY Daryl M8 LP-Ver1 Video 005,6.74,,11.0,388.0,366.0,17.371134,-,-,-
2026-01-28,2026-01-28,291025 MY Daryl Movexercise8 LEADS,291025 MY Daryl Movexercise8 LP-Ver1,291025 MY Daryl Movexercise8 LP-Ver1 Image 003,0.53,,1.0,16.0,16.0,33.125,-,-,-
2026-01-28,2026-01-28,291025 MY Daryl Movexercise8 LEADS,291025 MY Daryl Movexercise8 LP-Ver1,291025 MY Daryl Movexercise8 LP-Ver1 Video 003,107.41,11.0,201.0,7650.0,7237.0,14.040523,-,-,-
2026-01-28,2026-01-28,291025 MY Daryl Movexercise8 LEADS,291025 MY Daryl Movexercise8 LP-Ver2,291025 MY Daryl Movexercise8 LP-Ver2 Image 004,1.71,,1.0,50.0,46.0,34.2,-,-,-
2026-01-28,2026-01-28,291025 MY Daryl Movexercise8 LEADS,291025 MY Daryl Movexercise8 LP-Ver2,291025 MY Daryl Movexercise8 LP-Ver2 Video 003,93.67,7.0,124.0,4305.0,4184.0,21.75842,-,-,-
2026-01-28,2026-01-28,291025 MY Daryl Movexercise8 LEADS,291025 MY Daryl Movexercise8 LP-Ver2,291025 MY Daryl Movexercise8 LP-Ver2 Video 005,11.92,2.0,26.0,451.0,436.0,26.430155,-,-,-
2026-01-29,2026-01-29,291025 MY Daryl Movexercise8 LEADS,291025 MY Daryl Movexercise8 LP-Ver1,051225 MY Daryl Movexercise8 LP-Ver1 Video 002,38.53,5.0,162.0,2209.0,2087.0,17.442282,-,-,-
2026-01-29,2026-01-29,291025 MY Daryl Movexercise8 LEADS,291025 MY Daryl Movexercise8 LP-Ver2,051225 MY Daryl Movexercise8 LP-Ver2 Video 001,18.16,3.0,40.0,563.0,561.0,32.255773,-,-,-
2026-01-29,2026-01-29,291025 MY Daryl Movexercise8 LEADS,291025 MY Daryl Movexercise8 LP-Ver1,131225 MY Daryl Movexercise8 LP-Ver1 Video 001,24.42,2.0,20.0,851.0,835.0,28.695652,-,-,-
2026-01-29,2026-01-29,291025 MY Daryl Movexercise8 LEADS,291025 MY Daryl Movexercise8 LP-Ver1,291025 MY Daryl M8 LP-Ver1 Video 005,7.25,1.0,19.0,378.0,371.0,19.179894,-,-,-
2026-01-29,2026-01-29,291025 MY Daryl Movexercise8 LEADS,291025 MY Daryl Movexercise8 LP-Ver1,291025 MY Daryl Movexercise8 LP-Ver1 Image 003,0.15,,0.0,7.0,7.0,21.428571,-,-,-
2026-01-29,2026-01-29,291025 MY Daryl Movexercise8 LEADS,291025 MY Daryl Movexercise8 LP-Ver1,291025 MY Daryl Movexercise8 LP-Ver1 Video 003,91.46,7.0,171.0,7037.0,6672.0,12.997016,-,-,-
2026-01-29,2026-01-29,291025 MY Daryl Movexercise8 LEADS,291025 MY Daryl Movexercise8 LP-Ver2,291025 MY Daryl Movexercise8 LP-Ver2 Image 004,0.91,,2.0,47.0,42.0,19.361702,-,-,-
2026-01-29,2026-01-29,291025 MY Daryl Movexercise8 LEADS,291025 MY Daryl Movexercise8 LP-Ver2,291025 MY Daryl Movexercise8 LP-Ver2 Image 005,0.2,,0.0,12.0,12.0,16.666667,-,-,-
2026-01-29,2026-01-29,291025 MY Daryl Movexercise8 LEADS,291025 MY Daryl Movexercise8 LP-Ver2,291025 MY Daryl Movexercise8 LP-Ver2 Video 003,94.15,8.0,119.0,4509.0,4359.0,20.880461,-,-,-
2026-01-29,2026-01-29,291025 MY Daryl Movexercise8 LEADS,291025 MY Daryl Movexercise8 LP-Ver2,291025 MY Daryl Movexercise8 LP-Ver2 Video 005,9.24,3.0,34.0,403.0,379.0,22.92804,-,-,-
2026-01-30,2026-01-30,291025 MY Daryl Movexercise8 LEADS,291025 MY Daryl Movexercise8 LP-Ver1,051225 MY Daryl Movexercise8 LP-Ver1 Video 002,27.56,2.0,140.0,1639.0,1497.0,16.815131,-,-,-
2026-01-30,2026-01-30,291025 MY Daryl Movexercise8 LEADS,291025 MY Daryl Movexercise8 LP-Ver2,051225 MY Daryl Movexercise8 LP-Ver2 Video 001,18.69,3.0,29.0,554.0,542.0,33.736462,-,-,-
2026-01-30,2026-01-30,291025 MY Daryl Movexercise8 LEADS,291025 MY Daryl Movexercise8 LP-Ver1,131225 MY Daryl Movexercise8 LP-Ver1 Video 001,25.6,1.0,32.0,828.0,809.0,30.917874,-,-,-
2026-01-30,2026-01-30,291025 MY Daryl Movexercise8 LEADS,291025 MY Daryl Movexercise8 LP-Ver1,291025 MY Daryl M8 LP-Ver1 Video 005,10.87,,24.0,546.0,516.0,19.908425,-,-,-
2026-01-30,2026-01-30,291025 MY Daryl Movexercise8 LEADS,291025 MY Daryl Movexercise8 LP-Ver1,291025 MY Daryl Movexercise8 LP-Ver1 Image 003,0.2,,1.0,16.0,14.0,12.5,-,-,-
2026-01-30,2026-01-30,291025 MY Daryl Movexercise8 LEADS,291025 MY Daryl Movexercise8 LP-Ver1,291025 MY Daryl Movexercise8 LP-Ver1 Video 003,89.69,14.0,230.0,7584.0,7436.0,11.826213,-,-,-
2026-01-30,2026-01-30,291025 MY Daryl Movexercise8 LEADS,291025 MY Daryl Movexercise8 LP-Ver2,291025 MY Daryl Movexercise8 LP-Ver2 Image 004,0.79,,0.0,39.0,37.0,20.25641,-,-,-
2026-01-30,2026-01-30,291025 MY Daryl Movexercise8 LEADS,291025 MY Daryl Movexercise8 LP-Ver2,291025 MY Daryl Movexercise8 LP-Ver2 Image 005,0.91,,1.0,33.0,31.0,27.575758,-,-,-
2026-01-30,2026-01-30,291025 MY Daryl Movexercise8 LEADS,291025 MY Daryl Movexercise8 LP-Ver2,291025 MY Daryl Movexercise8 LP-Ver2 Video 003,94.46,11.0,159.0,4572.0,4329.0,20.660542,-,-,-
2026-01-30,2026-01-30,291025 MY Daryl Movexercise8 LEADS,291025 MY Daryl Movexercise8 LP-Ver2,291025 MY Daryl Movexercise8 LP-Ver2 Video 005,10.29,1.0,19.0,461.0,433.0,22.321041,-,-,-
2026-01-31,2026-01-31,291025 MY Daryl Movexercise8 LEADS,291025 MY Daryl Movexercise8 LP-Ver1,051225 MY Daryl Movexercise8 LP-Ver1 Video 002,30.19,5.0,90.0,1285.0,1242.0,23.494163,-,-,-
2026-01-31,2026-01-31,291025 MY Daryl Movexercise8 LEADS,291025 MY Daryl Movexercise8 LP-Ver2,051225 MY Daryl Movexercise8 LP-Ver2 Video 001,28.09,1.0,45.0,844.0,809.0,33.281991,-,-,-
2026-01-31,2026-01-31,291025 MY Daryl Movexercise8 LEADS,291025 MY Daryl Movexercise8 LP-Ver1,131225 MY Daryl Movexercise8 LP-Ver1 Video 001,16.96,4.0,27.0,727.0,699.0,23.328748,-,-,-
2026-01-31,2026-01-31,291025 MY Daryl Movexercise8 LEADS,291025 MY Daryl Movexercise8 LP-Ver1,291025 MY Daryl M8 LP-Ver1 Video 005,13.31,2.0,24.0,627.0,595.0,21.22807,-,-,-
2026-01-31,2026-01-31,291025 MY Daryl Movexercise8 LEADS,291025 MY Daryl Movexercise8 LP-Ver1,291025 MY Daryl Movexercise8 LP-Ver1 Image 003,0.01,,0.0,1.0,1.0,10.0,-,-,-
2026-01-31,2026-01-31,291025 MY Daryl Movexercise8 LEADS,291025 MY Daryl Movexercise8 LP-Ver1,291025 MY Daryl Movexercise8 LP-Ver1 Video 003,93.92,6.0,177.0,7171.0,6851.0,13.097197,-,-,-
2026-01-31,2026-01-31,291025 MY Daryl Movexercise8 LEADS,291025 MY Daryl Movexercise8 LP-Ver2,291025 MY Daryl Movexercise8 LP-Ver2 Image 004,0.68,,3.0,27.0,25.0,25.185185,-,-,-
2026-01-31,2026-01-31,291025 MY Daryl Movexercise8 LEADS,291025 MY Daryl Movexercise8 LP-Ver2,291025 MY Daryl Movexercise8 LP-Ver2 Image 005,0.57,,2.0,34.0,32.0,16.764706,-,-,-
2026-01-31,2026-01-31,291025 MY Daryl Movexercise8 LEADS,291025 MY Daryl Movexercise8 LP-Ver2,291025 MY Daryl Movexercise8 LP-Ver2 Video 003,82.67,3.0,105.0,3912.0,3753.0,21.132413,-,-,-
2026-01-31,2026-01-31,291025 MY Daryl Movexercise8 LEADS,291025 MY Daryl Movexercise8 LP-Ver2,291025 MY Daryl Movexercise8 LP-Ver2 Video 005,9.27,1.0,22.0,400.0,386.0,23.175,-,-,-
2026-02-01,2026-02-01,291025 MY Daryl Movexercise8 LEADS,291025 MY Daryl Movexercise8 LP-Ver1,051225 MY Daryl Movexercise8 LP-Ver1 Video 002,14.07,1.0,66.0,711.0,669.0,19.78903,-,-,-
2026-02-01,2026-02-01,291025 MY Daryl Movexercise8 LEADS,291025 MY Daryl Movexercise8 LP-Ver2,051225 MY Daryl Movexercise8 LP-Ver2 Video 001,26.42,3.0,30.0,781.0,749.0,33.828425,-,-,-
2026-02-01,2026-02-01,291025 MY Daryl Movexercise8 LEADS,291025 MY Daryl Movexercise8 LP-Ver1,131225 MY Daryl Movexercise8 LP-Ver1 Video 001,19.48,1.0,17.0,628.0,621.0,31.019108,-,-,-
2026-02-01,2026-02-01,291025 MY Daryl Movexercise8 LEADS,291025 MY Daryl Movexercise8 LP-Ver1,291025 MY Daryl M8 LP-Ver1 Video 005,9.73,1.0,17.0,449.0,428.0,21.670379,-,-,-
2026-02-01,2026-02-01,291025 MY Daryl Movexercise8 LEADS,291025 MY Daryl Movexercise8 LP-Ver1,291025 MY Daryl Movexercise8 LP-Ver1 Image 003,0.08,,0.0,8.0,8.0,10.0,-,-,-
2026-02-01,2026-02-01,291025 MY Daryl Movexercise8 LEADS,291025 MY Daryl Movexercise8 LP-Ver1,291025 MY Daryl Movexercise8 LP-Ver1 Video 003,103.43,5.0,167.0,7299.0,7006.0,14.170434,-,-,-
2026-02-01,2026-02-01,291025 MY Daryl Movexercise8 LEADS,291025 MY Daryl Movexercise8 LP-Ver2,291025 MY Daryl Movexercise8 LP-Ver2 Image 004,0.41,,2.0,27.0,26.0,15.185185,-,-,-
2026-02-01,2026-02-01,291025 MY Daryl Movexercise8 LEADS,291025 MY Daryl Movexercise8 LP-Ver2,291025 MY Daryl Movexercise8 LP-Ver2 Image 005,2.2,,2.0,125.0,114.0,17.6,-,-,-
2026-02-01,2026-02-01,291025 MY Daryl Movexercise8 LEADS,291025 MY Daryl Movexercise8 LP-Ver2,291025 MY Daryl Movexercise8 LP-Ver2 Video 003,88.5,3.0,98.0,4237.0,4067.0,20.88742,-,-,-
2026-02-01,2026-02-01,291025 MY Daryl Movexercise8 LEADS,291025 MY Daryl Movexercise8 LP-Ver2,291025 MY Daryl Movexercise8 LP-Ver2 Video 005,10.13,1.0,26.0,373.0,353.0,27.158177,-,-,-
2026-02-02,2026-02-02,291025 MY Daryl Movexercise8 LEADS,291025 MY Daryl Movexercise8 LP-Ver1,051225 MY Daryl Movexercise8 LP-Ver1 Video 002,26.06,1.0,68.0,964.0,934.0,27.033195,-,-,-
2026-02-02,2026-02-02,291025 MY Daryl Movexercise8 LEADS,291025 MY Daryl Movexercise8 LP-Ver2,051225 MY Daryl Movexercise8 LP-Ver2 Video 001,27.44,,54.0,835.0,814.0,32.862275,-,-,-
2026-02-02,2026-02-02,291025 MY Daryl Movexercise8 LEADS,291025 MY Daryl Movexercise8 LP-Ver1,131225 MY Daryl Movexercise8 LP-Ver1 Video 001,27.58,3.0,31.0,961.0,892.0,28.699272,-,-,-
2026-02-02,2026-02-02,291025 MY Daryl Movexercise8 LEADS,291025 MY Daryl Movexercise8 LP-Ver1,291025 MY Daryl M8 LP-Ver1 Video 005,20.16,4.0,40.0,889.0,849.0,22.677165,-,-,-
2026-02-02,2026-02-02,291025 MY Daryl Movexercise8 LEADS,291025 MY Daryl Movexercise8 LP-Ver1,291025 MY Daryl Movexercise8 LP-Ver1 Image 003,0.27,,0.0,17.0,16.0,15.882353,-,-,-
2026-02-02,2026-02-02,291025 MY Daryl Movexercise8 LEADS,291025 MY Daryl Movexercise8 LP-Ver1,291025 MY Daryl Movexercise8 LP-Ver1 Video 003,117.55,6.0,198.0,7973.0,7469.0,14.743509,-,-,-
2026-02-02,2026-02-02,291025 MY Daryl Movexercise8 LEADS,291025 MY Daryl Movexercise8 LP-Ver2,291025 MY Daryl Movexercise8 LP-Ver2 Image 004,0.39,,0.0,20.0,20.0,19.5,-,-,-
2026-02-02,2026-02-02,291025 MY Daryl Movexercise8 LEADS,291025 MY Daryl Movexercise8 LP-Ver2,291025 MY Daryl Movexercise8 LP-Ver2 Image 005,6.23,1.0,20.0,292.0,267.0,21.335616,-,-,-
2026-02-02,2026-02-02,291025 MY Daryl Movexercise8 LEADS,291025 MY Daryl Movexercise8 LP-Ver2,291025 MY Daryl Movexercise8 LP-Ver2 Video 003,95.03,11.0,127.0,4441.0,4351.0,21.398334,-,-,-
2026-02-02,2026-02-02,291025 MY Daryl Movexercise8 LEADS,291025 MY Daryl Movexercise8 LP-Ver2,291025 MY Daryl Movexercise8 LP-Ver2 Video 005,17.46,2.0,27.0,710.0,669.0,24.591549,-,-,-
2026-02-03,2026-02-03,291025 MY Daryl Movexercise8 LEADS,291025 MY Daryl Movexercise8 LP-Ver1,051225 MY Daryl Movexercise8 LP-Ver1 Video 002,24.8,3.0,59.0,1004.0,961.0,24.701195,-,-,-
2026-02-03,2026-02-03,291025 MY Daryl Movexercise8 LEADS,291025 MY Daryl Movexercise8 LP-Ver2,051225 MY Daryl Movexercise8 LP-Ver2 Video 001,16.72,1.0,39.0,450.0,426.0,37.155556,-,-,-
2026-02-03,2026-02-03,291025 MY Daryl Movexercise8 LEADS,291025 MY Daryl Movexercise8 LP-Ver1,131225 MY Daryl Movexercise8 LP-Ver1 Video 001,36.92,4.0,38.0,1335.0,1264.0,27.655431,-,-,-
2026-02-03,2026-02-03,291025 MY Daryl Movexercise8 LEADS,291025 MY Daryl Movexercise8 LP-Ver1,291025 MY Daryl M8 LP-Ver1 Video 005,25.81,4.0,47.0,1197.0,1131.0,21.562239,-,-,-
2026-02-03,2026-02-03,291025 MY Daryl Movexercise8 LEADS,291025 MY Daryl Movexercise8 LP-Ver1,291025 MY Daryl Movexercise8 LP-Ver1 Video 003,94.74,8.0,167.0,7124.0,6708.0,13.298709,-,-,-
2026-02-03,2026-02-03,291025 MY Daryl Movexercise8 LEADS,291025 MY Daryl Movexercise8 LP-Ver2,291025 MY Daryl Movexercise8 LP-Ver2 Image 004,0.39,,1.0,19.0,16.0,20.526316,-,-,-
2026-02-03,2026-02-03,291025 MY Daryl Movexercise8 LEADS,291025 MY Daryl Movexercise8 LP-Ver2,291025 MY Daryl Movexercise8 LP-Ver2 Image 005,7.84,1.0,14.0,346.0,316.0,22.65896,-,-,-
2026-02-03,2026-02-03,291025 MY Daryl Movexercise8 LEADS,291025 MY Daryl Movexercise8 LP-Ver2,291025 MY Daryl Movexercise8 LP-Ver2 Video 003,94.16,8.0,109.0,4052.0,3999.0,23.237907,-,-,-
2026-02-03,2026-02-03,291025 MY Daryl Movexercise8 LEADS,291025 MY Daryl Movexercise8 LP-Ver2,291025 MY Daryl Movexercise8 LP-Ver2 Video 005,19.66,2.0,39.0,726.0,709.0,27.07989,-,-,-
2026-02-04,2026-02-04,291025 MY Daryl Movexercise8 LEADS,291025 MY Daryl Movexercise8 LP-Ver1,051225 MY Daryl Movexercise8 LP-Ver1 Video 002,31.39,4.0,90.0,1368.0,1355.0,22.945906,-,-,-
2026-02-04,2026-02-04,291025 MY Daryl Movexercise8 LEADS,291025 MY Daryl Movexercise8 LP-Ver2,051225 MY Daryl Movexercise8 LP-Ver2 Video 001,12.38,,27.0,422.0,402.0,29.336493,-,-,-
2026-02-04,2026-02-04,291025 MY Daryl Movexercise8 LEADS,291025 MY Daryl Movexercise8 LP-Ver1,131225 MY Daryl Movexercise8 LP-Ver1 Video 001,24.71,1.0,31.0,1141.0,1061.0,21.656442,-,-,-
2026-02-04,2026-02-04,291025 MY Daryl Movexercise8 LEADS,291025 MY Daryl Movexercise8 LP-Ver1,291025 MY Daryl M8 LP-Ver1 Video 005,28.88,4.0,56.0,1366.0,1294.0,21.142021,-,-,-
2026-02-04,2026-02-04,291025 MY Daryl Movexercise8 LEADS,291025 MY Daryl Movexercise8 LP-Ver1,291025 MY Daryl Movexercise8 LP-Ver1 Image 003,0.19,,0.0,10.0,10.0,19.0,-,-,-
2026-02-04,2026-02-04,291025 MY Daryl Movexercise8 LEADS,291025 MY Daryl Movexercise8 LP-Ver1,291025 MY Daryl Movexercise8 LP-Ver1 Video 003,99.25,15.0,194.0,7907.0,7661.0,12.552169,-,-,-
2026-02-04,2026-02-04,291025 MY Daryl Movexercise8 LEADS,291025 MY Daryl Movexercise8 LP-Ver2,291025 MY Daryl Movexercise8 LP-Ver2 Image 004,0.92,,1.0,56.0,54.0,16.428571,-,-,-
2026-02-04,2026-02-04,291025 MY Daryl Movexercise8 LEADS,291025 MY Daryl Movexercise8 LP-Ver2,291025 MY Daryl Movexercise8 LP-Ver2 Image 005,3.47,,2.0,208.0,194.0,16.682692,-,-,-
2026-02-04,2026-02-04,291025 MY Daryl Movexercise8 LEADS,291025 MY Daryl Movexercise8 LP-Ver2,291025 MY Daryl Movexercise8 LP-Ver2 Video 003,96.91,7.0,138.0,4545.0,4360.0,21.322332,-,-,-
2026-02-04,2026-02-04,291025 MY Daryl Movexercise8 LEADS,291025 MY Daryl Movexercise8 LP-Ver2,291025 MY Daryl Movexercise8 LP-Ver2 Video 005,24.11,1.0,54.0,975.0,915.0,24.728205,-,-,-
2026-02-05,2026-02-05,291025 MY Daryl Movexercise8 LEADS,291025 MY Daryl Movexercise8 LP-Ver1,051225 MY Daryl Movexercise8 LP-Ver1 Video 002,13.92,1.0,32.0,541.0,527.0,25.730129,-,-,-
2026-02-05,2026-02-05,291025 MY Daryl Movexercise8 LEADS,291025 MY Daryl Movexercise8 LP-Ver2,051225 MY Daryl Movexercise8 LP-Ver2 Video 001,11.28,1.0,19.0,372.0,363.0,30.322581,-,-,-
2026-02-05,2026-02-05,291025 MY Daryl Movexercise8 LEADS,291025 MY Daryl Movexercise8 LP-Ver1,131225 MY Daryl Movexercise8 LP-Ver1 Video 001,15.89,1.0,18.0,677.0,646.0,23.471196,-,-,-
2026-02-05,2026-02-05,291025 MY Daryl Movexercise8 LEADS,291025 MY Daryl Movexercise8 LP-Ver1,291025 MY Daryl M8 LP-Ver1 Video 005,27.88,3.0,48.0,1296.0,1227.0,21.512346,-,-,-
2026-02-05,2026-02-05,291025 MY Daryl Movexercise8 LEADS,291025 MY Daryl Movexercise8 LP-Ver1,291025 MY Daryl Movexercise8 LP-Ver1 Image 003,0.01,,0.0,3.0,3.0,3.333333,-,-,-
2026-02-05,2026-02-05,291025 MY Daryl Movexercise8 LEADS,291025 MY Daryl Movexercise8 LP-Ver1,291025 MY Daryl Movexercise8 LP-Ver1 Video 003,111.78,16.0,215.0,8495.0,8074.0,13.158328,-,-,-
2026-02-05,2026-02-05,291025 MY Daryl Movexercise8 LEADS,291025 MY Daryl Movexercise8 LP-Ver2,291025 MY Daryl Movexercise8 LP-Ver2 Image 004,0.44,,0.0,28.0,26.0,15.714286,-,-,-
2026-02-05,2026-02-05,291025 MY Daryl Movexercise8 LEADS,291025 MY Daryl Movexercise8 LP-Ver2,291025 MY Daryl Movexercise8 LP-Ver2 Image 005,3.01,,9.0,144.0,138.0,20.902778,-,-,-
2026-02-05,2026-02-05,291025 MY Daryl Movexercise8 LEADS,291025 MY Daryl Movexercise8 LP-Ver2,291025 MY Daryl Movexercise8 LP-Ver2 Video 003,86.76,7.0,91.0,4101.0,3836.0,21.155816,-,-,-
2026-02-05,2026-02-05,291025 MY Daryl Movexercise8 LEADS,291025 MY Daryl Movexercise8 LP-Ver2,291025 MY Daryl Movexercise8 LP-Ver2 Video 005,19.7,1.0,36.0,675.0,669.0,29.185185,-,-,-
2026-02-06,2026-02-06,291025 MY Daryl Movexercise8 LEADS,291025 MY Daryl Movexercise8 LP-Ver1,051225 MY Daryl Movexercise8 LP-Ver1 Video 002,8.26,1.0,28.0,323.0,312.0,25.572755,-,-,-
2026-02-06,2026-02-06,291025 MY Daryl Movexercise8 LEADS,291025 MY Daryl Movexercise8 LP-Ver2,051225 MY Daryl Movexercise8 LP-Ver2 Video 001,5.5,,8.0,214.0,209.0,25.700935,-,-,-
2026-02-06,2026-02-06,291025 MY Daryl Movexercise8 LEADS,291025 MY Daryl Movexercise8 LP-Ver1,131225 MY Daryl Movexercise8 LP-Ver1 Video 001,15.66,1.0,10.0,573.0,542.0,27.329843,-,-,-
2026-02-06,2026-02-06,291025 MY Daryl Movexercise8 LEADS,291025 MY Daryl Movexercise8 LP-Ver1,291025 MY Daryl M8 LP-Ver1 Video 005,20.32,1.0,20.0,939.0,937.0,21.640043,-,-,-
2026-02-06,2026-02-06,291025 MY Daryl Movexercise8 LEADS,291025 MY Daryl Movexercise8 LP-Ver1,291025 MY Daryl Movexercise8 LP-Ver1 Image 003,0.09,,0.0,4.0,4.0,22.5,-,-,-
2026-02-06,2026-02-06,291025 MY Daryl Movexercise8 LEADS,291025 MY Daryl Movexercise8 LP-Ver1,291025 MY Daryl Movexercise8 LP-Ver1 Video 003,103.4,12.0,190.0,7972.0,7788.0,12.970396,-,-,-
2026-02-06,2026-02-06,291025 MY Daryl Movexercise8 LEADS,291025 MY Daryl Movexercise8 LP-Ver2,291025 MY Daryl Movexercise8 LP-Ver2 Image 004,0.87,,0.0,39.0,36.0,22.307692,-,-,-
2026-02-06,2026-02-06,291025 MY Daryl Movexercise8 LEADS,291025 MY Daryl Movexercise8 LP-Ver2,291025 MY Daryl Movexercise8 LP-Ver2 Image 005,3.06,,9.0,151.0,141.0,20.264901,-,-,-
2026-02-06,2026-02-06,291025 MY Daryl Movexercise8 LEADS,291025 MY Daryl Movexercise8 LP-Ver2,291025 MY Daryl Movexercise8 LP-Ver2 Video 003,98.69,5.0,107.0,4627.0,4554.0,21.329155,-,-,-
2026-02-06,2026-02-06,291025 MY Daryl Movexercise8 LEADS,291025 MY Daryl Movexercise8 LP-Ver2,291025 MY Daryl Movexercise8 LP-Ver2 Video 005,19.3,1.0,41.0,761.0,724.0,25.361367,-,-,-
2026-02-07,2026-02-07,291025 MY Daryl Movexercise8 LEADS,291025 MY Daryl Movexercise8 LP-Ver1,051225 MY Daryl Movexercise8 LP-Ver1 Video 002,6.71,1.0,18.0,282.0,257.0,23.794326,-,-,-
2026-02-07,2026-02-07,291025 MY Daryl Movexercise8 LEADS,291025 MY Daryl Movexercise8 LP-Ver2,051225 MY Daryl Movexercise8 LP-Ver2 Video 001,2.88,,7.0,96.0,93.0,30.0,-,-,-
2026-02-07,2026-02-07,291025 MY Daryl Movexercise8 LEADS,291025 MY Daryl Movexercise8 LP-Ver1,131225 MY Daryl Movexercise8 LP-Ver1 Video 001,18.26,4.0,21.0,628.0,613.0,29.076433,-,-,-
2026-02-07,2026-02-07,291025 MY Daryl Movexercise8 LEADS,291025 MY Daryl Movexercise8 LP-Ver1,291025 MY Daryl M8 LP-Ver1 Video 005,17.46,2.0,28.0,815.0,785.0,21.423313,-,-,-
2026-02-07,2026-02-07,291025 MY Daryl Movexercise8 LEADS,291025 MY Daryl Movexercise8 LP-Ver1,291025 MY Daryl Movexercise8 LP-Ver1 Image 003,0.48,,1.0,11.0,9.0,43.636364,-,-,-
2026-02-07,2026-02-07,291025 MY Daryl Movexercise8 LEADS,291025 MY Daryl Movexercise8 LP-Ver1,291025 MY Daryl Movexercise8 LP-Ver1 Video 003,113.62,13.0,212.0,8369.0,8038.0,13.576293,-,-,-
2026-02-07,2026-02-07,291025 MY Daryl Movexercise8 LEADS,291025 MY Daryl Movexercise8 LP-Ver2,291025 MY Daryl Movexercise8 LP-Ver2 Image 004,0.37,,0.0,18.0,16.0,20.555556,-,-,-
2026-02-07,2026-02-07,291025 MY Daryl Movexercise8 LEADS,291025 MY Daryl Movexercise8 LP-Ver2,291025 MY Daryl Movexercise8 LP-Ver2 Image 005,0.63,,0.0,19.0,19.0,33.157895,-,-,-
2026-02-07,2026-02-07,291025 MY Daryl Movexercise8 LEADS,291025 MY Daryl Movexercise8 LP-Ver2,291025 MY Daryl Movexercise8 LP-Ver2 Video 003,98.26,4.0,131.0,4938.0,4925.0,19.898744,-,-,-
2026-02-07,2026-02-07,291025 MY Daryl Movexercise8 LEADS,291025 MY Daryl Movexercise8 LP-Ver2,291025 MY Daryl Movexercise8 LP-Ver2 Video 005,19.46,2.0,46.0,718.0,692.0,27.103064,-,-,-
2026-02-08,2026-02-08,291025 MY Daryl Movexercise8 LEADS,291025 MY Daryl Movexercise8 LP-Ver1,051225 MY Daryl Movexercise8 LP-Ver1 Video 002,6.28,2.0,29.0,323.0,305.0,19.442724,-,-,-
2026-02-08,2026-02-08,291025 MY Daryl Movexercise8 LEADS,291025 MY Daryl Movexercise8 LP-Ver2,051225 MY Daryl Movexercise8 LP-Ver2 Video 001,3.71,,10.0,141.0,138.0,26.312057,-,-,-
2026-02-08,2026-02-08,291025 MY Daryl Movexercise8 LEADS,291025 MY Daryl Movexercise8 LP-Ver1,131225 MY Daryl Movexercise8 LP-Ver1 Video 001,9.03,,6.0,368.0,349.0,24.538043,-,-,-
2026-02-08,2026-02-08,291025 MY Daryl Movexercise8 LEADS,291025 MY Daryl Movexercise8 LP-Ver1,291025 MY Daryl M8 LP-Ver1 Video 005,17.19,1.0,21.0,779.0,770.0,22.066752,-,-,-
2026-02-08,2026-02-08,291025 MY Daryl Movexercise8 LEADS,291025 MY Daryl Movexercise8 LP-Ver1,291025 MY Daryl Movexercise8 LP-Ver1 Video 003,155.88,14.0,281.0,11663.0,10933.0,13.365343,-,-,-
2026-02-08,2026-02-08,291025 MY Daryl Movexercise8 LEADS,291025 MY Daryl Movexercise8 LP-Ver2,291025 MY Daryl Movexercise8 LP-Ver2 Image 004,0.67,,0.0,41.0,33.0,16.341463,-,-,-
2026-02-08,2026-02-08,291025 MY Daryl Movexercise8 LEADS,291025 MY Daryl Movexercise8 LP-Ver2,291025 MY Daryl Movexercise8 LP-Ver2 Image 005,0.04,1.0,3.0,6.0,6.0,6.666667,-,-,-
2026-02-08,2026-02-08,291025 MY Daryl Movexercise8 LEADS,291025 MY Daryl Movexercise8 LP-Ver2,291025 MY Daryl Movexercise8 LP-Ver2 Video 003,124.8,5.0,132.0,6242.0,6202.0,19.993592,-,-,-
2026-02-08,2026-02-08,291025 MY Daryl Movexercise8 LEADS,291025 MY Daryl Movexercise8 LP-Ver2,291025 MY Daryl Movexercise8 LP-Ver2 Video 005,12.32,1.0,22.0,534.0,499.0,23.071161,-,-,-
2026-02-09,2026-02-09,291025 MY Daryl Movexercise8 LEADS,291025 MY Daryl Movexercise8 LP-Ver1,051225 MY Daryl Movexercise8 LP-Ver1 Video 002,22.13,2.0,65.0,749.0,679.0,29.546061,-,-,-
2026-02-09,2026-02-09,291025 MY Daryl Movexercise8 LEADS,291025 MY Daryl Movexercise8 LP-Ver2,051225 MY Daryl Movexercise8 LP-Ver2 Video 001,6.69,,20.0,244.0,231.0,27.418033,-,-,-
2026-02-09,2026-02-09,291025 MY Daryl Movexercise8 LEADS,291025 MY Daryl Movexercise8 LP-Ver1,131225 MY Daryl Movexercise8 LP-Ver1 Video 001,18.85,1.0,16.0,675.0,653.0,27.925926,-,-,-
2026-02-09,2026-02-09,291025 MY Daryl Movexercise8 LEADS,291025 MY Daryl Movexercise8 LP-Ver1,291025 MY Daryl M8 LP-Ver1 Video 005,15.22,,32.0,678.0,657.0,22.448378,-,-,-
2026-02-09,2026-02-09,291025 MY Daryl Movexercise8 LEADS,291025 MY Daryl Movexercise8 LP-Ver1,291025 MY Daryl Movexercise8 LP-Ver1 Image 003,0.26,,0.0,18.0,18.0,14.444444,-,-,-
2026-02-09,2026-02-09,291025 MY Daryl Movexercise8 LEADS,291025 MY Daryl Movexercise8 LP-Ver1,291025 MY Daryl Movexercise8 LP-Ver1 Video 003,125.07,11.0,234.0,9433.0,8929.0,13.258772,-,-,-
2026-02-09,2026-02-09,291025 MY Daryl Movexercise8 LEADS,291025 MY Daryl Movexercise8 LP-Ver2,291025 MY Daryl Movexercise8 LP-Ver2 Image 004,0.53,,0.0,33.0,30.0,16.060606,-,-,-
2026-02-09,2026-02-09,291025 MY Daryl Movexercise8 LEADS,291025 MY Daryl Movexercise8 LP-Ver2,291025 MY Daryl Movexercise8 LP-Ver2 Image 005,0.59,,1.0,25.0,24.0,23.6,-,-,-
2026-02-09,2026-02-09,291025 MY Daryl Movexercise8 LEADS,291025 MY Daryl Movexercise8 LP-Ver2,291025 MY Daryl Movexercise8 LP-Ver2 Video 003,100.85,9.0,123.0,4805.0,4539.0,20.988554,-,-,-
2026-02-09,2026-02-09,291025 MY Daryl Movexercise8 LEADS,291025 MY Daryl Movexercise8 LP-Ver2,291025 MY Daryl Movexercise8 LP-Ver2 Video 005,21.12,2.0,35.0,733.0,685.0,28.813097,-,-,-
2026-02-10,2026-02-10,291025 MY Daryl Movexercise8 LEADS,291025 MY Daryl Movexercise8 LP-Ver1,051225 MY Daryl Movexercise8 LP-Ver1 Video 002,18.74,1.0,63.0,798.0,753.0,23.483709,-,-,-
2026-02-10,2026-02-10,291025 MY Daryl Movexercise8 LEADS,291025 MY Daryl Movexercise8 LP-Ver2,051225 MY Daryl Movexercise8 LP-Ver2 Video 001,3.26,,7.0,91.0,89.0,35.824176,-,-,-
2026-02-10,2026-02-10,291025 MY Daryl Movexercise8 LEADS,291025 MY Daryl Movexercise8 LP-Ver1,131225 MY Daryl Movexercise8 LP-Ver1 Video 001,22.71,2.0,31.0,858.0,811.0,26.468531,-,-,-
2026-02-10,2026-02-10,291025 MY Daryl Movexercise8 LEADS,291025 MY Daryl Movexercise8 LP-Ver1,291025 MY Daryl M8 LP-Ver1 Video 005,17.44,2.0,31.0,625.0,625.0,27.904,-,-,-
2026-02-10,2026-02-10,291025 MY Daryl Movexercise8 LEADS,291025 MY Daryl Movexercise8 LP-Ver1,291025 MY Daryl Movexercise8 LP-Ver1 Image 003,0.02,,1.0,2.0,2.0,10.0,-,-,-
2026-02-10,2026-02-10,291025 MY Daryl Movexercise8 LEADS,291025 MY Daryl Movexercise8 LP-Ver1,291025 MY Daryl Movexercise8 LP-Ver1 Video 003,119.09,6.0,161.0,7580.0,7513.0,15.711082,-,-,-
2026-02-10,2026-02-10,291025 MY Daryl Movexercise8 LEADS,291025 MY Daryl Movexercise8 LP-Ver2,291025 MY Daryl Movexercise8 LP-Ver2 Video 003,90.21,10.0,117.0,3840.0,3766.0,23.492188,-,-,-
2026-02-10,2026-02-10,291025 MY Daryl Movexercise8 LEADS,291025 MY Daryl Movexercise8 LP-Ver2,291025 MY Daryl Movexercise8 LP-Ver2 Video 005,15.39,1.0,28.0,558.0,555.0,27.580645,-,-,-
2026-02-11,2026-02-11,291025 MY Daryl Movexercise8 LEADS,291025 MY Daryl Movexercise8 LP-Ver1,051225 MY Daryl Movexercise8 LP-Ver1 Video 002,14.97,3.0,54.0,668.0,664.0,22.41018,-,-,-
2026-02-11,2026-02-11,291025 MY Daryl Movexercise8 LEADS,291025 MY Daryl Movexercise8 LP-Ver2,051225 MY Daryl Movexercise8 LP-Ver2 Video 001,2.32,,5.0,59.0,58.0,39.322034,-,-,-
2026-02-11,2026-02-11,291025 MY Daryl Movexercise8 LEADS,291025 MY Daryl Movexercise8 LP-Ver1,131225 MY Daryl Movexercise8 LP-Ver1 Video 001,14.91,3.0,30.0,636.0,595.0,23.443396,-,-,-
2026-02-11,2026-02-11,291025 MY Daryl Movexercise8 LEADS,291025 MY Daryl Movexercise8 LP-Ver1,291025 MY Daryl M8 LP-Ver1 Video 005,13.04,,15.0,618.0,599.0,21.100324,-,-,-
2026-02-11,2026-02-11,291025 MY Daryl Movexercise8 LEADS,291025 MY Daryl Movexercise8 LP-Ver1,291025 MY Daryl Movexercise8 LP-Ver1 Video 003,136.2,10.0,217.0,9039.0,8668.0,15.068039,-,-,-
2026-02-11,2026-02-11,291025 MY Daryl Movexercise8 LEADS,291025 MY Daryl Movexercise8 LP-Ver2,291025 MY Daryl Movexercise8 LP-Ver2 Image 005,1.31,,1.0,89.0,86.0,14.719101,-,-,-
2026-02-11,2026-02-11,291025 MY Daryl Movexercise8 LEADS,291025 MY Daryl Movexercise8 LP-Ver2,291025 MY Daryl Movexercise8 LP-Ver2 Video 003,91.91,11.0,95.0,4017.0,3935.0,22.880259,-,-,-
2026-02-11,2026-02-11,291025 MY Daryl Movexercise8 LEADS,291025 MY Daryl Movexercise8 LP-Ver2,291025 MY Daryl Movexercise8 LP-Ver2 Video 005,6.19,,5.0,255.0,241.0,24.27451,-,-,-
2026-02-12,2026-02-12,291025 MY Daryl Movexercise8 LEADS,291025 MY Daryl Movexercise8 LP-Ver1,051225 MY Daryl Movexercise8 LP-Ver1 Video 002,8.07,,28.0,451.0,429.0,17.89357,-,-,-
2026-02-12,2026-02-12,291025 MY Daryl Movexercise8 LEADS,291025 MY Daryl Movexercise8 LP-Ver2,051225 MY Daryl Movexercise8 LP-Ver2 Video 001,0.83,,2.0,34.0,33.0,24.411765,-,-,-
2026-02-12,2026-02-12,291025 MY Daryl Movexercise8 LEADS,291025 MY Daryl Movexercise8 LP-Ver1,131225 MY Daryl Movexercise8 LP-Ver1 Video 001,12.88,1.0,10.0,557.0,542.0,23.123878,-,-,-
2026-02-12,2026-02-12,291025 MY Daryl Movexercise8 LEADS,291025 MY Daryl Movexercise8 LP-Ver1,291025 MY Daryl M8 LP-Ver1 Video 005,16.42,,28.0,754.0,724.0,21.777188,-,-,-
2026-02-12,2026-02-12,291025 MY Daryl Movexercise8 LEADS,291025 MY Daryl Movexercise8 LP-Ver1,291025 MY Daryl Movexercise8 LP-Ver1 Image 003,0.02,,1.0,2.0,2.0,10.0,-,-,-
2026-02-12,2026-02-12,291025 MY Daryl Movexercise8 LEADS,291025 MY Daryl Movexercise8 LP-Ver1,291025 MY Daryl Movexercise8 LP-Ver1 Video 003,133.36,11.0,189.0,9939.0,9748.0,13.417849,-,-,-
2026-02-12,2026-02-12,291025 MY Daryl Movexercise8 LEADS,291025 MY Daryl Movexercise8 LP-Ver2,291025 MY Daryl Movexercise8 LP-Ver2 Video 003,95.77,8.0,103.0,4816.0,4759.0,19.885797,-,-,-
2026-02-12,2026-02-12,291025 MY Daryl Movexercise8 LEADS,291025 MY Daryl Movexercise8 LP-Ver2,291025 MY Daryl Movexercise8 LP-Ver2 Video 005,2.38,,2.0,109.0,106.0,21.834862,-,-,-
2026-02-13,2026-02-13,291025 MY Daryl Movexercise8 LEADS,291025 MY Daryl Movexercise8 LP-Ver1,051225 MY Daryl Movexercise8 LP-Ver1 Video 002,4.29,,15.0,246.0,235.0,17.439024,-,-,-
2026-02-13,2026-02-13,291025 MY Daryl Movexercise8 LEADS,291025 MY Daryl Movexercise8 LP-Ver2,051225 MY Daryl Movexercise8 LP-Ver2 Video 001,0.08,,0.0,5.0,5.0,16.0,-,-,-
2026-02-13,2026-02-13,291025 MY Daryl Movexercise8 LEADS,291025 MY Daryl Movexercise8 LP-Ver1,131225 MY Daryl Movexercise8 LP-Ver1 Video 001,17.47,3.0,17.0,770.0,710.0,22.688312,-,-,-
2026-02-13,2026-02-13,291025 MY Daryl Movexercise8 LEADS,291025 MY Daryl Movexercise8 LP-Ver1,291025 MY Daryl M8 LP-Ver1 Video 005,12.87,5.0,22.0,652.0,621.0,19.739264,-,-,-
2026-02-13,2026-02-13,291025 MY Daryl Movexercise8 LEADS,291025 MY Daryl Movexercise8 LP-Ver1,291025 MY Daryl Movexercise8 LP-Ver1 Video 003,127.45,7.0,208.0,9322.0,8899.0,13.671959,-,-,-
2026-02-13,2026-02-13,291025 MY Daryl Movexercise8 LEADS,291025 MY Daryl Movexercise8 LP-Ver2,291025 MY Daryl Movexercise8 LP-Ver2 Image 005,0.33,,1.0,18.0,18.0,18.333333,-,-,-
2026-02-13,2026-02-13,291025 MY Daryl Movexercise8 LEADS,291025 MY Daryl Movexercise8 LP-Ver2,291025 MY Daryl Movexercise8 LP-Ver2 Video 003,93.04,5.0,113.0,4474.0,4357.0,20.795709,-,-,-
2026-02-13,2026-02-13,291025 MY Daryl Movexercise8 LEADS,291025 MY Daryl Movexercise8 LP-Ver2,291025 MY Daryl Movexercise8 LP-Ver2 Video 005,3.29,,4.0,125.0,121.0,26.32,-,-,-
2026-02-14,2026-02-14,291025 MY Daryl Movexercise8 LEADS,291025 MY Daryl Movexercise8 LP-Ver1,051225 MY Daryl Movexercise8 LP-Ver1 Video 002,2.44,,7.0,122.0,118.0,20.0,-,-,-
2026-02-14,2026-02-14,291025 MY Daryl Movexercise8 LEADS,291025 MY Daryl Movexercise8 LP-Ver2,051225 MY Daryl Movexercise8 LP-Ver2 Video 001,4.64,2.0,7.0,148.0,143.0,31.351351,-,-,-
2026-02-14,2026-02-14,291025 MY Daryl Movexercise8 LEADS,291025 MY Daryl Movexercise8 LP-Ver1,131225 MY Daryl Movexercise8 LP-Ver1 Video 001,4.14,1.0,5.0,174.0,172.0,23.793103,-,-,-
2026-02-14,2026-02-14,291025 MY Daryl Movexercise8 LEADS,291025 MY Daryl Movexercise8 LP-Ver1,291025 MY Daryl M8 LP-Ver1 Video 005,3.74,,6.0,207.0,205.0,18.067633,-,-,-
2026-02-14,2026-02-14,291025 MY Daryl Movexercise8 LEADS,291025 MY Daryl Movexercise8 LP-Ver1,291025 MY Daryl Movexercise8 LP-Ver1 Image 003,0.07,,0.0,5.0,5.0,14.0,-,-,-
2026-02-14,2026-02-14,291025 MY Daryl Movexercise8 LEADS,291025 MY Daryl Movexercise8 LP-Ver1,291025 MY Daryl Movexercise8 LP-Ver1 Video 003,124.27,9.0,177.0,7969.0,7799.0,15.594177,-,-,-
2026-02-14,2026-02-14,291025 MY Daryl Movexercise8 LEADS,291025 MY Daryl Movexercise8 LP-Ver2,291025 MY Daryl Movexercise8 LP-Ver2 Image 005,0.5,,1.0,31.0,31.0,16.129032,-,-,-
2026-02-14,2026-02-14,291025 MY Daryl Movexercise8 LEADS,291025 MY Daryl Movexercise8 LP-Ver2,291025 MY Daryl Movexercise8 LP-Ver2 Video 003,77.59,5.0,93.0,3481.0,3314.0,22.289572,-,-,-
2026-02-14,2026-02-14,291025 MY Daryl Movexercise8 LEADS,291025 MY Daryl Movexercise8 LP-Ver2,291025 MY Daryl Movexercise8 LP-Ver2 Video 005,6.22,,11.0,233.0,227.0,26.695279,-,-,-
2026-02-15,2026-02-15,291025 MY Daryl Movexercise8 LEADS,291025 MY Daryl Movexercise8 LP-Ver1,051225 MY Daryl Movexercise8 LP-Ver1 Video 002,6.19,,15.0,308.0,287.0,20.097403,-,-,-
2026-02-15,2026-02-15,291025 MY Daryl Movexercise8 LEADS,291025 MY Daryl Movexercise8 LP-Ver2,051225 MY Daryl Movexercise8 LP-Ver2 Video 001,15.87,,40.0,543.0,497.0,29.226519,-,-,-
2026-02-15,2026-02-15,291025 MY Daryl Movexercise8 LEADS,291025 MY Daryl Movexercise8 LP-Ver1,131225 MY Daryl Movexercise8 LP-Ver1 Video 001,15.45,1.0,14.0,615.0,567.0,25.121951,-,-,-
2026-02-15,2026-02-15,291025 MY Daryl Movexercise8 LEADS,291025 MY Daryl Movexercise8 LP-Ver1,291025 MY Daryl M8 LP-Ver1 Video 005,14.18,1.0,21.0,737.0,713.0,19.240163,-,-,-
2026-02-15,2026-02-15,291025 MY Daryl Movexercise8 LEADS,291025 MY Daryl Movexercise8 LP-Ver1,291025 MY Daryl Movexercise8 LP-Ver1 Video 003,90.8,13.0,168.0,6120.0,5906.0,14.836601,-,-,-
2026-02-15,2026-02-15,291025 MY Daryl Movexercise8 LEADS,291025 MY Daryl Movexercise8 LP-Ver2,291025 MY Daryl Movexercise8 LP-Ver2 Video 003,75.73,4.0,98.0,3658.0,3576.0,20.70257,-,-,-
2026-02-15,2026-02-15,291025 MY Daryl Movexercise8 LEADS,291025 MY Daryl Movexercise8 LP-Ver2,291025 MY Daryl Movexercise8 LP-Ver2 Video 005,12.12,,20.0,520.0,490.0,23.307692,-,-,-
2026-02-16,2026-02-16,291025 MY Daryl Movexercise8 LEADS,291025 MY Daryl Movexercise8 LP-Ver1,051225 MY Daryl Movexercise8 LP-Ver1 Video 002,10.7,,28.0,445.0,419.0,24.044944,-,-,-
2026-02-16,2026-02-16,291025 MY Daryl Movexercise8 LEADS,291025 MY Daryl Movexercise8 LP-Ver2,051225 MY Daryl Movexercise8 LP-Ver2 Video 001,10.94,,16.0,352.0,330.0,31.079545,-,-,-
2026-02-16,2026-02-16,291025 MY Daryl Movexercise8 LEADS,291025 MY Daryl Movexercise8 LP-Ver1,131225 MY Daryl Movexercise8 LP-Ver1 Video 001,10.49,1.0,13.0,394.0,378.0,26.624365,-,-,-
2026-02-16,2026-02-16,291025 MY Daryl Movexercise8 LEADS,291025 MY Daryl Movexercise8 LP-Ver1,291025 MY Daryl M8 LP-Ver1 Video 005,9.49,1.0,11.0,480.0,470.0,19.770833,-,-,-
2026-02-16,2026-02-16,291025 MY Daryl Movexercise8 LEADS,291025 MY Daryl Movexercise8 LP-Ver1,291025 MY Daryl Movexercise8 LP-Ver1 Image 003,0.01,,0.0,2.0,2.0,5.0,-,-,-
2026-02-16,2026-02-16,291025 MY Daryl Movexercise8 LEADS,291025 MY Daryl Movexercise8 LP-Ver1,291025 MY Daryl Movexercise8 LP-Ver1 Video 003,84.19,7.0,131.0,5256.0,5171.0,16.017884,-,-,-
2026-02-16,2026-02-16,291025 MY Daryl Movexercise8 LEADS,291025 MY Daryl Movexercise8 LP-Ver2,291025 MY Daryl Movexercise8 LP-Ver2 Image 005,0.32,,0.0,19.0,19.0,16.842105,-,-,-
2026-02-16,2026-02-16,291025 MY Daryl Movexercise8 LEADS,291025 MY Daryl Movexercise8 LP-Ver2,291025 MY Daryl Movexercise8 LP-Ver2 Video 003,56.79,3.0,72.0,2349.0,2308.0,24.176245,-,-,-
2026-02-16,2026-02-16,291025 MY Daryl Movexercise8 LEADS,291025 MY Daryl Movexercise8 LP-Ver2,291025 MY Daryl Movexercise8 LP-Ver2 Video 005,5.61,,4.0,258.0,243.0,21.744186,-,-,-
2026-02-17,2026-02-17,291025 MY Daryl Movexercise8 LEADS,291025 MY Daryl Movexercise8 LP-Ver1,051225 MY Daryl Movexercise8 LP-Ver1 Video 002,5.76,,18.0,303.0,288.0,19.009901,-,-,-
2026-02-17,2026-02-17,291025 MY Daryl Movexercise8 LEADS,291025 MY Daryl Movexercise8 LP-Ver1,131225 MY Daryl Movexercise8 LP-Ver1 Video 001,16.41,,17.0,696.0,651.0,23.577586,-,-,-
2026-02-17,2026-02-17,291025 MY Daryl Movexercise8 LEADS,291025 MY Daryl Movexercise8 LP-Ver1,291025 MY Daryl M8 LP-Ver1 Video 005,15.9,,19.0,733.0,702.0,21.691678,-,-,-
2026-02-17,2026-02-17,291025 MY Daryl Movexercise8 LEADS,291025 MY Daryl Movexercise8 LP-Ver1,291025 MY Daryl Movexercise8 LP-Ver1 Image 003,0.04,,0.0,4.0,4.0,10.0,-,-,-
2026-02-17,2026-02-17,291025 MY Daryl Movexercise8 LEADS,291025 MY Daryl Movexercise8 LP-Ver1,291025 MY Daryl Movexercise8 LP-Ver1 Video 003,106.82,14.0,142.0,6618.0,6113.0,16.140828,-,-,-
2026-02-18,2026-02-18,291025 MY Daryl Movexercise8 LEADS,291025 MY Daryl Movexercise8 LP-Ver1,051225 MY Daryl Movexercise8 LP-Ver1 Video 002,7.19,,24.0,435.0,415.0,16.528736,-,-,-
2026-02-18,2026-02-18,291025 MY Daryl Movexercise8 LEADS,291025 MY Daryl Movexercise8 LP-Ver1,131225 MY Daryl Movexercise8 LP-Ver1 Video 001,11.48,,12.0,510.0,481.0,22.509804,-,-,-
2026-02-18,2026-02-18,291025 MY Daryl Movexercise8 LEADS,291025 MY Daryl Movexercise8 LP-Ver1,291025 MY Daryl M8 LP-Ver1 Video 005,9.74,1.0,13.0,496.0,475.0,19.637097,-,-,-
2026-02-18,2026-02-18,291025 MY Daryl Movexercise8 LEADS,291025 MY Daryl Movexercise8 LP-Ver1,291025 MY Daryl Movexercise8 LP-Ver1 Video 003,96.81,13.0,128.0,6269.0,5906.0,15.442654,-,-,-
2026-02-19,2026-02-19,291025 MY Daryl Movexercise8 LEADS,291025 MY Daryl Movexercise8 LP-Ver1,051225 MY Daryl Movexercise8 LP-Ver1 Video 002,3.27,1.0,10.0,180.0,169.0,18.166667,-,-,-
2026-02-19,2026-02-19,291025 MY Daryl Movexercise8 LEADS,291025 MY Daryl Movexercise8 LP-Ver1,131225 MY Daryl Movexercise8 LP-Ver1 Video 001,7.0,1.0,7.0,297.0,280.0,23.569024,-,-,-
2026-02-19,2026-02-19,291025 MY Daryl Movexercise8 LEADS,291025 MY Daryl Movexercise8 LP-Ver1,291025 MY Daryl M8 LP-Ver1 Video 005,8.15,2.0,21.0,432.0,408.0,18.865741,-,-,-
2026-02-19,2026-02-19,291025 MY Daryl Movexercise8 LEADS,291025 MY Daryl Movexercise8 LP-Ver1,291025 MY Daryl Movexercise8 LP-Ver1 Image 003,0.1,,0.0,4.0,4.0,25.0,-,-,-
2026-02-19,2026-02-19,291025 MY Daryl Movexercise8 LEADS,291025 MY Daryl Movexercise8 LP-Ver1,291025 MY Daryl Movexercise8 LP-Ver1 Video 003,90.11,20.0,163.0,6729.0,6428.0,13.391291,-,-,-
2026-02-20,2026-02-20,291025 MY Daryl Movexercise8 LEADS,291025 MY Daryl Movexercise8 LP-Ver1,051225 MY Daryl Movexercise8 LP-Ver1 Video 002,4.87,,14.0,261.0,254.0,18.659004,-,-,-
2026-02-20,2026-02-20,291025 MY Daryl Movexercise8 LEADS,291025 MY Daryl Movexercise8 LP-Ver1,131225 MY Daryl Movexercise8 LP-Ver1 Video 001,8.22,2.0,13.0,367.0,353.0,22.39782,-,-,-
2026-02-20,2026-02-20,291025 MY Daryl Movexercise8 LEADS,291025 MY Daryl Movexercise8 LP-Ver1,291025 MY Daryl M8 LP-Ver1 Video 005,13.25,2.0,21.0,728.0,667.0,18.200549,-,-,-
2026-02-20,2026-02-20,291025 MY Daryl Movexercise8 LEADS,291025 MY Daryl Movexercise8 LP-Ver1,291025 MY Daryl Movexercise8 LP-Ver1 Video 003,128.37,15.0,220.0,9668.0,9325.0,13.277824,-,-,-
2026-02-21,2026-02-21,291025 MY Daryl Movexercise8 LEADS,291025 MY Daryl Movexercise8 LP-Ver1,051225 MY Daryl Movexercise8 LP-Ver1 Video 002,3.46,2.0,14.0,206.0,193.0,16.796117,-,-,-
2026-02-21,2026-02-21,291025 MY Daryl Movexercise8 LEADS,291025 MY Daryl Movexercise8 LP-Ver1,131225 MY Daryl Movexercise8 LP-Ver1 Video 001,4.59,,10.0,218.0,215.0,21.055046,-,-,-
2026-02-21,2026-02-21,291025 MY Daryl Movexercise8 LEADS,291025 MY Daryl Movexercise8 LP-Ver1,291025 MY Daryl M8 LP-Ver1 Video 005,17.36,1.0,37.0,956.0,890.0,18.158996,-,-,-
2026-02-21,2026-02-21,291025 MY Daryl Movexercise8 LEADS,291025 MY Daryl Movexercise8 LP-Ver1,291025 MY Daryl Movexercise8 LP-Ver1 Image 003,0.04,,0.0,5.0,5.0,8.0,-,-,-
2026-02-21,2026-02-21,291025 MY Daryl Movexercise8 LEADS,291025 MY Daryl Movexercise8 LP-Ver1,291025 MY Daryl Movexercise8 LP-Ver1 Video 003,125.34,18.0,243.0,8817.0,8025.0,14.21572,-,-,-
2026-02-22,2026-02-22,291025 MY Daryl Movexercise8 LEADS,291025 MY Daryl Movexercise8 LP-Ver1,051225 MY Daryl Movexercise8 LP-Ver1 Video 002,1.02,,4.0,80.0,80.0,12.75,-,-,-
2026-02-22,2026-02-22,291025 MY Daryl Movexercise8 LEADS,291025 MY Daryl Movexercise8 LP-Ver1,131225 MY Daryl Movexercise8 LP-Ver1 Video 001,1.12,,1.0,31.0,29.0,36.129032,-,-,-
2026-02-22,2026-02-22,291025 MY Daryl Movexercise8 LEADS,291025 MY Daryl Movexercise8 LP-Ver1,291025 MY Daryl M8 LP-Ver1 Video 005,17.75,2.0,38.0,947.0,840.0,18.7434,-,-,-
2026-02-22,2026-02-22,291025 MY Daryl Movexercise8 LEADS,291025 MY Daryl Movexercise8 LP-Ver1,291025 MY Daryl Movexercise8 LP-Ver1 Image 003,0.1,,0.0,4.0,4.0,25.0,-,-,-
2026-02-22,2026-02-22,291025 MY Daryl Movexercise8 LEADS,291025 MY Daryl Movexercise8 LP-Ver1,291025 MY Daryl Movexercise8 LP-Ver1 Video 003,143.41,21.0,284.0,11233.0,10978.0,12.766848,-,-,-
2026-02-23,2026-02-23,291025 MY Daryl Movexercise8 LEADS,291025 MY Daryl Movexercise8 LP-Ver1,051225 MY Daryl Movexercise8 LP-Ver1 Video 002,4.49,1.0,19.0,260.0,240.0,17.269231,-,-,-
2026-02-23,2026-02-23,291025 MY Daryl Movexercise8 LEADS,291025 MY Daryl Movexercise8 LP-Ver1,131225 MY Daryl Movexercise8 LP-Ver1 Video 001,2.64,,4.0,102.0,97.0,25.882353,-,-,-
2026-02-23,2026-02-23,291025 MY Daryl Movexercise8 LEADS,291025 MY Daryl Movexercise8 LP-Ver1,291025 MY Daryl M8 LP-Ver1 Video 005,19.28,3.0,53.0,1209.0,1088.0,15.947064,-,-,-
2026-02-23,2026-02-23,291025 MY Daryl Movexercise8 LEADS,291025 MY Daryl Movexercise8 LP-Ver1,291025 MY Daryl Movexercise8 LP-Ver1 Video 003,129.02,15.0,268.0,10704.0,10498.0,12.053438,-,-,-
2026-02-24,2026-02-24,291025 MY Daryl Movexercise8 LEADS,291025 MY Daryl Movexercise8 LP-Ver1,051225 MY Daryl Movexercise8 LP-Ver1 Video 002,3.92,,12.0,225.0,212.0,17.422222,-,-,-
2026-02-24,2026-02-24,291025 MY Daryl Movexercise8 LEADS,291025 MY Daryl Movexercise8 LP-Ver1,131225 MY Daryl Movexercise8 LP-Ver1 Video 001,1.54,1.0,6.0,71.0,62.0,21.690141,-,-,-
2026-02-24,2026-02-24,291025 MY Daryl Movexercise8 LEADS,291025 MY Daryl Movexercise8 LP-Ver1,291025 MY Daryl M8 LP-Ver1 Video 005,16.44,2.0,31.0,995.0,904.0,16.522613,-,-,-
2026-02-24,2026-02-24,291025 MY Daryl Movexercise8 LEADS,291025 MY Daryl Movexercise8 LP-Ver1,291025 MY Daryl Movexercise8 LP-Ver1 Image 003,0.15,,2.0,10.0,9.0,15.0,-,-,-
2026-02-24,2026-02-24,291025 MY Daryl Movexercise8 LEADS,291025 MY Daryl Movexercise8 LP-Ver1,291025 MY Daryl Movexercise8 LP-Ver1 Video 003,139.86,21.0,272.0,11292.0,10928.0,12.38576,-,-,-
2026-02-25,2026-02-25,291025 MY Daryl Movexercise8 LEADS,291025 MY Daryl Movexercise8 LP-Ver1,051225 MY Daryl Movexercise8 LP-Ver1 Video 002,3.11,,9.0,134.0,117.0,23.208955,-,-,-
2026-02-25,2026-02-25,291025 MY Daryl Movexercise8 LEADS,291025 MY Daryl Movexercise8 LP-Ver1,131225 MY Daryl Movexercise8 LP-Ver1 Video 001,0.6,,2.0,33.0,31.0,18.181818,-,-,-
2026-02-25,2026-02-25,250226 MY Daryl Movexercise8 LEADS NEW,250226 MY Daryl Movexercise8 LP-Ver1,250226 MY Daryl M8 LP-Ver1 Video Hook 002,6.25,,3.0,243.0,226.0,25.720165,-,-,-
2026-02-25,2026-02-25,250226 MY Daryl Movexercise8 LEADS NEW,250226 MY Daryl Movexercise8 LP-Ver1,250226 MY Daryl M8 LP-Ver1 Video Script 007,163.06,25.0,217.0,6481.0,5508.0,25.159698,-,-,-
2026-02-25,2026-02-25,250226 MY Daryl Movexercise8 LEADS NEW,250226 MY Daryl Movexercise8 LP-Ver1,250226 MY Daryl Movexercise8 LP-Ver1 Image 007,10.06,2.0,31.0,588.0,525.0,17.108844,-,-,-
2026-02-25,2026-02-25,250226 MY Daryl Movexercise8 LEADS NEW,250226 MY Daryl Movexercise8 LP-Ver1,250226 MY Daryl Movexercise8 LP-Ver1 Image 009,0.03,,0.0,3.0,3.0,10.0,-,-,-
2026-02-25,2026-02-25,250226 MY Daryl Movexercise8 LEADS NEW,250226 MY Daryl Movexercise8 LP-Ver1,250226 MY Daryl Movexercise8 LP-Ver1 Video Script 006,31.03,3.0,64.0,1791.0,1562.0,17.325516,-,-,-
2026-02-25,2026-02-25,291025 MY Daryl Movexercise8 LEADS,291025 MY Daryl Movexercise8 LP-Ver1,291025 MY Daryl M8 LP-Ver1 Video 005,13.29,2.0,23.0,676.0,632.0,19.659763,-,-,-
2026-02-25,2026-02-25,291025 MY Daryl Movexercise8 LEADS,291025 MY Daryl Movexercise8 LP-Ver1,291025 MY Daryl Movexercise8 LP-Ver1 Image 003,0.02,,0.0,1.0,1.0,20.0,-,-,-
2026-02-25,2026-02-25,291025 MY Daryl Movexercise8 LEADS,291025 MY Daryl Movexercise8 LP-Ver1,291025 MY Daryl Movexercise8 LP-Ver1 Video 003,130.29,7.0,218.0,9917.0,9401.0,13.138046,-,-,-
2026-02-26,2026-02-26,291025 MY Daryl Movexercise8 LEADS,291025 MY Daryl Movexercise8 LP-Ver1,051225 MY Daryl Movexercise8 LP-Ver1 Video 002,3.72,1.0,10.0,159.0,146.0,23.396226,-,-,-
2026-02-26,2026-02-26,291025 MY Daryl Movexercise8 LEADS,291025 MY Daryl Movexercise8 LP-Ver1,131225 MY Daryl Movexercise8 LP-Ver1 Video 001,0.57,,1.0,30.0,29.0,19.0,-,-,-
2026-02-26,2026-02-26,250226 MY Daryl Movexercise8 LEADS NEW,250226 MY Daryl Movexercise8 LP-Ver1,250226 MY Daryl M8 LP-Ver1 Video Hook 002,1.77,,1.0,76.0,57.0,23.289474,-,-,-
2026-02-26,2026-02-26,250226 MY Daryl Movexercise8 LEADS NEW,250226 MY Daryl Movexercise8 LP-Ver1,250226 MY Daryl M8 LP-Ver1 Video Script 007,118.03,13.0,174.0,4503.0,3947.0,26.211415,-,-,-
2026-02-26,2026-02-26,250226 MY Daryl Movexercise8 LEADS NEW,250226 MY Daryl Movexercise8 LP-Ver1,250226 MY Daryl Movexercise8 LP-Ver1 Image 007,6.04,,13.0,327.0,285.0,18.470948,-,-,-
2026-02-26,2026-02-26,250226 MY Daryl Movexercise8 LEADS NEW,250226 MY Daryl Movexercise8 LP-Ver1,250226 MY Daryl Movexercise8 LP-Ver1 Image 009,0.29,,0.0,13.0,7.0,22.307692,-,-,-
2026-02-26,2026-02-26,250226 MY Daryl Movexercise8 LEADS NEW,250226 MY Daryl Movexercise8 LP-Ver1,250226 MY Daryl Movexercise8 LP-Ver1 Video Script 006,13.56,2.0,42.0,750.0,703.0,18.08,-,-,-
2026-02-26,2026-02-26,291025 MY Daryl Movexercise8 LEADS,291025 MY Daryl Movexercise8 LP-Ver1,291025 MY Daryl M8 LP-Ver1 Video 005,8.21,1.0,15.0,392.0,368.0,20.943878,-,-,-
2026-02-26,2026-02-26,291025 MY Daryl Movexercise8 LEADS,291025 MY Daryl Movexercise8 LP-Ver1,291025 MY Daryl Movexercise8 LP-Ver1 Image 003,0.0,,0.0,1.0,1.0,0.0,-,-,-
2026-02-26,2026-02-26,291025 MY Daryl Movexercise8 LEADS,291025 MY Daryl Movexercise8 LP-Ver1,291025 MY Daryl Movexercise8 LP-Ver1 Video 003,127.5,17.0,216.0,9525.0,9188.0,13.385827,-,-,-
2026-02-27,2026-02-27,291025 MY Daryl Movexercise8 LEADS,291025 MY Daryl Movexercise8 LP-Ver1,051225 MY Daryl Movexercise8 LP-Ver1 Video 002,0.33,,2.0,12.0,12.0,27.5,-,-,-
2026-02-27,2026-02-27,250226 MY Daryl Movexercise8 LEADS NEW,250226 MY Daryl Movexercise8 LP-Ver1,250226 MY Daryl M8 LP-Ver1 Video Hook 002,0.2,,2.0,10.0,9.0,20.0,-,-,-
2026-02-27,2026-02-27,250226 MY Daryl Movexercise8 LEADS NEW,250226 MY Daryl Movexercise8 LP-Ver1,250226 MY Daryl M8 LP-Ver1 Video Script 007,151.99,23.0,287.0,6970.0,6358.0,21.806313,-,-,-
2026-02-27,2026-02-27,250226 MY Daryl Movexercise8 LEADS NEW,250226 MY Daryl Movexercise8 LP-Ver1,250226 MY Daryl Movexercise8 LP-Ver1 Image 007,3.93,,4.0,178.0,152.0,22.078652,-,-,-
2026-02-27,2026-02-27,250226 MY Daryl Movexercise8 LEADS NEW,250226 MY Daryl Movexercise8 LP-Ver1,250226 MY Daryl Movexercise8 LP-Ver1 Image 009,0.31,,0.0,18.0,4.0,17.222222,-,-,-
2026-02-27,2026-02-27,250226 MY Daryl Movexercise8 LEADS NEW,250226 MY Daryl Movexercise8 LP-Ver1,250226 MY Daryl Movexercise8 LP-Ver1 Video Script 006,16.22,1.0,31.0,904.0,798.0,17.942478,-,-,-
2026-02-27,2026-02-27,291025 MY Daryl Movexercise8 LEADS,291025 MY Daryl Movexercise8 LP-Ver1,291025 MY Daryl M8 LP-Ver1 Video 005,7.34,,5.0,323.0,301.0,22.724458,-,-,-
2026-02-27,2026-02-27,291025 MY Daryl Movexercise8 LEADS,291025 MY Daryl Movexercise8 LP-Ver1,291025 MY Daryl Movexercise8 LP-Ver1 Image 003,0.04,,0.0,1.0,1.0,40.0,-,-,-
2026-02-27,2026-02-27,291025 MY Daryl Movexercise8 LEADS,291025 MY Daryl Movexercise8 LP-Ver1,291025 MY Daryl Movexercise8 LP-Ver1 Video 003,162.21,24.0,272.0,11647.0,10992.0,13.927192,-,-,-
2026-02-28,2026-02-28,291025 MY Daryl Movexercise8 LEADS,291025 MY Daryl Movexercise8 LP-Ver1,051225 MY Daryl Movexercise8 LP-Ver1 Video 002,0.65,,1.0,25.0,25.0,26.0,-,-,-
2026-02-28,2026-02-28,291025 MY Daryl Movexercise8 LEADS,291025 MY Daryl Movexercise8 LP-Ver1,131225 MY Daryl Movexercise8 LP-Ver1 Video 001,1.81,,2.0,86.0,79.0,21.046512,-,-,-
2026-02-28,2026-02-28,250226 MY Daryl Movexercise8 LEADS NEW,250226 MY Daryl Movexercise8 LP-Ver1,250226 MY Daryl M8 LP-Ver1 Video Script 007,158.3,16.0,206.0,5637.0,5054.0,28.082313,-,-,-
2026-02-28,2026-02-28,250226 MY Daryl Movexercise8 LEADS NEW,250226 MY Daryl Movexercise8 LP-Ver1,250226 MY Daryl Movexercise8 LP-Ver1 Image 007,1.83,,8.0,115.0,104.0,15.913043,-,-,-
2026-02-28,2026-02-28,250226 MY Daryl Movexercise8 LEADS NEW,250226 MY Daryl Movexercise8 LP-Ver1,250226 MY Daryl Movexercise8 LP-Ver1 Image 009,0.12,,0.0,13.0,12.0,9.230769,-,-,-
2026-02-28,2026-02-28,250226 MY Daryl Movexercise8 LEADS NEW,250226 MY Daryl Movexercise8 LP-Ver1,250226 MY Daryl Movexercise8 LP-Ver1 Video Script 006,2.91,,3.0,108.0,100.0,26.944444,-,-,-
2026-02-28,2026-02-28,291025 MY Daryl Movexercise8 LEADS,291025 MY Daryl Movexercise8 LP-Ver1,291025 MY Daryl M8 LP-Ver1 Video 005,4.82,,6.0,248.0,232.0,19.435484,-,-,-
2026-02-28,2026-02-28,291025 MY Daryl Movexercise8 LEADS,291025 MY Daryl Movexercise8 LP-Ver1,291025 MY Daryl Movexercise8 LP-Ver1 Video 003,158.72,20.0,256.0,10441.0,9917.0,15.201609,-,-,-
2026-03-01,2026-03-01,291025 MY Daryl Movexercise8 LEADS,291025 MY Daryl Movexercise8 LP-Ver1,051225 MY Daryl Movexercise8 LP-Ver1 Video 002,2.1,1.0,9.0,110.0,107.0,19.090909,-,-,-
2026-03-01,2026-03-01,250226 MY Daryl Movexercise8 LEADS NEW,250226 MY Daryl Movexercise8 LP-Ver1,250226 MY Daryl M8 LP-Ver1 Video Hook 002,2.56,,1.0,105.0,100.0,24.380952,-,-,-
2026-03-01,2026-03-01,250226 MY Daryl Movexercise8 LEADS NEW,250226 MY Daryl Movexercise8 LP-Ver1,250226 MY Daryl M8 LP-Ver1 Video Script 007,136.57,11.0,220.0,5579.0,5241.0,24.479297,-,-,-
2026-03-01,2026-03-01,250226 MY Daryl Movexercise8 LEADS NEW,250226 MY Daryl Movexercise8 LP-Ver1,250226 MY Daryl Movexercise8 LP-Ver1 Image 007,65.62,4.0,101.0,2499.0,2266.0,26.258503,-,-,-
2026-03-01,2026-03-01,250226 MY Daryl Movexercise8 LEADS NEW,250226 MY Daryl Movexercise8 LP-Ver1,250226 MY Daryl Movexercise8 LP-Ver1 Image 009,7.78,2.0,11.0,209.0,171.0,37.22488,-,-,-
2026-03-01,2026-03-01,250226 MY Daryl Movexercise8 LEADS NEW,250226 MY Daryl Movexercise8 LP-Ver1,250226 MY Daryl Movexercise8 LP-Ver1 Video Script 006,1.09,,0.0,80.0,77.0,13.625,-,-,-
2026-03-01,2026-03-01,291025 MY Daryl Movexercise8 LEADS,291025 MY Daryl Movexercise8 LP-Ver1,291025 MY Daryl M8 LP-Ver1 Video 005,2.67,,3.0,122.0,120.0,21.885246,-,-,-
2026-03-01,2026-03-01,291025 MY Daryl Movexercise8 LEADS,291025 MY Daryl Movexercise8 LP-Ver1,291025 MY Daryl Movexercise8 LP-Ver1 Image 003,0.08,,1.0,8.0,8.0,10.0,-,-,-
2026-03-01,2026-03-01,291025 MY Daryl Movexercise8 LEADS,291025 MY Daryl Movexercise8 LP-Ver1,291025 MY Daryl Movexercise8 LP-Ver1 Video 003,204.7,18.0,323.0,14550.0,13924.0,14.068729,-,-,-
2026-03-02,2026-03-02,291025 MY Daryl Movexercise8 LEADS,291025 MY Daryl Movexercise8 LP-Ver1,051225 MY Daryl Movexercise8 LP-Ver1 Video 002,2.22,1.0,7.0,94.0,89.0,23.617021,-,-,-
2026-03-02,2026-03-02,291025 MY Daryl Movexercise8 LEADS,291025 MY Daryl Movexercise8 LP-Ver1,131225 MY Daryl Movexercise8 LP-Ver1 Video 001,0.38,,1.0,21.0,21.0,18.095238,-,-,-
2026-03-02,2026-03-02,250226 MY Daryl Movexercise8 LEADS NEW,250226 MY Daryl Movexercise8 LP-Ver1,250226 MY Daryl M8 LP-Ver1 Video Hook 002,0.45,,0.0,23.0,23.0,19.565217,-,-,-
2026-03-02,2026-03-02,250226 MY Daryl Movexercise8 LEADS NEW,250226 MY Daryl Movexercise8 LP-Ver1,250226 MY Daryl M8 LP-Ver1 Video Script 007,178.4,20.0,306.0,7712.0,6988.0,23.13278,-,-,-
2026-03-02,2026-03-02,250226 MY Daryl Movexercise8 LEADS NEW,250226 MY Daryl Movexercise8 LP-Ver1,250226 MY Daryl Movexercise8 LP-Ver1 Image 007,8.85,,20.0,639.0,591.0,13.849765,-,-,-
2026-03-02,2026-03-02,250226 MY Daryl Movexercise8 LEADS NEW,250226 MY Daryl Movexercise8 LP-Ver1,250226 MY Daryl Movexercise8 LP-Ver1 Image 009,2.7,,6.0,121.0,103.0,22.31405,-,-,-
2026-03-02,2026-03-02,250226 MY Daryl Movexercise8 LEADS NEW,250226 MY Daryl Movexercise8 LP-Ver1,250226 MY Daryl Movexercise8 LP-Ver1 Video Script 006,3.13,,1.0,126.0,116.0,24.84127,-,-,-
2026-03-02,2026-03-02,291025 MY Daryl Movexercise8 LEADS,291025 MY Daryl Movexercise8 LP-Ver1,291025 MY Daryl M8 LP-Ver1 Video 005,7.94,,6.0,323.0,312.0,24.582043,-,-,-
2026-03-02,2026-03-02,291025 MY Daryl Movexercise8 LEADS,291025 MY Daryl Movexercise8 LP-Ver1,291025 MY Daryl Movexercise8 LP-Ver1 Image 003,0.01,,0.0,1.0,1.0,10.0,-,-,-
2026-03-02,2026-03-02,291025 MY Daryl Movexercise8 LEADS,291025 MY Daryl Movexercise8 LP-Ver1,291025 MY Daryl Movexercise8 LP-Ver1 Video 003,170.16,14.0,241.0,11703.0,11065.0,14.539862,-,-,-
2026-03-03,2026-03-03,291025 MY Daryl Movexercise8 LEADS,291025 MY Daryl Movexercise8 LP-Ver1,051225 MY Daryl Movexercise8 LP-Ver1 Video 002,10.67,1.0,28.0,352.0,326.0,30.3125,-,-,-
2026-03-03,2026-03-03,291025 MY Daryl Movexercise8 LEADS,291025 MY Daryl Movexercise8 LP-Ver1,131225 MY Daryl Movexercise8 LP-Ver1 Video 001,1.95,1.0,4.0,104.0,101.0,18.75,-,-,-
2026-03-03,2026-03-03,250226 MY Daryl Movexercise8 LEADS NEW,250226 MY Daryl Movexercise8 LP-Ver1,250226 MY Daryl M8 LP-Ver1 Video Script 007,153.87,12.0,197.0,5893.0,5433.0,26.11064,-,-,-
2026-03-03,2026-03-03,250226 MY Daryl Movexercise8 LEADS NEW,250226 MY Daryl Movexercise8 LP-Ver1,250226 MY Daryl Movexercise8 LP-Ver1 Image 007,10.88,1.0,19.0,617.0,573.0,17.633712,-,-,-
2026-03-03,2026-03-03,250226 MY Daryl Movexercise8 LEADS NEW,250226 MY Daryl Movexercise8 LP-Ver1,250226 MY Daryl Movexercise8 LP-Ver1 Image 009,2.27,,4.0,88.0,74.0,25.795455,-,-,-
2026-03-03,2026-03-03,250226 MY Daryl Movexercise8 LEADS NEW,250226 MY Daryl Movexercise8 LP-Ver1,250226 MY Daryl Movexercise8 LP-Ver1 Video Script 006,4.5,,4.0,109.0,97.0,41.284404,-,-,-
2026-03-03,2026-03-03,291025 MY Daryl Movexercise8 LEADS,291025 MY Daryl Movexercise8 LP-Ver1,291025 MY Daryl M8 LP-Ver1 Video 005,11.52,,22.0,471.0,438.0,24.458599,-,-,-
2026-03-03,2026-03-03,291025 MY Daryl Movexercise8 LEADS,291025 MY Daryl Movexercise8 LP-Ver1,291025 MY Daryl Movexercise8 LP-Ver1 Image 003,0.03,,0.0,3.0,3.0,10.0,-,-,-
2026-03-03,2026-03-03,291025 MY Daryl Movexercise8 LEADS,291025 MY Daryl Movexercise8 LP-Ver1,291025 MY Daryl Movexercise8 LP-Ver1 Video 003,144.41,17.0,204.0,9490.0,9281.0,15.217071,-,-,-
2026-03-04,2026-03-04,250226 MY Daryl Movexercise8 LEADS NEW,250226 MY Daryl Movexercise8 LP-Ver1,040326 MY Daryl Movexercise8 LP-Ver1 Image 011,8.34,2.0,18.0,496.0,418.0,16.814516,-,-,-
2026-03-04,2026-03-04,291025 MY Daryl Movexercise8 LEADS,291025 MY Daryl Movexercise8 LP-Ver1,051225 MY Daryl Movexercise8 LP-Ver1 Video 002,4.01,,13.0,156.0,149.0,25.705128,-,-,-
2026-03-04,2026-03-04,250226 MY Daryl Movexercise8 LEADS NEW,250226 MY Daryl Movexercise8 LP-Ver1,250226 MY Daryl M8 LP-Ver1 Video Hook 002,0.43,1.0,2.0,21.0,19.0,20.47619,-,-,-
2026-03-04,2026-03-04,250226 MY Daryl Movexercise8 LEADS NEW,250226 MY Daryl Movexercise8 LP-Ver1,250226 MY Daryl M8 LP-Ver1 Video Script 007,144.39,13.0,230.0,5963.0,5642.0,24.214322,-,-,-
2026-03-04,2026-03-04,250226 MY Daryl Movexercise8 LEADS NEW,250226 MY Daryl Movexercise8 LP-Ver1,250226 MY Daryl Movexercise8 LP-Ver1 Image 007,0.02,,0.0,1.0,1.0,20.0,-,-,-
2026-03-04,2026-03-04,250226 MY Daryl Movexercise8 LEADS NEW,250226 MY Daryl Movexercise8 LP-Ver1,250226 MY Daryl Movexercise8 LP-Ver1 Image 009,2.24,,1.0,67.0,60.0,33.432836,-,-,-
2026-03-04,2026-03-04,250226 MY Daryl Movexercise8 LEADS NEW,250226 MY Daryl Movexercise8 LP-Ver1,250226 MY Daryl Movexercise8 LP-Ver1 Video Script 006,19.5,,35.0,713.0,650.0,27.349229,-,-,-
2026-03-04,2026-03-04,291025 MY Daryl Movexercise8 LEADS,291025 MY Daryl Movexercise8 LP-Ver1,291025 MY Daryl M8 LP-Ver1 Video 005,12.91,2.0,16.0,455.0,419.0,28.373626,-,-,-
2026-03-04,2026-03-04,291025 MY Daryl Movexercise8 LEADS,291025 MY Daryl Movexercise8 LP-Ver1,291025 MY Daryl Movexercise8 LP-Ver1 Image 003,0.32,,1.0,6.0,6.0,53.333333,-,-,-
2026-03-04,2026-03-04,291025 MY Daryl Movexercise8 LEADS,291025 MY Daryl Movexercise8 LP-Ver1,291025 MY Daryl Movexercise8 LP-Ver1 Video 003,162.38,15.0,186.0,9410.0,8961.0,17.256111,-,-,-
2026-03-05,2026-03-05,250226 MY Daryl Movexercise8 LEADS NEW,250226 MY Daryl Movexercise8 LP-Ver1,040326 MY Daryl Movexercise8 LP-Ver1 Image 011,82.87,2.0,104.0,3566.0,2907.0,23.238923,-,-,-
2026-03-05,2026-03-05,291025 MY Daryl Movexercise8 LEADS,291025 MY Daryl Movexercise8 LP-Ver1,051225 MY Daryl Movexercise8 LP-Ver1 Video 002,0.68,1.0,0.0,33.0,31.0,20.606061,-,-,-
2026-03-05,2026-03-05,291025 MY Daryl Movexercise8 LEADS,291025 MY Daryl Movexercise8 LP-Ver1,131225 MY Daryl Movexercise8 LP-Ver1 Video 001,2.58,1.0,4.0,79.0,74.0,32.658228,-,-,-
2026-03-05,2026-03-05,250226 MY Daryl Movexercise8 LEADS NEW,250226 MY Daryl Movexercise8 LP-Ver1,250226 MY Daryl M8 LP-Ver1 Video Hook 002,0.0,1.0,0.0,0.0,0.0,,-,-,-
2026-03-05,2026-03-05,250226 MY Daryl Movexercise8 LEADS NEW,250226 MY Daryl Movexercise8 LP-Ver1,250226 MY Daryl M8 LP-Ver1 Video Script 007,14.39,1.0,17.0,643.0,612.0,22.379471,-,-,-
2026-03-05,2026-03-05,250226 MY Daryl Movexercise8 LEADS NEW,250226 MY Daryl Movexercise8 LP-Ver1,250226 MY Daryl Movexercise8 LP-Ver1 Image 009,41.44,,31.0,976.0,801.0,42.459016,-,-,-
2026-03-05,2026-03-05,250226 MY Daryl Movexercise8 LEADS NEW,250226 MY Daryl Movexercise8 LP-Ver1,250226 MY Daryl Movexercise8 LP-Ver1 Video Script 006,14.32,,21.0,581.0,546.0,24.64716,-,-,-
2026-03-05,2026-03-05,291025 MY Daryl Movexercise8 LEADS,291025 MY Daryl Movexercise8 LP-Ver1,291025 MY Daryl M8 LP-Ver1 Video 005,1.34,,2.0,60.0,58.0,22.333333,-,-,-
2026-03-05,2026-03-05,291025 MY Daryl Movexercise8 LEADS,291025 MY Daryl Movexercise8 LP-Ver1,291025 MY Daryl Movexercise8 LP-Ver1 Video 003,176.02,15.0,224.0,10729.0,10555.0,16.406002,-,-,-
2026-03-06,2026-03-06,250226 MY Daryl Movexercise8 LEADS NEW,250226 MY Daryl Movexercise8 LP-Ver1,040326 MY Daryl Movexercise8 LP-Ver1 Image 011,18.27,,16.0,884.0,817.0,20.667421,-,-,-
2026-03-06,2026-03-06,291025 MY Daryl Movexercise8 LEADS,291025 MY Daryl Movexercise8 LP-Ver1,051225 MY Daryl Movexercise8 LP-Ver1 Video 002,1.94,,3.0,83.0,73.0,23.373494,-,-,-
2026-03-06,2026-03-06,250226 MY Daryl Movexercise8 LEADS NEW,250226 MY Daryl Movexercise8 LP-Ver1,070326 MY Daryl Movexercise8 LP-Ver1 Image 008,0.74,,0.0,20.0,19.0,37.0,-,-,-
2026-03-06,2026-03-06,250226 MY Daryl Movexercise8 LEADS NEW,250226 MY Daryl Movexercise8 LP-Ver1,250226 MY Daryl M8 LP-Ver1 Video Hook 002,0.09,,0.0,7.0,6.0,12.857143,-,-,-
2026-03-06,2026-03-06,250226 MY Daryl Movexercise8 LEADS NEW,250226 MY Daryl Movexercise8 LP-Ver1,250226 MY Daryl M8 LP-Ver1 Video Script 007,79.52,11.0,96.0,2764.0,2597.0,28.769899,-,-,-
2026-03-06,2026-03-06,250226 MY Daryl Movexercise8 LEADS NEW,250226 MY Daryl Movexercise8 LP-Ver1,250226 MY Daryl Movexercise8 LP-Ver1 Image 009,4.49,,5.0,187.0,163.0,24.010695,-,-,-
2026-03-06,2026-03-06,250226 MY Daryl Movexercise8 LEADS NEW,250226 MY Daryl Movexercise8 LP-Ver1,250226 MY Daryl Movexercise8 LP-Ver1 Video Script 006,39.81,4.0,71.0,1609.0,1472.0,24.742076,-,-,-
2026-03-06,2026-03-06,291025 MY Daryl Movexercise8 LEADS,291025 MY Daryl Movexercise8 LP-Ver1,291025 MY Daryl M8 LP-Ver1 Video 005,21.33,1.0,23.0,865.0,788.0,24.65896,-,-,-
2026-03-06,2026-03-06,291025 MY Daryl Movexercise8 LEADS,291025 MY Daryl Movexercise8 LP-Ver1,291025 MY Daryl Movexercise8 LP-Ver1 Image 003,0.2,,0.0,8.0,8.0,25.0,-,-,-
2026-03-06,2026-03-06,291025 MY Daryl Movexercise8 LEADS,291025 MY Daryl Movexercise8 LP-Ver1,291025 MY Daryl Movexercise8 LP-Ver1 Video 003,152.21,13.0,186.0,10697.0,9779.0,14.229223,-,-,-
2026-03-07,2026-03-07,250226 MY Daryl Movexercise8 LEADS NEW,250226 MY Daryl Movexercise8 LP-Ver1,070326 MY Daryl M8 LP-Ver1 Video Hook 006,80.04,3.0,92.0,2473.0,2249.0,32.365548,-,-,-
2026-03-07,2026-03-07,250226 MY Daryl Movexercise8 LEADS NEW,250226 MY Daryl Movexercise8 LP-Ver1,070326 MY Daryl Movexercise8 LP-Ver1 Image 008,89.01,4.0,163.0,4224.0,3491.0,21.072443,-,-,-
2026-03-07,2026-03-07,291025 MY Daryl Movexercise8 LEADS,291025 MY Daryl Movexercise8 LP-Ver1,131225 MY Daryl Movexercise8 LP-Ver1 Video 001,0.93,,0.0,44.0,42.0,21.136364,-,-,-
2026-03-07,2026-03-07,250226 MY Daryl Movexercise8 LEADS NEW,250226 MY Daryl Movexercise8 LP-Ver1,250226 MY Daryl M8 LP-Ver1 Video Hook 002,3.7,,4.0,195.0,181.0,18.974359,-,-,-
2026-03-07,2026-03-07,250226 MY Daryl Movexercise8 LEADS NEW,250226 MY Daryl Movexercise8 LP-Ver1,250226 MY Daryl M8 LP-Ver1 Video Script 007,1.6,,0.0,10.0,10.0,160.0,-,-,-
2026-03-07,2026-03-07,250226 MY Daryl Movexercise8 LEADS NEW,250226 MY Daryl Movexercise8 LP-Ver1,250226 MY Daryl Movexercise8 LP-Ver1 Video Script 006,20.38,1.0,30.0,778.0,727.0,26.195373,-,-,-
2026-03-07,2026-03-07,291025 MY Daryl Movexercise8 LEADS,291025 MY Daryl Movexercise8 LP-Ver1,291025 MY Daryl M8 LP-Ver1 Video 005,3.99,,4.0,158.0,155.0,25.253165,-,-,-
2026-03-07,2026-03-07,291025 MY Daryl Movexercise8 LEADS,291025 MY Daryl Movexercise8 LP-Ver1,291025 MY Daryl Movexercise8 LP-Ver1 Image 003,0.08,,0.0,3.0,3.0,26.666667,-,-,-
2026-03-07,2026-03-07,291025 MY Daryl Movexercise8 LEADS,291025 MY Daryl Movexercise8 LP-Ver1,291025 MY Daryl Movexercise8 LP-Ver1 Video 003,192.67,19.0,256.0,13818.0,13256.0,13.943407,-,-,-
2026-03-08,2026-03-08,291025 MY Daryl Movexercise8 LEADS,291025 MY Daryl Movexercise8 LP-Ver1,051225 MY Daryl Movexercise8 LP-Ver1 Video 002,5.33,1.0,13.0,181.0,168.0,29.447514,-,-,-
2026-03-08,2026-03-08,250226 MY Daryl Movexercise8 LEADS NEW,250226 MY Daryl Movexercise8 LP-Ver1,070326 MY Daryl M8 LP-Ver1 Video Hook 006,24.31,1.0,36.0,901.0,860.0,26.981132,-,-,-
2026-03-08,2026-03-08,250226 MY Daryl Movexercise8 LEADS NEW,250226 MY Daryl Movexercise8 LP-Ver1,070326 MY Daryl Movexercise8 LP-Ver1 Image 008,109.32,6.0,186.0,6916.0,5741.0,15.806825,-,-,-
2026-03-08,2026-03-08,291025 MY Daryl Movexercise8 LEADS,291025 MY Daryl Movexercise8 LP-Ver1,131225 MY Daryl Movexercise8 LP-Ver1 Video 001,2.14,,3.0,105.0,94.0,20.380952,-,-,-
2026-03-08,2026-03-08,250226 MY Daryl Movexercise8 LEADS NEW,250226 MY Daryl Movexercise8 LP-Ver1,250226 MY Daryl M8 LP-Ver1 Video Script 007,85.17,8.0,94.0,2531.0,2461.0,33.650731,-,-,-
2026-03-08,2026-03-08,291025 MY Daryl Movexercise8 LEADS,291025 MY Daryl Movexercise8 LP-Ver1,291025 MY Daryl M8 LP-Ver1 Video 005,0.0,,0.0,0.0,0.0,,-,-,-
2026-03-08,2026-03-08,291025 MY Daryl Movexercise8 LEADS,291025 MY Daryl Movexercise8 LP-Ver1,291025 MY Daryl Movexercise8 LP-Ver1 Image 003,0.07,,0.0,6.0,5.0,11.666667,-,-,-
2026-03-08,2026-03-08,291025 MY Daryl Movexercise8 LEADS,291025 MY Daryl Movexercise8 LP-Ver1,291025 MY Daryl Movexercise8 LP-Ver1 Video 003,200.76,13.0,240.0,14329.0,13272.0,14.010747,-,-,-
2026-03-09,2026-03-09,291025 MY Daryl Movexercise8 LEADS,291025 MY Daryl Movexercise8 LP-Ver1,051225 MY Daryl Movexercise8 LP-Ver1 Video 002,0.36,,5.0,26.0,26.0,13.846154,-,-,-
2026-03-09,2026-03-09,250226 MY Daryl Movexercise8 LEADS NEW,250226 MY Daryl Movexercise8 LP-Ver1,070326 MY Daryl M8 LP-Ver1 Video Hook 006,9.18,,10.0,356.0,338.0,25.786517,-,-,-
2026-03-09,2026-03-09,250226 MY Daryl Movexercise8 LEADS NEW,250226 MY Daryl Movexercise8 LP-Ver1,070326 MY Daryl Movexercise8 LP-Ver1 Image 008,90.76,4.0,176.0,6108.0,5153.0,14.859201,-,-,-
2026-03-09,2026-03-09,250226 MY Daryl Movexercise8 LEADS NEW,250226 MY Daryl Movexercise8 LP-Ver1,100326 MY Daryl M8 LP-Ver1 Image 001,1.16,,1.0,79.0,73.0,14.683544,-,-,-
2026-03-09,2026-03-09,250226 MY Daryl Movexercise8 LEADS NEW,250226 MY Daryl Movexercise8 LP-Ver1,100326 MY Daryl M8 LP-Ver1 Video Hook 001,7.21,1.0,9.0,315.0,310.0,22.888889,-,-,-
2026-03-09,2026-03-09,291025 MY Daryl Movexercise8 LEADS,291025 MY Daryl Movexercise8 LP-Ver1,100326 MY Daryl M8 LP-Ver1 Video Script 007,2.08,,1.0,120.0,120.0,17.333333,-,-,-
2026-03-09,2026-03-09,250226 MY Daryl Movexercise8 LEADS NEW,250226 MY Daryl Movexercise8 LP-Ver1,250226 MY Daryl M8 LP-Ver1 Video Hook 002,3.55,,5.0,133.0,114.0,26.691729,-,-,-
2026-03-09,2026-03-09,250226 MY Daryl Movexercise8 LEADS NEW,250226 MY Daryl Movexercise8 LP-Ver1,250226 MY Daryl M8 LP-Ver1 Video Script 007,49.38,7.0,74.0,1760.0,1661.0,28.056818,-,-,-
2026-03-09,2026-03-09,250226 MY Daryl Movexercise8 LEADS NEW,250226 MY Daryl Movexercise8 LP-Ver1,250226 MY Daryl Movexercise8 LP-Ver1 Video Script 006,47.45,2.0,37.0,1348.0,1229.0,35.200297,-,-,-
2026-03-09,2026-03-09,291025 MY Daryl Movexercise8 LEADS,291025 MY Daryl Movexercise8 LP-Ver1,291025 MY Daryl M8 LP-Ver1 Video 005,6.0,1.0,5.0,230.0,220.0,26.086957,-,-,-
2026-03-09,2026-03-09,291025 MY Daryl Movexercise8 LEADS,291025 MY Daryl Movexercise8 LP-Ver1,291025 MY Daryl Movexercise8 LP-Ver1 Image 003,0.82,,1.0,44.0,31.0,18.636364,-,-,-
2026-03-09,2026-03-09,291025 MY Daryl Movexercise8 LEADS,291025 MY Daryl Movexercise8 LP-Ver1,291025 MY Daryl Movexercise8 LP-Ver1 Video 003,191.32,12.0,244.0,13071.0,12042.0,14.636983,-,-,-
2026-03-10,2026-03-10,291025 MY Daryl Movexercise8 LEADS,291025 MY Daryl Movexercise8 LP-Ver1,051225 MY Daryl Movexercise8 LP-Ver1 Video 002,1.12,,4.0,49.0,46.0,22.857143,-,-,-
2026-03-10,2026-03-10,250226 MY Daryl Movexercise8 LEADS NEW,250226 MY Daryl Movexercise8 LP-Ver1,100326 MY Daryl M8 LP-Ver1 Image 001,169.61,14.0,154.0,6153.0,4797.0,27.565415,-,-,-
2026-03-10,2026-03-10,291025 MY Daryl Movexercise8 LEADS,100326 MY Daryl M8 LP-Ver1  (Early Childhood),100326 MY Daryl M8 LP-Ver1 Image 003,58.08,10.0,129.0,3303.0,2631.0,17.584015,-,-,-
2026-03-10,2026-03-10,291025 MY Daryl Movexercise8 LEADS,100326 MY Daryl M8 LP-Ver1  (Early Childhood),100326 MY Daryl M8 LP-Ver1 Video 001,7.88,,7.0,321.0,286.0,24.548287,-,-,-
2026-03-10,2026-03-10,291025 MY Daryl Movexercise8 LEADS,100326 MY Daryl M8 LP-Ver1  (Early Childhood),100326 MY Daryl M8 LP-Ver1 Video 002,5.9,,10.0,347.0,320.0,17.002882,-,-,-
2026-03-10,2026-03-10,291025 MY Daryl Movexercise8 LEADS,100326 MY Daryl M8 LP-Ver1  (Early Childhood),100326 MY Daryl M8 LP-Ver1 Video 003,11.84,,22.0,740.0,730.0,16.0,-,-,-
2026-03-10,2026-03-10,291025 MY Daryl Movexercise8 LEADS,100326 MY Daryl M8 LP-Ver1  (Early Childhood),100326 MY Daryl M8 LP-Ver1 Video 005,5.96,,11.0,316.0,313.0,18.860759,-,-,-
2026-03-10,2026-03-10,250226 MY Daryl Movexercise8 LEADS NEW,250226 MY Daryl Movexercise8 LP-Ver1,100326 MY Daryl M8 LP-Ver1 Video Hook 001,0.33,,0.0,12.0,11.0,27.5,-,-,-
2026-03-10,2026-03-10,291025 MY Daryl Movexercise8 LEADS,100326 MY Daryl M8 LP-Ver1  (Early Childhood),100326 MY Daryl M8 LP-Ver1 Video Script 007,32.94,3.0,54.0,1203.0,1155.0,27.381546,-,-,-
2026-03-10,2026-03-10,291025 MY Daryl Movexercise8 LEADS,291025 MY Daryl Movexercise8 LP-Ver1,131225 MY Daryl Movexercise8 LP-Ver1 Video 001,2.08,,0.0,77.0,76.0,27.012987,-,-,-
2026-03-10,2026-03-10,250226 MY Daryl Movexercise8 LEADS NEW,250226 MY Daryl Movexercise8 LP-Ver1,250226 MY Daryl M8 LP-Ver1 Video Script 007,26.25,,43.0,1115.0,1056.0,23.542601,-,-,-
2026-03-10,2026-03-10,250226 MY Daryl Movexercise8 LEADS NEW,250226 MY Daryl Movexercise8 LP-Ver1,250226 MY Daryl Movexercise8 LP-Ver1 Video Script 006,3.84,,3.0,169.0,167.0,22.721893,-,-,-
2026-03-10,2026-03-10,291025 MY Daryl Movexercise8 LEADS,291025 MY Daryl Movexercise8 LP-Ver1,291025 MY Daryl M8 LP-Ver1 Video 005,0.89,,0.0,42.0,42.0,21.190476,-,-,-
2026-03-10,2026-03-10,291025 MY Daryl Movexercise8 LEADS,291025 MY Daryl Movexercise8 LP-Ver1,291025 MY Daryl Movexercise8 LP-Ver1 Video 003,196.46,17.0,241.0,14006.0,13277.0,14.026846,-,-,-
2026-03-11,2026-03-11,291025 MY Daryl Movexercise8 LEADS,291025 MY Daryl Movexercise8 LP-Ver1,051225 MY Daryl Movexercise8 LP-Ver1 Video 002,5.23,,11.0,193.0,174.0,27.098446,-,-,-
2026-03-11,2026-03-11,250226 MY Daryl Movexercise8 LEADS NEW,250226 MY Daryl Movexercise8 LP-Ver1,100326 MY Daryl M8 LP-Ver1 Image 001,131.2,6.0,98.0,4394.0,3722.0,29.858899,-,-,-
2026-03-11,2026-03-11,291025 MY Daryl Movexercise8 LEADS,100326 MY Daryl M8 LP-Ver1  (Early Childhood),100326 MY Daryl M8 LP-Ver1 Image 003,72.1,7.0,212.0,5706.0,4760.0,12.635822,-,-,-
2026-03-11,2026-03-11,291025 MY Daryl Movexercise8 LEADS,100326 MY Daryl M8 LP-Ver1  (Early Childhood),100326 MY Daryl M8 LP-Ver1 Video 001,5.33,1.0,4.0,217.0,200.0,24.562212,-,-,-
2026-03-11,2026-03-11,291025 MY Daryl Movexercise8 LEADS,100326 MY Daryl M8 LP-Ver1  (Early Childhood),100326 MY Daryl M8 LP-Ver1 Video 002,3.77,1.0,5.0,176.0,164.0,21.420455,-,-,-
2026-03-11,2026-03-11,291025 MY Daryl Movexercise8 LEADS,100326 MY Daryl M8 LP-Ver1  (Early Childhood),100326 MY Daryl M8 LP-Ver1 Video 003,7.53,,24.0,487.0,485.0,15.462012,-,-,-
2026-03-11,2026-03-11,291025 MY Daryl Movexercise8 LEADS,100326 MY Daryl M8 LP-Ver1  (Early Childhood),100326 MY Daryl M8 LP-Ver1 Video 005,6.13,1.0,13.0,253.0,239.0,24.229249,-,-,-
2026-03-11,2026-03-11,250226 MY Daryl Movexercise8 LEADS NEW,250226 MY Daryl Movexercise8 LP-Ver1,100326 MY Daryl M8 LP-Ver1 Video Hook 001,3.27,,12.0,106.0,100.0,30.849057,-,-,-
2026-03-11,2026-03-11,291025 MY Daryl Movexercise8 LEADS,100326 MY Daryl M8 LP-Ver1  (Early Childhood),100326 MY Daryl M8 LP-Ver1 Video Script 007,27.76,4.0,42.0,1141.0,1086.0,24.329536,-,-,-
2026-03-11,2026-03-11,250226 MY Daryl Movexercise8 LEADS NEW,250226 MY Daryl Movexercise8 LP-Ver1,250226 MY Daryl M8 LP-Ver1 Video Hook 002,0.53,,0.0,14.0,14.0,37.857143,-,-,-
2026-03-11,2026-03-11,250226 MY Daryl Movexercise8 LEADS NEW,250226 MY Daryl Movexercise8 LP-Ver1,250226 MY Daryl M8 LP-Ver1 Video Script 007,53.25,1.0,64.0,1812.0,1751.0,29.387417,-,-,-
2026-03-11,2026-03-11,250226 MY Daryl Movexercise8 LEADS NEW,250226 MY Daryl Movexercise8 LP-Ver1,250226 MY Daryl Movexercise8 LP-Ver1 Video Script 006,4.96,,6.0,146.0,138.0,33.972603,-,-,-
2026-03-11,2026-03-11,291025 MY Daryl Movexercise8 LEADS,291025 MY Daryl Movexercise8 LP-Ver1,291025 MY Daryl M8 LP-Ver1 Video 005,0.44,,1.0,18.0,18.0,24.444444,-,-,-
2026-03-11,2026-03-11,291025 MY Daryl Movexercise8 LEADS,291025 MY Daryl Movexercise8 LP-Ver1,291025 MY Daryl Movexercise8 LP-Ver1 Image 003,1.74,,2.0,63.0,57.0,27.619048,-,-,-
2026-03-11,2026-03-11,291025 MY Daryl Movexercise8 LEADS,291025 MY Daryl Movexercise8 LP-Ver1,291025 MY Daryl Movexercise8 LP-Ver1 Video 003,191.63,12.0,196.0,10520.0,10070.0,18.215779,-,-,-
2026-03-12,2026-03-12,250226 MY Daryl Movexercise8 LEADS NEW,250226 MY Daryl Movexercise8 LP-Ver1,100326 MY Daryl M8 LP-Ver1 Image 001,114.25,8.0,103.0,3945.0,3504.0,28.96071,-,-,-
2026-03-12,2026-03-12,291025 MY Daryl Movexercise8 LEADS,100326 MY Daryl M8 LP-Ver1  (Early Childhood),100326 MY Daryl M8 LP-Ver1 Image 003,124.19,7.0,353.0,10160.0,8949.0,12.223425,-,-,-
2026-03-12,2026-03-12,291025 MY Daryl Movexercise8 LEADS,100326 MY Daryl M8 LP-Ver1  (Early Childhood),100326 MY Daryl M8 LP-Ver1 Video 001,0.52,,2.0,33.0,33.0,15.757576,-,-,-
2026-03-12,2026-03-12,291025 MY Daryl Movexercise8 LEADS,100326 MY Daryl M8 LP-Ver1  (Early Childhood),100326 MY Daryl M8 LP-Ver1 Video 002,0.02,,0.0,3.0,3.0,6.666667,-,-,-
2026-03-12,2026-03-12,291025 MY Daryl Movexercise8 LEADS,100326 MY Daryl M8 LP-Ver1  (Early Childhood),100326 MY Daryl M8 LP-Ver1 Video 003,1.95,,5.0,99.0,97.0,19.69697,-,-,-
2026-03-12,2026-03-12,291025 MY Daryl Movexercise8 LEADS,100326 MY Daryl M8 LP-Ver1  (Early Childhood),100326 MY Daryl M8 LP-Ver1 Video 005,0.08,,0.0,6.0,6.0,13.333333,-,-,-
2026-03-12,2026-03-12,250226 MY Daryl Movexercise8 LEADS NEW,250226 MY Daryl Movexercise8 LP-Ver1,100326 MY Daryl M8 LP-Ver1 Video Hook 001,3.75,,11.0,132.0,124.0,28.409091,-,-,-
2026-03-12,2026-03-12,291025 MY Daryl Movexercise8 LEADS,100326 MY Daryl M8 LP-Ver1  (Early Childhood),100326 MY Daryl M8 LP-Ver1 Video Script 007,9.97,1.0,16.0,444.0,438.0,22.454955,-,-,-
2026-03-12,2026-03-12,291025 MY Daryl Movexercise8 LEADS,291025 MY Daryl Movexercise8 LP-Ver1,131225 MY Daryl Movexercise8 LP-Ver1 Video 001,0.61,,1.0,33.0,29.0,18.484848,-,-,-
2026-03-12,2026-03-12,250226 MY Daryl Movexercise8 LEADS NEW,250226 MY Daryl Movexercise8 LP-Ver1,250226 MY Daryl M8 LP-Ver1 Video Hook 002,0.33,,1.0,28.0,27.0,11.785714,-,-,-
2026-03-12,2026-03-12,250226 MY Daryl Movexercise8 LEADS NEW,250226 MY Daryl Movexercise8 LP-Ver1,250226 MY Daryl M8 LP-Ver1 Video Script 007,66.56,4.0,92.0,2574.0,2441.0,25.858586,-,-,-
2026-03-12,2026-03-12,291025 MY Daryl Movexercise8 LEADS,291025 MY Daryl Movexercise8 LP-Ver1,291025 MY Daryl M8 LP-Ver1 Video 005,3.38,,3.0,150.0,147.0,22.533333,-,-,-
2026-03-12,2026-03-12,291025 MY Daryl Movexercise8 LEADS,291025 MY Daryl Movexercise8 LP-Ver1,291025 MY Daryl Movexercise8 LP-Ver1 Image 003,0.05,,0.0,6.0,6.0,8.333333,-,-,-
2026-03-12,2026-03-12,291025 MY Daryl Movexercise8 LEADS,291025 MY Daryl Movexercise8 LP-Ver1,291025 MY Daryl Movexercise8 LP-Ver1 Video 003,277.95,21.0,280.0,13831.0,13669.0,20.096161,-,-,-
2026-03-13,2026-03-13,291025 MY Daryl Movexercise8 LEADS,291025 MY Daryl Movexercise8 LP-Ver1,051225 MY Daryl Movexercise8 LP-Ver1 Video 002,2.6,,12.0,95.0,87.0,27.368421,-,-,-
2026-03-13,2026-03-13,250226 MY Daryl Movexercise8 LEADS NEW,250226 MY Daryl Movexercise8 LP-Ver1,100326 MY Daryl M8 LP-Ver1 Image 001,24.34,2.0,21.0,809.0,737.0,30.086527,-,-,-
2026-03-13,2026-03-13,291025 MY Daryl Movexercise8 LEADS,100326 MY Daryl M8 LP-Ver1  (Early Childhood),100326 MY Daryl M8 LP-Ver1 Image 003,105.2,4.0,274.0,8469.0,7427.0,12.421774,-,-,-
2026-03-13,2026-03-13,291025 MY Daryl Movexercise8 LEADS,100326 MY Daryl M8 LP-Ver1  (Early Childhood),100326 MY Daryl M8 LP-Ver1 Video 001,0.87,,3.0,35.0,34.0,24.857143,-,-,-
2026-03-13,2026-03-13,291025 MY Daryl Movexercise8 LEADS,100326 MY Daryl M8 LP-Ver1  (Early Childhood),100326 MY Daryl M8 LP-Ver1 Video 002,0.4,,1.0,10.0,10.0,40.0,-,-,-
2026-03-13,2026-03-13,291025 MY Daryl Movexercise8 LEADS,100326 MY Daryl M8 LP-Ver1  (Early Childhood),100326 MY Daryl M8 LP-Ver1 Video 003,2.15,,4.0,91.0,91.0,23.626374,-,-,-
2026-03-13,2026-03-13,291025 MY Daryl Movexercise8 LEADS,100326 MY Daryl M8 LP-Ver1  (Early Childhood),100326 MY Daryl M8 LP-Ver1 Video 005,5.14,1.0,13.0,208.0,198.0,24.711538,-,-,-
2026-03-13,2026-03-13,291025 MY Daryl Movexercise8 LEADS,100326 MY Daryl M8 LP-Ver1  (Early Childhood),100326 MY Daryl M8 LP-Ver1 Video Script 007,9.01,3.0,18.0,337.0,334.0,26.735905,-,-,-
2026-03-13,2026-03-13,250226 MY Daryl Movexercise8 LEADS NEW,250226 MY Daryl Movexercise8 LP-Ver1,120326 MY Daryl M8 LP-Ver1 Video Hook 004,3.42,,5.0,113.0,102.0,30.265487,-,-,-
2026-03-13,2026-03-13,291025 MY Daryl Movexercise8 LEADS,291025 MY Daryl Movexercise8 LP-Ver1,131225 MY Daryl Movexercise8 LP-Ver1 Video 001,2.32,,2.0,99.0,95.0,23.434343,-,-,-
2026-03-13,2026-03-13,250226 MY Daryl Movexercise8 LEADS NEW,250226 MY Daryl Movexercise8 LP-Ver1,250226 MY Daryl M8 LP-Ver1 Video Script 007,110.4,5.0,132.0,3397.0,3229.0,32.499264,-,-,-
2026-03-13,2026-03-13,291025 MY Daryl Movexercise8 LEADS,291025 MY Daryl Movexercise8 LP-Ver1,291025 MY Daryl Movexercise8 LP-Ver1 Image 003,0.11,,0.0,7.0,7.0,15.714286,-,-,-
2026-03-13,2026-03-13,291025 MY Daryl Movexercise8 LEADS,291025 MY Daryl Movexercise8 LP-Ver1,291025 MY Daryl Movexercise8 LP-Ver1 Video 003,236.58,19.0,259.0,12284.0,11856.0,19.259199,-,-,-
2026-03-14,2026-03-14,291025 MY Daryl Movexercise8 LEADS,291025 MY Daryl Movexercise8 LP-Ver1,051225 MY Daryl Movexercise8 LP-Ver1 Video 002,0.57,,1.0,30.0,27.0,19.0,-,-,-
2026-03-14,2026-03-14,250226 MY Daryl Movexercise8 LEADS NEW,250226 MY Daryl Movexercise8 LP-Ver1,100326 MY Daryl M8 LP-Ver1 Image 001,43.14,3.0,40.0,1334.0,1212.0,32.338831,-,-,-
2026-03-14,2026-03-14,291025 MY Daryl Movexercise8 LEADS,100326 MY Daryl M8 LP-Ver1  (Early Childhood),100326 MY Daryl M8 LP-Ver1 Image 003,76.62,1.0,196.0,5440.0,4842.0,14.084559,-,-,-
2026-03-14,2026-03-14,291025 MY Daryl Movexercise8 LEADS,100326 MY Daryl M8 LP-Ver1  (Early Childhood),100326 MY Daryl M8 LP-Ver1 Video 001,3.11,,4.0,123.0,114.0,25.284553,-,-,-
2026-03-14,2026-03-14,291025 MY Daryl Movexercise8 LEADS,100326 MY Daryl M8 LP-Ver1  (Early Childhood),100326 MY Daryl M8 LP-Ver1 Video 003,15.56,1.0,32.0,954.0,937.0,16.310273,-,-,-
2026-03-14,2026-03-14,291025 MY Daryl Movexercise8 LEADS,100326 MY Daryl M8 LP-Ver1  (Early Childhood),100326 MY Daryl M8 LP-Ver1 Video 005,0.31,,1.0,19.0,19.0,16.315789,-,-,-
2026-03-14,2026-03-14,250226 MY Daryl Movexercise8 LEADS NEW,250226 MY Daryl Movexercise8 LP-Ver1,100326 MY Daryl M8 LP-Ver1 Video Hook 001,2.08,,2.0,78.0,75.0,26.666667,-,-,-
2026-03-14,2026-03-14,291025 MY Daryl Movexercise8 LEADS,100326 MY Daryl M8 LP-Ver1  (Early Childhood),100326 MY Daryl M8 LP-Ver1 Video Script 007,12.21,,15.0,395.0,381.0,30.911392,-,-,-
2026-03-14,2026-03-14,250226 MY Daryl Movexercise8 LEADS NEW,250226 MY Daryl Movexercise8 LP-Ver1,120326 MY Daryl M8 LP-Ver1 Video Hook 004,0.11,,0.0,10.0,10.0,11.0,-,-,-
2026-03-14,2026-03-14,250226 MY Daryl Movexercise8 LEADS NEW,250226 MY Daryl Movexercise8 LP-Ver1,250226 MY Daryl M8 LP-Ver1 Video Hook 002,0.49,,0.0,16.0,14.0,30.625,-,-,-
2026-03-14,2026-03-14,250226 MY Daryl Movexercise8 LEADS NEW,250226 MY Daryl Movexercise8 LP-Ver1,250226 MY Daryl M8 LP-Ver1 Video Script 007,79.18,12.0,120.0,2397.0,2325.0,33.032958,-,-,-
2026-03-14,2026-03-14,291025 MY Daryl Movexercise8 LEADS,291025 MY Daryl Movexercise8 LP-Ver1,291025 MY Daryl M8 LP-Ver1 Video 005,16.19,1.0,21.0,685.0,645.0,23.635037,-,-,-
2026-03-14,2026-03-14,291025 MY Daryl Movexercise8 LEADS,291025 MY Daryl Movexercise8 LP-Ver1,291025 MY Daryl Movexercise8 LP-Ver1 Image 003,0.57,,1.0,20.0,20.0,28.5,-,-,-
2026-03-14,2026-03-14,291025 MY Daryl Movexercise8 LEADS,291025 MY Daryl Movexercise8 LP-Ver1,291025 MY Daryl Movexercise8 LP-Ver1 Video 003,215.08,20.0,243.0,11721.0,11502.0,18.34997,-,-,-
2026-03-15,2026-03-15,291025 MY Daryl Movexercise8 LEADS,291025 MY Daryl Movexercise8 LP-Ver1,051225 MY Daryl Movexercise8 LP-Ver1 Video 002,1.05,,1.0,55.0,55.0,19.090909,-,-,-
2026-03-15,2026-03-15,250226 MY Daryl Movexercise8 LEADS NEW,250226 MY Daryl Movexercise8 LP-Ver1,100326 MY Daryl M8 LP-Ver1 Image 001,19.06,1.0,27.0,645.0,568.0,29.550388,-,-,-
2026-03-15,2026-03-15,291025 MY Daryl Movexercise8 LEADS,100326 MY Daryl M8 LP-Ver1  (Early Childhood),100326 MY Daryl M8 LP-Ver1 Image 003,70.03,2.0,168.0,5282.0,4782.0,13.258236,-,-,-
2026-03-15,2026-03-15,291025 MY Daryl Movexercise8 LEADS,100326 MY Daryl M8 LP-Ver1  (Early Childhood),100326 MY Daryl M8 LP-Ver1 Video 002,19.86,1.0,29.0,903.0,792.0,21.993355,-,-,-
2026-03-15,2026-03-15,291025 MY Daryl Movexercise8 LEADS,100326 MY Daryl M8 LP-Ver1  (Early Childhood),100326 MY Daryl M8 LP-Ver1 Video 005,2.84,,6.0,185.0,182.0,15.351351,-,-,-
2026-03-15,2026-03-15,291025 MY Daryl Movexercise8 LEADS,100326 MY Daryl M8 LP-Ver1  (Early Childhood),100326 MY Daryl M8 LP-Ver1 Video Script 007,28.0,1.0,33.0,915.0,873.0,30.601093,-,-,-
2026-03-15,2026-03-15,250226 MY Daryl Movexercise8 LEADS NEW,250226 MY Daryl Movexercise8 LP-Ver1,120326 MY Daryl M8 LP-Ver1 Video Hook 004,0.3,,3.0,18.0,18.0,16.666667,-,-,-
2026-03-15,2026-03-15,291025 MY Daryl Movexercise8 LEADS,291025 MY Daryl Movexercise8 LP-Ver1,131225 MY Daryl Movexercise8 LP-Ver1 Video 001,1.89,,3.0,83.0,78.0,22.771084,-,-,-
2026-03-15,2026-03-15,250226 MY Daryl Movexercise8 LEADS NEW,250226 MY Daryl Movexercise8 LP-Ver1,250226 MY Daryl M8 LP-Ver1 Video Script 007,130.42,13.0,160.0,4473.0,4112.0,29.157165,-,-,-
2026-03-15,2026-03-15,291025 MY Daryl Movexercise8 LEADS,291025 MY Daryl Movexercise8 LP-Ver1,291025 MY Daryl M8 LP-Ver1 Video 005,23.96,1.0,33.0,1127.0,1051.0,21.259982,-,-,-
2026-03-15,2026-03-15,291025 MY Daryl Movexercise8 LEADS,291025 MY Daryl Movexercise8 LP-Ver1,291025 MY Daryl Movexercise8 LP-Ver1 Video 003,301.9,13.0,328.0,16603.0,15410.0,18.183461,-,-,-
2026-03-16,2026-03-16,291025 MY Daryl Movexercise8 LEADS,291025 MY Daryl Movexercise8 LP-Ver1,051225 MY Daryl Movexercise8 LP-Ver1 Video 002,1.96,,7.0,112.0,107.0,17.5,-,-,-
2026-03-16,2026-03-16,250226 MY Daryl Movexercise8 LEADS NEW,250226 MY Daryl Movexercise8 LP-Ver1,100326 MY Daryl M8 LP-Ver1 Image 001,17.18,,20.0,660.0,591.0,26.030303,-,-,-
2026-03-16,2026-03-16,291025 MY Daryl Movexercise8 LEADS,100326 MY Daryl M8 LP-Ver1  (Early Childhood),100326 MY Daryl M8 LP-Ver1 Image 003,38.0,4.0,123.0,3140.0,2928.0,12.101911,-,-,-
2026-03-16,2026-03-16,291025 MY Daryl Movexercise8 LEADS,100326 MY Daryl M8 LP-Ver1  (Early Childhood),100326 MY Daryl M8 LP-Ver1 Video 001,41.81,2.0,39.0,1484.0,1284.0,28.173854,-,-,-
2026-03-16,2026-03-16,291025 MY Daryl Movexercise8 LEADS,100326 MY Daryl M8 LP-Ver1  (Early Childhood),100326 MY Daryl M8 LP-Ver1 Video 002,11.53,1.0,25.0,599.0,573.0,19.248748,-,-,-
2026-03-16,2026-03-16,291025 MY Daryl Movexercise8 LEADS,100326 MY Daryl M8 LP-Ver1  (Early Childhood),100326 MY Daryl M8 LP-Ver1 Video 005,16.31,2.0,18.0,841.0,813.0,19.393579,-,-,-
2026-03-16,2026-03-16,250226 MY Daryl Movexercise8 LEADS NEW,250226 MY Daryl Movexercise8 LP-Ver1,100326 MY Daryl M8 LP-Ver1 Video Hook 001,45.36,8.0,92.0,1708.0,1380.0,26.557377,-,-,-
2026-03-16,2026-03-16,291025 MY Daryl Movexercise8 LEADS,100326 MY Daryl M8 LP-Ver1  (Early Childhood),100326 MY Daryl M8 LP-Ver1 Video Script 007,30.24,5.0,56.0,1250.0,1180.0,24.192,-,-,-
2026-03-16,2026-03-16,250226 MY Daryl Movexercise8 LEADS NEW,250226 MY Daryl Movexercise8 LP-Ver1,120326 MY Daryl M8 LP-Ver1 Video Hook 004,2.2,,7.0,100.0,93.0,22.0,-,-,-
2026-03-16,2026-03-16,291025 MY Daryl Movexercise8 LEADS,291025 MY Daryl Movexercise8 LP-Ver1,131225 MY Daryl Movexercise8 LP-Ver1 Video 001,0.0,,0.0,0.0,0.0,,-,-,-
2026-03-16,2026-03-16,250226 MY Daryl Movexercise8 LEADS NEW,250226 MY Daryl Movexercise8 LP-Ver1,250226 MY Daryl M8 LP-Ver1 Video Script 007,89.77,7.0,139.0,3294.0,3184.0,27.25258,-,-,-
2026-03-16,2026-03-16,291025 MY Daryl Movexercise8 LEADS,291025 MY Daryl Movexercise8 LP-Ver1,291025 MY Daryl M8 LP-Ver1 Video 005,30.15,5.0,38.0,1264.0,1166.0,23.852848,-,-,-
2026-03-16,2026-03-16,291025 MY Daryl Movexercise8 LEADS,291025 MY Daryl Movexercise8 LP-Ver1,291025 MY Daryl Movexercise8 LP-Ver1 Image 003,0.92,,3.0,43.0,40.0,21.395349,-,-,-
2026-03-16,2026-03-16,291025 MY Daryl Movexercise8 LEADS,291025 MY Daryl Movexercise8 LP-Ver1,291025 MY Daryl Movexercise8 LP-Ver1 Video 003,247.46,17.0,259.0,14695.0,13721.0,16.839741,-,-,-
2026-03-17,2026-03-17,250226 MY Daryl Movexercise8 LEADS NEW,250226 MY Daryl Movexercise8 LP-Ver1,100326 MY Daryl M8 LP-Ver1 Image 001,10.06,,18.0,512.0,475.0,19.648438,-,-,-
2026-03-17,2026-03-17,291025 MY Daryl Movexercise8 LEADS,100326 MY Daryl M8 LP-Ver1  (Early Childhood),100326 MY Daryl M8 LP-Ver1 Image 003,42.03,3.0,111.0,3391.0,3160.0,12.394574,-,-,-
2026-03-17,2026-03-17,291025 MY Daryl Movexercise8 LEADS,100326 MY Daryl M8 LP-Ver1  (Early Childhood),100326 MY Daryl M8 LP-Ver1 Video 001,53.26,2.0,43.0,2053.0,1789.0,25.942523,-,-,-
2026-03-17,2026-03-17,291025 MY Daryl Movexercise8 LEADS,100326 MY Daryl M8 LP-Ver1  (Early Childhood),100326 MY Daryl M8 LP-Ver1 Video 002,8.77,,16.0,524.0,494.0,16.736641,-,-,-
2026-03-17,2026-03-17,291025 MY Daryl Movexercise8 LEADS,100326 MY Daryl M8 LP-Ver1  (Early Childhood),100326 MY Daryl M8 LP-Ver1 Video 005,14.77,2.0,23.0,757.0,716.0,19.511229,-,-,-
2026-03-17,2026-03-17,250226 MY Daryl Movexercise8 LEADS NEW,250226 MY Daryl Movexercise8 LP-Ver1,100326 MY Daryl M8 LP-Ver1 Video Hook 001,126.61,19.0,186.0,4822.0,4270.0,26.25674,-,-,-
2026-03-17,2026-03-17,291025 MY Daryl Movexercise8 LEADS,100326 MY Daryl M8 LP-Ver1  (Early Childhood),100326 MY Daryl M8 LP-Ver1 Video Script 007,23.85,,26.0,916.0,909.0,26.037118,-,-,-
2026-03-17,2026-03-17,250226 MY Daryl Movexercise8 LEADS NEW,250226 MY Daryl Movexercise8 LP-Ver1,120326 MY Daryl M8 LP-Ver1 Video Hook 004,0.33,,0.0,12.0,12.0,27.5,-,-,-
2026-03-17,2026-03-17,291025 MY Daryl Movexercise8 LEADS,291025 MY Daryl Movexercise8 LP-Ver1,131225 MY Daryl Movexercise8 LP-Ver1 Video 001,0.32,,0.0,13.0,12.0,24.615385,-,-,-
2026-03-17,2026-03-17,250226 MY Daryl Movexercise8 LEADS NEW,250226 MY Daryl Movexercise8 LP-Ver1,250226 MY Daryl M8 LP-Ver1 Video Hook 002,0.4,,2.0,19.0,16.0,21.052632,-,-,-
2026-03-17,2026-03-17,250226 MY Daryl Movexercise8 LEADS NEW,250226 MY Daryl Movexercise8 LP-Ver1,250226 MY Daryl M8 LP-Ver1 Video Script 007,32.13,4.0,50.0,1218.0,1141.0,26.37931,-,-,-
2026-03-17,2026-03-17,291025 MY Daryl Movexercise8 LEADS,291025 MY Daryl Movexercise8 LP-Ver1,291025 MY Daryl M8 LP-Ver1 Video 005,27.47,3.0,46.0,1251.0,1220.0,21.958433,-,-,-
2026-03-17,2026-03-17,291025 MY Daryl Movexercise8 LEADS,291025 MY Daryl Movexercise8 LP-Ver1,291025 MY Daryl Movexercise8 LP-Ver1 Image 003,0.1,,0.0,9.0,9.0,11.111111,-,-,-
2026-03-17,2026-03-17,291025 MY Daryl Movexercise8 LEADS,291025 MY Daryl Movexercise8 LP-Ver1,291025 MY Daryl Movexercise8 LP-Ver1 Video 003,225.03,9.0,238.0,14009.0,13664.0,16.063245,-,-,-
2026-03-18,2026-03-18,291025 MY Daryl Movexercise8 LEADS,291025 MY Daryl Movexercise8 LP-Ver1,051225 MY Daryl Movexercise8 LP-Ver1 Video 002,20.98,1.0,38.0,749.0,675.0,28.010681,-,-,-
2026-03-18,2026-03-18,250226 MY Daryl Movexercise8 LEADS NEW,250226 MY Daryl Movexercise8 LP-Ver1,100326 MY Daryl M8 LP-Ver1 Image 001,8.97,,13.0,422.0,386.0,21.255924,-,-,-
2026-03-18,2026-03-18,291025 MY Daryl Movexercise8 LEADS,100326 MY Daryl M8 LP-Ver1  (Early Childhood),100326 MY Daryl M8 LP-Ver1 Image 003,47.27,5.0,133.0,4216.0,3849.0,11.212049,-,-,-
2026-03-18,2026-03-18,291025 MY Daryl Movexercise8 LEADS,100326 MY Daryl M8 LP-Ver1  (Early Childhood),100326 MY Daryl M8 LP-Ver1 Video 001,48.68,6.0,43.0,2083.0,1855.0,23.370139,-,-,-
2026-03-18,2026-03-18,291025 MY Daryl Movexercise8 LEADS,100326 MY Daryl M8 LP-Ver1  (Early Childhood),100326 MY Daryl M8 LP-Ver1 Video 002,3.66,,12.0,203.0,198.0,18.029557,-,-,-
2026-03-18,2026-03-18,291025 MY Daryl Movexercise8 LEADS,100326 MY Daryl M8 LP-Ver1  (Early Childhood),100326 MY Daryl M8 LP-Ver1 Video 005,17.08,,33.0,912.0,860.0,18.72807,-,-,-
2026-03-18,2026-03-18,250226 MY Daryl Movexercise8 LEADS NEW,250226 MY Daryl Movexercise8 LP-Ver1,100326 MY Daryl M8 LP-Ver1 Video Hook 001,129.45,18.0,192.0,5257.0,4857.0,24.62431,-,-,-
2026-03-18,2026-03-18,291025 MY Daryl Movexercise8 LEADS,100326 MY Daryl M8 LP-Ver1  (Early Childhood),100326 MY Daryl M8 LP-Ver1 Video Script 007,14.55,,18.0,612.0,591.0,23.77451,-,-,-
2026-03-18,2026-03-18,250226 MY Daryl Movexercise8 LEADS NEW,250226 MY Daryl Movexercise8 LP-Ver1,120326 MY Daryl M8 LP-Ver1 Video Hook 004,2.95,1.0,7.0,155.0,146.0,19.032258,-,-,-
2026-03-18,2026-03-18,291025 MY Daryl Movexercise8 LEADS,291025 MY Daryl Movexercise8 LP-Ver1,131225 MY Daryl Movexercise8 LP-Ver1 Video 001,1.91,,3.0,110.0,102.0,17.363636,-,-,-
2026-03-18,2026-03-18,250226 MY Daryl Movexercise8 LEADS NEW,250226 MY Daryl Movexercise8 LP-Ver1,250226 MY Daryl M8 LP-Ver1 Video Script 007,12.65,,23.0,459.0,429.0,27.559913,-,-,-
2026-03-18,2026-03-18,291025 MY Daryl Movexercise8 LEADS,291025 MY Daryl Movexercise8 LP-Ver1,291025 MY Daryl M8 LP-Ver1 Video 005,21.38,1.0,20.0,1034.0,1000.0,20.676983,-,-,-
2026-03-18,2026-03-18,291025 MY Daryl Movexercise8 LEADS,291025 MY Daryl Movexercise8 LP-Ver1,291025 MY Daryl Movexercise8 LP-Ver1 Image 003,0.49,,0.0,41.0,40.0,11.95122,-,-,-
2026-03-18,2026-03-18,291025 MY Daryl Movexercise8 LEADS,291025 MY Daryl Movexercise8 LP-Ver1,291025 MY Daryl Movexercise8 LP-Ver1 Video 003,207.75,11.0,286.0,14402.0,13496.0,14.42508,-,-,-
2026-03-19,2026-03-19,291025 MY Daryl Movexercise8 LEADS,291025 MY Daryl Movexercise8 LP-Ver1,051225 MY Daryl Movexercise8 LP-Ver1 Video 002,19.38,2.0,50.0,819.0,749.0,23.663004,-,-,-
2026-03-19,2026-03-19,250226 MY Daryl Movexercise8 LEADS NEW,250226 MY Daryl Movexercise8 LP-Ver1,100326 MY Daryl M8 LP-Ver1 Image 001,8.35,,9.0,360.0,314.0,23.194444,-,-,-
2026-03-19,2026-03-19,291025 MY Daryl Movexercise8 LEADS,100326 MY Daryl M8 LP-Ver1  (Early Childhood),100326 MY Daryl M8 LP-Ver1 Image 003,32.78,1.0,107.0,3179.0,2951.0,10.311419,-,-,-
2026-03-19,2026-03-19,291025 MY Daryl Movexercise8 LEADS,100326 MY Daryl M8 LP-Ver1  (Early Childhood),100326 MY Daryl M8 LP-Ver1 Video 001,53.39,3.0,39.0,2411.0,2234.0,22.144338,-,-,-
2026-03-19,2026-03-19,291025 MY Daryl Movexercise8 LEADS,100326 MY Daryl M8 LP-Ver1  (Early Childhood),100326 MY Daryl M8 LP-Ver1 Video 002,3.38,,6.0,161.0,156.0,20.993789,-,-,-
2026-03-19,2026-03-19,291025 MY Daryl Movexercise8 LEADS,100326 MY Daryl M8 LP-Ver1  (Early Childhood),100326 MY Daryl M8 LP-Ver1 Video 005,18.82,2.0,27.0,987.0,925.0,19.067882,-,-,-
2026-03-19,2026-03-19,250226 MY Daryl Movexercise8 LEADS NEW,250226 MY Daryl Movexercise8 LP-Ver1,100326 MY Daryl M8 LP-Ver1 Video Hook 001,120.49,17.0,162.0,4230.0,3885.0,28.484634,-,-,-
2026-03-19,2026-03-19,291025 MY Daryl Movexercise8 LEADS,100326 MY Daryl M8 LP-Ver1  (Early Childhood),100326 MY Daryl M8 LP-Ver1 Video Script 007,11.51,,18.0,383.0,383.0,30.052219,-,-,-
2026-03-19,2026-03-19,250226 MY Daryl Movexercise8 LEADS NEW,250226 MY Daryl Movexercise8 LP-Ver1,120326 MY Daryl M8 LP-Ver1 Video Hook 004,1.49,,3.0,83.0,77.0,17.951807,-,-,-
2026-03-19,2026-03-19,291025 MY Daryl Movexercise8 LEADS,291025 MY Daryl Movexercise8 LP-Ver1,131225 MY Daryl Movexercise8 LP-Ver1 Video 001,9.89,1.0,9.0,438.0,403.0,22.579909,-,-,-
2026-03-19,2026-03-19,250226 MY Daryl Movexercise8 LEADS NEW,250226 MY Daryl Movexercise8 LP-Ver1,250226 MY Daryl M8 LP-Ver1 Video Hook 002,0.09,,0.0,11.0,7.0,8.181818,-,-,-
2026-03-19,2026-03-19,250226 MY Daryl Movexercise8 LEADS NEW,250226 MY Daryl Movexercise8 LP-Ver1,250226 MY Daryl M8 LP-Ver1 Video Script 007,9.5,,13.0,298.0,298.0,31.879195,-,-,-
2026-03-19,2026-03-19,291025 MY Daryl Movexercise8 LEADS,291025 MY Daryl Movexercise8 LP-Ver1,291025 MY Daryl M8 LP-Ver1 Video 005,16.16,,13.0,820.0,772.0,19.707317,-,-,-
2026-03-19,2026-03-19,291025 MY Daryl Movexercise8 LEADS,291025 MY Daryl Movexercise8 LP-Ver1,291025 MY Daryl Movexercise8 LP-Ver1 Image 003,0.65,,2.0,23.0,16.0,28.26087,-,-,-
2026-03-19,2026-03-19,291025 MY Daryl Movexercise8 LEADS,291025 MY Daryl Movexercise8 LP-Ver1,291025 MY Daryl Movexercise8 LP-Ver1 Video 003,206.16,24.0,245.0,13532.0,12506.0,15.234999,-,-,-
2026-03-20,2026-03-20,291025 MY Daryl Movexercise8 LEADS,291025 MY Daryl Movexercise8 LP-Ver1,051225 MY Daryl Movexercise8 LP-Ver1 Video 002,18.51,,44.0,969.0,879.0,19.102167,-,-,-
2026-03-20,2026-03-20,250226 MY Daryl Movexercise8 LEADS NEW,250226 MY Daryl Movexercise8 LP-Ver1,100326 MY Daryl M8 LP-Ver1 Image 001,1.8,1.0,2.0,89.0,84.0,20.224719,-,-,-
2026-03-20,2026-03-20,291025 MY Daryl Movexercise8 LEADS,100326 MY Daryl M8 LP-Ver1  (Early Childhood),100326 MY Daryl M8 LP-Ver1 Image 003,31.72,2.0,93.0,3162.0,2911.0,10.031626,-,-,-
2026-03-20,2026-03-20,291025 MY Daryl Movexercise8 LEADS,100326 MY Daryl M8 LP-Ver1  (Early Childhood),100326 MY Daryl M8 LP-Ver1 Video 001,33.76,1.0,19.0,1302.0,1200.0,25.929339,-,-,-
2026-03-20,2026-03-20,291025 MY Daryl Movexercise8 LEADS,100326 MY Daryl M8 LP-Ver1  (Early Childhood),100326 MY Daryl M8 LP-Ver1 Video 002,3.64,,3.0,203.0,193.0,17.931034,-,-,-
2026-03-20,2026-03-20,291025 MY Daryl Movexercise8 LEADS,100326 MY Daryl M8 LP-Ver1  (Early Childhood),100326 MY Daryl M8 LP-Ver1 Video 005,12.24,,11.0,613.0,600.0,19.967374,-,-,-
2026-03-20,2026-03-20,250226 MY Daryl Movexercise8 LEADS NEW,250226 MY Daryl Movexercise8 LP-Ver1,100326 MY Daryl M8 LP-Ver1 Video Hook 001,137.92,17.0,218.0,6949.0,6318.0,19.84746,-,-,-
2026-03-20,2026-03-20,291025 MY Daryl Movexercise8 LEADS,100326 MY Daryl M8 LP-Ver1  (Early Childhood),100326 MY Daryl M8 LP-Ver1 Video Script 007,18.68,2.0,30.0,590.0,544.0,31.661017,-,-,-
2026-03-20,2026-03-20,250226 MY Daryl Movexercise8 LEADS NEW,250226 MY Daryl Movexercise8 LP-Ver1,120326 MY Daryl M8 LP-Ver1 Video Hook 004,0.25,,0.0,15.0,14.0,16.666667,-,-,-
2026-03-20,2026-03-20,291025 MY Daryl Movexercise8 LEADS,291025 MY Daryl Movexercise8 LP-Ver1,131225 MY Daryl Movexercise8 LP-Ver1 Video 001,30.11,,31.0,1050.0,988.0,28.67619,-,-,-
2026-03-20,2026-03-20,250226 MY Daryl Movexercise8 LEADS NEW,250226 MY Daryl Movexercise8 LP-Ver1,250226 MY Daryl M8 LP-Ver1 Video Script 007,1.37,,0.0,53.0,52.0,25.849057,-,-,-
2026-03-20,2026-03-20,291025 MY Daryl Movexercise8 LEADS,291025 MY Daryl Movexercise8 LP-Ver1,291025 MY Daryl M8 LP-Ver1 Video 005,19.66,,11.0,735.0,703.0,26.748299,-,-,-
2026-03-20,2026-03-20,291025 MY Daryl Movexercise8 LEADS,291025 MY Daryl Movexercise8 LP-Ver1,291025 MY Daryl Movexercise8 LP-Ver1 Video 003,196.77,13.0,209.0,11038.0,10675.0,17.826599,-,-,-
2026-03-21,2026-03-21,291025 MY Daryl Movexercise8 LEADS,291025 MY Daryl Movexercise8 LP-Ver1,051225 MY Daryl Movexercise8 LP-Ver1 Video 002,12.06,,33.0,508.0,495.0,23.740157,-,-,-
2026-03-21,2026-03-21,250226 MY Daryl Movexercise8 LEADS NEW,250226 MY Daryl Movexercise8 LP-Ver1,100326 MY Daryl M8 LP-Ver1 Image 001,1.51,,2.0,81.0,72.0,18.641975,-,-,-
2026-03-21,2026-03-21,291025 MY Daryl Movexercise8 LEADS,100326 MY Daryl M8 LP-Ver1  (Early Childhood),100326 MY Daryl M8 LP-Ver1 Image 003,32.23,7.0,67.0,2717.0,2446.0,11.862348,-,-,-
2026-03-21,2026-03-21,291025 MY Daryl Movexercise8 LEADS,100326 MY Daryl M8 LP-Ver1  (Early Childhood),100326 MY Daryl M8 LP-Ver1 Video 001,17.52,1.0,11.0,578.0,517.0,30.311419,Below average - Bottom 35% of ads,Average,Above average
2026-03-21,2026-03-21,291025 MY Daryl Movexercise8 LEADS,100326 MY Daryl M8 LP-Ver1  (Early Childhood),100326 MY Daryl M8 LP-Ver1 Video 002,4.55,,8.0,176.0,160.0,25.852273,-,-,-
2026-03-21,2026-03-21,291025 MY Daryl Movexercise8 LEADS,100326 MY Daryl M8 LP-Ver1  (Early Childhood),100326 MY Daryl M8 LP-Ver1 Video 005,10.53,,12.0,414.0,408.0,25.434783,-,-,-
2026-03-21,2026-03-21,250226 MY Daryl Movexercise8 LEADS NEW,250226 MY Daryl Movexercise8 LP-Ver1,100326 MY Daryl M8 LP-Ver1 Video Hook 001,138.75,10.0,192.0,6276.0,5794.0,22.108031,-,-,-
2026-03-21,2026-03-21,291025 MY Daryl Movexercise8 LEADS,100326 MY Daryl M8 LP-Ver1  (Early Childhood),100326 MY Daryl M8 LP-Ver1 Video Script 007,19.37,,11.0,480.0,479.0,40.354167,-,-,-
2026-03-21,2026-03-21,250226 MY Daryl Movexercise8 LEADS NEW,250226 MY Daryl Movexercise8 LP-Ver1,120326 MY Daryl M8 LP-Ver1 Video Hook 004,0.02,,0.0,1.0,1.0,20.0,-,-,-
2026-03-21,2026-03-21,291025 MY Daryl Movexercise8 LEADS,291025 MY Daryl Movexercise8 LP-Ver1,131225 MY Daryl Movexercise8 LP-Ver1 Video 001,13.47,,13.0,350.0,333.0,38.485714,-,-,-
2026-03-21,2026-03-21,250226 MY Daryl Movexercise8 LEADS NEW,250226 MY Daryl Movexercise8 LP-Ver1,250226 MY Daryl M8 LP-Ver1 Video Script 007,0.35,,0.0,21.0,21.0,16.666667,-,-,-
2026-03-21,2026-03-21,291025 MY Daryl Movexercise8 LEADS,291025 MY Daryl Movexercise8 LP-Ver1,291025 MY Daryl M8 LP-Ver1 Video 005,10.86,1.0,10.0,454.0,435.0,23.920705,-,-,-
2026-03-21,2026-03-21,291025 MY Daryl Movexercise8 LEADS,291025 MY Daryl Movexercise8 LP-Ver1,291025 MY Daryl Movexercise8 LP-Ver1 Image 003,3.08,,3.0,59.0,54.0,52.20339,-,-,-
2026-03-21,2026-03-21,291025 MY Daryl Movexercise8 LEADS,291025 MY Daryl Movexercise8 LP-Ver1,291025 MY Daryl Movexercise8 LP-Ver1 Video 003,194.56,12.0,209.0,10370.0,9782.0,18.761813,-,-,-
2026-03-22,2026-03-22,291025 MY Daryl Movexercise8 LEADS,291025 MY Daryl Movexercise8 LP-Ver1,051225 MY Daryl Movexercise8 LP-Ver1 Video 002,8.43,,18.0,232.0,220.0,36.336207,-,-,-
2026-03-22,2026-03-22,250226 MY Daryl Movexercise8 LEADS NEW,250226 MY Daryl Movexercise8 LP-Ver1,100326 MY Daryl M8 LP-Ver1 Image 001,2.36,,5.0,100.0,88.0,23.6,-,-,-
2026-03-22,2026-03-22,291025 MY Daryl Movexercise8 LEADS,100326 MY Daryl M8 LP-Ver1  (Early Childhood),100326 MY Daryl M8 LP-Ver1 Image 003,45.21,1.0,109.0,4895.0,4408.0,9.235955,-,-,-
2026-03-22,2026-03-22,291025 MY Daryl Movexercise8 LEADS,100326 MY Daryl M8 LP-Ver1  (Early Childhood),100326 MY Daryl M8 LP-Ver1 Video 001,16.72,,14.0,579.0,506.0,28.877375,Below average - Bottom 35% of ads,Average,Above average
2026-03-22,2026-03-22,291025 MY Daryl Movexercise8 LEADS,100326 MY Daryl M8 LP-Ver1  (Early Childhood),100326 MY Daryl M8 LP-Ver1 Video 005,8.14,,9.0,337.0,324.0,24.154303,-,-,-
2026-03-22,2026-03-22,250226 MY Daryl Movexercise8 LEADS NEW,250226 MY Daryl Movexercise8 LP-Ver1,100326 MY Daryl M8 LP-Ver1 Video Hook 001,149.49,16.0,248.0,7046.0,6361.0,21.216293,-,-,-
2026-03-22,2026-03-22,291025 MY Daryl Movexercise8 LEADS,100326 MY Daryl M8 LP-Ver1  (Early Childhood),100326 MY Daryl M8 LP-Ver1 Video Script 007,19.51,2.0,32.0,508.0,508.0,38.405512,Below average - Bottom 35% of ads,Above average,Above average
2026-03-22,2026-03-22,250226 MY Daryl Movexercise8 LEADS NEW,250226 MY Daryl Movexercise8 LP-Ver1,250226 MY Daryl M8 LP-Ver1 Video Hook 002,0.09,,0.0,3.0,2.0,30.0,-,-,-
2026-03-22,2026-03-22,291025 MY Daryl Movexercise8 LEADS,291025 MY Daryl Movexercise8 LP-Ver1,291025 MY Daryl M8 LP-Ver1 Video 005,16.67,,15.0,687.0,658.0,24.26492,-,-,-
2026-03-22,2026-03-22,291025 MY Daryl Movexercise8 LEADS,291025 MY Daryl Movexercise8 LP-Ver1,291025 MY Daryl Movexercise8 LP-Ver1 Image 003,2.9,,5.0,114.0,94.0,25.438596,-,-,-
2026-03-22,2026-03-22,291025 MY Daryl Movexercise8 LEADS,291025 MY Daryl Movexercise8 LP-Ver1,291025 MY Daryl Movexercise8 LP-Ver1 Video 003,218.2,4.0,224.0,11928.0,11073.0,18.293092,-,-,-
2026-03-23,2026-03-23,291025 MY Daryl Movexercise8 LEADS,291025 MY Daryl Movexercise8 LP-Ver1,051225 MY Daryl Movexercise8 LP-Ver1 Video 002,0.07,1.0,1.0,4.0,4.0,17.5,-,-,-
2026-03-23,2026-03-23,250226 MY Daryl Movexercise8 LEADS NEW,250226 MY Daryl Movexercise8 LP-Ver1,100326 MY Daryl M8 LP-Ver1 Image 001,2.52,,1.0,116.0,106.0,21.724138,-,-,-
2026-03-23,2026-03-23,291025 MY Daryl Movexercise8 LEADS,100326 MY Daryl M8 LP-Ver1  (Early Childhood),100326 MY Daryl M8 LP-Ver1 Image 003,32.75,2.0,80.0,3673.0,3450.0,8.916417,-,-,-
2026-03-23,2026-03-23,291025 MY Daryl Movexercise8 LEADS,100326 MY Daryl M8 LP-Ver1  (Early Childhood),100326 MY Daryl M8 LP-Ver1 Video 001,11.38,3.0,17.0,364.0,317.0,31.263736,-,-,-
2026-03-23,2026-03-23,291025 MY Daryl Movexercise8 LEADS,100326 MY Daryl M8 LP-Ver1  (Early Childhood),100326 MY Daryl M8 LP-Ver1 Video 005,11.07,2.0,10.0,386.0,367.0,28.678756,-,-,-
2026-03-23,2026-03-23,250226 MY Daryl Movexercise8 LEADS NEW,250226 MY Daryl Movexercise8 LP-Ver1,100326 MY Daryl M8 LP-Ver1 Video Hook 001,209.57,19.0,269.0,9432.0,8531.0,22.219042,-,-,-
2026-03-23,2026-03-23,291025 MY Daryl Movexercise8 LEADS,100326 MY Daryl M8 LP-Ver1  (Early Childhood),100326 MY Daryl M8 LP-Ver1 Video Script 007,32.63,2.0,56.0,1170.0,1117.0,27.888889,-,-,-
2026-03-23,2026-03-23,250226 MY Daryl Movexercise8 LEADS NEW,250226 MY Daryl Movexercise8 LP-Ver1,120326 MY Daryl M8 LP-Ver1 Video Hook 004,0.26,,1.0,23.0,22.0,11.304348,-,-,-
2026-03-23,2026-03-23,250226 MY Daryl Movexercise8 LEADS NEW,250226 MY Daryl Movexercise8 LP-Ver1,250226 MY Daryl M8 LP-Ver1 Video Script 007,4.45,,9.0,174.0,170.0,25.574713,-,-,-
2026-03-23,2026-03-23,291025 MY Daryl Movexercise8 LEADS,291025 MY Daryl Movexercise8 LP-Ver1,291025 MY Daryl M8 LP-Ver1 Video 005,20.71,3.0,17.0,855.0,823.0,24.222222,-,-,-
2026-03-23,2026-03-23,291025 MY Daryl Movexercise8 LEADS,291025 MY Daryl Movexercise8 LP-Ver1,291025 MY Daryl Movexercise8 LP-Ver1 Image 003,5.35,,6.0,237.0,214.0,22.57384,-,-,-
2026-03-23,2026-03-23,291025 MY Daryl Movexercise8 LEADS,291025 MY Daryl Movexercise8 LP-Ver1,291025 MY Daryl Movexercise8 LP-Ver1 Video 003,210.67,18.0,227.0,12410.0,11525.0,16.975826,-,-,-
2026-03-24,2026-03-24,291025 MY Daryl Movexercise8 LEADS,291025 MY Daryl Movexercise8 LP-Ver1,051225 MY Daryl Movexercise8 LP-Ver1 Video 002,0.0,,0.0,0.0,0.0,,-,-,-
2026-03-24,2026-03-24,250226 MY Daryl Movexercise8 LEADS NEW,250226 MY Daryl Movexercise8 LP-Ver1,100326 MY Daryl M8 LP-Ver1 Image 001,1.14,,1.0,62.0,58.0,18.387097,-,-,-
2026-03-24,2026-03-24,291025 MY Daryl Movexercise8 LEADS,100326 MY Daryl M8 LP-Ver1  (Early Childhood),100326 MY Daryl M8 LP-Ver1 Image 003,24.71,3.0,71.0,2456.0,2241.0,10.061075,-,-,-
2026-03-24,2026-03-24,291025 MY Daryl Movexercise8 LEADS,100326 MY Daryl M8 LP-Ver1  (Early Childhood),100326 MY Daryl M8 LP-Ver1 Video 001,6.13,1.0,7.0,182.0,168.0,33.681319,-,-,-
2026-03-24,2026-03-24,291025 MY Daryl Movexercise8 LEADS,100326 MY Daryl M8 LP-Ver1  (Early Childhood),100326 MY Daryl M8 LP-Ver1 Video 005,10.24,,14.0,360.0,344.0,28.444444,-,-,-
2026-03-24,2026-03-24,250226 MY Daryl Movexercise8 LEADS NEW,250226 MY Daryl Movexercise8 LP-Ver1,100326 MY Daryl M8 LP-Ver1 Video Hook 001,196.53,35.0,318.0,9397.0,8349.0,20.914122,-,-,-
2026-03-24,2026-03-24,291025 MY Daryl Movexercise8 LEADS,100326 MY Daryl M8 LP-Ver1  (Early Childhood),100326 MY Daryl M8 LP-Ver1 Video Script 007,37.99,7.0,59.0,1184.0,1124.0,32.086149,-,-,-
2026-03-24,2026-03-24,250226 MY Daryl Movexercise8 LEADS NEW,250226 MY Daryl Movexercise8 LP-Ver1,120326 MY Daryl M8 LP-Ver1 Video Hook 004,0.05,,0.0,7.0,7.0,7.142857,-,-,-
2026-03-24,2026-03-24,291025 MY Daryl Movexercise8 LEADS,291025 MY Daryl Movexercise8 LP-Ver1,131225 MY Daryl Movexercise8 LP-Ver1 Video 001,0.0,,0.0,0.0,0.0,,-,-,-
2026-03-24,2026-03-24,250226 MY Daryl Movexercise8 LEADS NEW,250226 MY Daryl Movexercise8 LP-Ver1,250226 MY Daryl M8 LP-Ver1 Video Script 007,0.6,,2.0,35.0,33.0,17.142857,-,-,-
2026-03-24,2026-03-24,291025 MY Daryl Movexercise8 LEADS,291025 MY Daryl Movexercise8 LP-Ver1,291025 MY Daryl M8 LP-Ver1 Video 005,13.8,2.0,15.0,488.0,455.0,28.278689,-,-,-
2026-03-24,2026-03-24,291025 MY Daryl Movexercise8 LEADS,291025 MY Daryl Movexercise8 LP-Ver1,291025 MY Daryl Movexercise8 LP-Ver1 Image 003,1.24,,5.0,89.0,84.0,13.932584,-,-,-
2026-03-24,2026-03-24,291025 MY Daryl Movexercise8 LEADS,291025 MY Daryl Movexercise8 LP-Ver1,291025 MY Daryl Movexercise8 LP-Ver1 Video 003,195.0,16.0,201.0,10114.0,9873.0,19.280206,-,-,-
2026-03-25,2026-03-25,250226 MY Daryl Movexercise8 LEADS NEW,250226 MY Daryl Movexercise8 LP-Ver1,100326 MY Daryl M8 LP-Ver1 Image 001,0.86,,2.0,50.0,46.0,17.2,-,-,-
2026-03-25,2026-03-25,291025 MY Daryl Movexercise8 LEADS,100326 MY Daryl M8 LP-Ver1  (Early Childhood),100326 MY Daryl M8 LP-Ver1 Image 003,24.94,,55.0,2632.0,2369.0,9.475684,-,-,-
2026-03-25,2026-03-25,291025 MY Daryl Movexercise8 LEADS,100326 MY Daryl M8 LP-Ver1  (Early Childhood),100326 MY Daryl M8 LP-Ver1 Video 001,7.03,1.0,7.0,220.0,199.0,31.954545,-,-,-
2026-03-25,2026-03-25,291025 MY Daryl Movexercise8 LEADS,100326 MY Daryl M8 LP-Ver1  (Early Childhood),100326 MY Daryl M8 LP-Ver1 Video 005,6.72,,8.0,256.0,246.0,26.25,-,-,-
2026-03-25,2026-03-25,250226 MY Daryl Movexercise8 LEADS NEW,250226 MY Daryl Movexercise8 LP-Ver1,100326 MY Daryl M8 LP-Ver1 Video Hook 001,182.6,23.0,257.0,9780.0,9187.0,18.670757,-,-,-
2026-03-25,2026-03-25,291025 MY Daryl Movexercise8 LEADS,100326 MY Daryl M8 LP-Ver1  (Early Childhood),100326 MY Daryl M8 LP-Ver1 Video Script 007,43.27,3.0,51.0,1441.0,1374.0,30.027759,-,-,-
2026-03-25,2026-03-25,250226 MY Daryl Movexercise8 LEADS NEW,250226 MY Daryl Movexercise8 LP-Ver1,120326 MY Daryl M8 LP-Ver1 Video Hook 004,0.02,,0.0,2.0,2.0,10.0,-,-,-
2026-03-25,2026-03-25,250226 MY Daryl Movexercise8 LEADS NEW,250226 MY Daryl Movexercise8 LP-Ver1,250226 MY Daryl M8 LP-Ver1 Video Script 007,0.12,,0.0,3.0,3.0,40.0,-,-,-
2026-03-25,2026-03-25,291025 MY Daryl Movexercise8 LEADS,291025 MY Daryl Movexercise8 LP-Ver1,291025 MY Daryl M8 LP-Ver1 Video 005,10.19,,8.0,425.0,406.0,23.976471,-,-,-
2026-03-25,2026-03-25,291025 MY Daryl Movexercise8 LEADS,291025 MY Daryl Movexercise8 LP-Ver1,291025 MY Daryl Movexercise8 LP-Ver1 Image 003,2.9,,4.0,97.0,86.0,29.896907,-,-,-
2026-03-25,2026-03-25,291025 MY Daryl Movexercise8 LEADS,291025 MY Daryl Movexercise8 LP-Ver1,291025 MY Daryl Movexercise8 LP-Ver1 Video 003,177.53,12.0,190.0,9957.0,9629.0,17.829668,-,-,-
2026-03-26,2026-03-26,250226 MY Daryl Movexercise8 LEADS NEW,250226 MY Daryl Movexercise8 LP-Ver1,100326 MY Daryl M8 LP-Ver1 Image 001,0.9,1.0,3.0,72.0,68.0,12.5,-,-,-
2026-03-26,2026-03-26,291025 MY Daryl Movexercise8 LEADS,100326 MY Daryl M8 LP-Ver1  (Early Childhood),100326 MY Daryl M8 LP-Ver1 Image 003,24.27,,65.0,2175.0,2058.0,11.158621,-,-,-
2026-03-26,2026-03-26,291025 MY Daryl Movexercise8 LEADS,100326 MY Daryl M8 LP-Ver1  (Early Childhood),100326 MY Daryl M8 LP-Ver1 Video 001,4.64,,7.0,166.0,147.0,27.951807,-,-,-
2026-03-26,2026-03-26,291025 MY Daryl Movexercise8 LEADS,100326 MY Daryl M8 LP-Ver1  (Early Childhood),100326 MY Daryl M8 LP-Ver1 Video 005,5.14,,6.0,183.0,176.0,28.087432,-,-,-
2026-03-26,2026-03-26,250226 MY Daryl Movexercise8 LEADS NEW,250226 MY Daryl Movexercise8 LP-Ver1,100326 MY Daryl M8 LP-Ver1 Video Hook 001,159.34,15.0,260.0,9361.0,9130.0,17.021686,-,-,-
2026-03-26,2026-03-26,291025 MY Daryl Movexercise8 LEADS,100326 MY Daryl M8 LP-Ver1  (Early Childhood),100326 MY Daryl M8 LP-Ver1 Video Script 007,43.65,5.0,71.0,1701.0,1677.0,25.661376,-,-,-
2026-03-26,2026-03-26,250226 MY Daryl Movexercise8 LEADS NEW,250226 MY Daryl Movexercise8 LP-Ver1,120326 MY Daryl M8 LP-Ver1 Video Hook 004,0.11,,0.0,7.0,7.0,15.714286,-,-,-
2026-03-26,2026-03-26,291025 MY Daryl Movexercise8 LEADS,291025 MY Daryl Movexercise8 LP-Ver1,291025 MY Daryl M8 LP-Ver1 Video 005,6.71,,11.0,335.0,306.0,20.029851,-,-,-
2026-03-26,2026-03-26,291025 MY Daryl Movexercise8 LEADS,291025 MY Daryl Movexercise8 LP-Ver1,291025 MY Daryl Movexercise8 LP-Ver1 Image 003,3.78,,7.0,233.0,218.0,16.223176,-,-,-
2026-03-26,2026-03-26,291025 MY Daryl Movexercise8 LEADS,291025 MY Daryl Movexercise8 LP-Ver1,291025 MY Daryl Movexercise8 LP-Ver1 Video 003,139.94,12.0,198.0,8799.0,8483.0,15.90408,-,-,-
2026-03-27,2026-03-27,250226 MY Daryl Movexercise8 LEADS NEW,250226 MY Daryl Movexercise8 LP-Ver1,100326 MY Daryl M8 LP-Ver1 Image 001,2.42,,7.0,100.0,94.0,24.2,-,-,-
2026-03-27,2026-03-27,291025 MY Daryl Movexercise8 LEADS,100326 MY Daryl M8 LP-Ver1  (Early Childhood),100326 MY Daryl M8 LP-Ver1 Image 003,15.64,1.0,30.0,1308.0,1225.0,11.957187,-,-,-
2026-03-27,2026-03-27,291025 MY Daryl Movexercise8 LEADS,100326 MY Daryl M8 LP-Ver1  (Early Childhood),100326 MY Daryl M8 LP-Ver1 Video 001,4.49,1.0,3.0,180.0,164.0,24.944444,-,-,-
2026-03-27,2026-03-27,291025 MY Daryl Movexercise8 LEADS,100326 MY Daryl M8 LP-Ver1  (Early Childhood),100326 MY Daryl M8 LP-Ver1 Video 005,2.87,,1.0,101.0,99.0,28.415842,-,-,-
2026-03-27,2026-03-27,250226 MY Daryl Movexercise8 LEADS NEW,250226 MY Daryl Movexercise8 LP-Ver1,100326 MY Daryl M8 LP-Ver1 Video Hook 001,169.8,20.0,242.0,9976.0,9435.0,17.02085,-,-,-
2026-03-27,2026-03-27,291025 MY Daryl Movexercise8 LEADS,100326 MY Daryl M8 LP-Ver1  (Early Childhood),100326 MY Daryl M8 LP-Ver1 Video Script 007,39.6,4.0,60.0,1540.0,1510.0,25.714286,-,-,-
2026-03-27,2026-03-27,250226 MY Daryl Movexercise8 LEADS NEW,250226 MY Daryl Movexercise8 LP-Ver1,120326 MY Daryl M8 LP-Ver1 Video Hook 004,0.01,,0.0,1.0,1.0,10.0,-,-,-
2026-03-27,2026-03-27,250226 MY Daryl Movexercise8 LEADS NEW,250226 MY Daryl Movexercise8 LP-Ver1,250226 MY Daryl M8 LP-Ver1 Video Hook 002,0.0,,0.0,1.0,1.0,0.0,-,-,-
2026-03-27,2026-03-27,260326 MY Daryl M8 LEADS (Retargeting),270326 MY Daryl M8 LEADS (Retargeting),270326 MY Daryl M8 Retargeting 001,22.66,1.0,19.0,1008.0,829.0,22.480159,-,-,-
2026-03-27,2026-03-27,260326 MY Daryl M8 LEADS (Retargeting),270326 MY Daryl M8 LEADS (Retargeting),270326 MY Daryl M8 Retargeting 003,22.49,,28.0,994.0,811.0,22.625755,-,-,-
2026-03-27,2026-03-27,291025 MY Daryl Movexercise8 LEADS,291025 MY Daryl Movexercise8 LP-Ver1,291025 MY Daryl M8 LP-Ver1 Video 005,9.09,1.0,5.0,344.0,327.0,26.424419,-,-,-
2026-03-27,2026-03-27,291025 MY Daryl Movexercise8 LEADS,291025 MY Daryl Movexercise8 LP-Ver1,291025 MY Daryl Movexercise8 LP-Ver1 Image 003,3.46,,3.0,232.0,205.0,14.913793,-,-,-
2026-03-27,2026-03-27,291025 MY Daryl Movexercise8 LEADS,291025 MY Daryl Movexercise8 LP-Ver1,291025 MY Daryl Movexercise8 LP-Ver1 Video 003,153.44,10.0,180.0,9596.0,9335.0,15.989996,-,-,-
2026-03-28,2026-03-28,250226 MY Daryl Movexercise8 LEADS NEW,250226 MY Daryl Movexercise8 LP-Ver1,100326 MY Daryl M8 LP-Ver1 Image 001,2.07,,0.0,107.0,92.0,19.345794,-,-,-
2026-03-28,2026-03-28,291025 MY Daryl Movexercise8 LEADS,100326 MY Daryl M8 LP-Ver1  (Early Childhood),100326 MY Daryl M8 LP-Ver1 Image 003,15.0,1.0,31.0,1198.0,1117.0,12.520868,-,-,-
2026-03-28,2026-03-28,291025 MY Daryl Movexercise8 LEADS,100326 MY Daryl M8 LP-Ver1  (Early Childhood),100326 MY Daryl M8 LP-Ver1 Video 001,5.36,,4.0,148.0,141.0,36.216216,-,-,-
2026-03-28,2026-03-28,250226 MY Daryl Movexercise8 LEADS NEW,250226 MY Daryl Movexercise8 LP-Ver1,100326 MY Daryl M8 LP-Ver1 Video Hook 001,204.66,25.0,270.0,11312.0,10577.0,18.092291,-,-,-
2026-03-28,2026-03-28,291025 MY Daryl Movexercise8 LEADS,100326 MY Daryl M8 LP-Ver1  (Early Childhood),100326 MY Daryl M8 LP-Ver1 Video Script 007,37.25,1.0,62.0,1458.0,1406.0,25.548697,-,-,-
2026-03-28,2026-03-28,250226 MY Daryl Movexercise8 LEADS NEW,250226 MY Daryl Movexercise8 LP-Ver1,120326 MY Daryl M8 LP-Ver1 Video Hook 004,0.38,,0.0,23.0,23.0,16.521739,-,-,-
2026-03-28,2026-03-28,250226 MY Daryl Movexercise8 LEADS NEW,250226 MY Daryl Movexercise8 LP-Ver1,250226 MY Daryl M8 LP-Ver1 Video Script 007,0.12,,2.0,9.0,9.0,13.333333,-,-,-
2026-03-28,2026-03-28,260326 MY Daryl M8 LEADS (Retargeting),270326 MY Daryl M8 LEADS (Retargeting),270326 MY Daryl M8 Retargeting 001,17.13,,8.0,495.0,454.0,34.606061,-,-,-
2026-03-28,2026-03-28,260326 MY Daryl M8 LEADS (Retargeting),270326 MY Daryl M8 LEADS (Retargeting),270326 MY Daryl M8 Retargeting 003,37.42,1.0,33.0,1230.0,1079.0,30.422764,-,-,-
2026-03-28,2026-03-28,291025 MY Daryl Movexercise8 LEADS,291025 MY Daryl Movexercise8 LP-Ver1,291025 MY Daryl M8 LP-Ver1 Video 005,10.95,2.0,15.0,431.0,397.0,25.406032,-,-,-
2026-03-28,2026-03-28,291025 MY Daryl Movexercise8 LEADS,291025 MY Daryl Movexercise8 LP-Ver1,291025 MY Daryl Movexercise8 LP-Ver1 Image 003,1.44,,0.0,40.0,39.0,36.0,-,-,-
2026-03-28,2026-03-28,291025 MY Daryl Movexercise8 LEADS,291025 MY Daryl Movexercise8 LP-Ver1,291025 MY Daryl Movexercise8 LP-Ver1 Video 003,135.83,17.0,186.0,8171.0,7745.0,16.623424,-,-,-
2026-03-29,2026-03-29,250226 MY Daryl Movexercise8 LEADS NEW,250226 MY Daryl Movexercise8 LP-Ver1,100326 MY Daryl M8 LP-Ver1 Image 001,1.74,,1.0,83.0,75.0,20.963855,-,-,-
2026-03-29,2026-03-29,291025 MY Daryl Movexercise8 LEADS,100326 MY Daryl M8 LP-Ver1  (Early Childhood),100326 MY Daryl M8 LP-Ver1 Image 003,18.96,1.0,43.0,1380.0,1229.0,13.73913,-,-,-
2026-03-29,2026-03-29,291025 MY Daryl Movexercise8 LEADS,100326 MY Daryl M8 LP-Ver1  (Early Childhood),100326 MY Daryl M8 LP-Ver1 Video 001,5.83,2.0,14.0,194.0,179.0,30.051546,-,-,-
2026-03-29,2026-03-29,250226 MY Daryl Movexercise8 LEADS NEW,250226 MY Daryl Movexercise8 LP-Ver1,100326 MY Daryl M8 LP-Ver1 Video Hook 001,237.56,39.0,355.0,11107.0,10732.0,21.388314,-,-,-
2026-03-29,2026-03-29,291025 MY Daryl Movexercise8 LEADS,100326 MY Daryl M8 LP-Ver1  (Early Childhood),100326 MY Daryl M8 LP-Ver1 Video Script 007,46.4,6.0,57.0,1445.0,1374.0,32.110727,-,-,-
2026-03-29,2026-03-29,250226 MY Daryl Movexercise8 LEADS NEW,250226 MY Daryl Movexercise8 LP-Ver1,120326 MY Daryl M8 LP-Ver1 Video Hook 004,0.03,,0.0,3.0,3.0,10.0,-,-,-
2026-03-29,2026-03-29,260326 MY Daryl M8 LEADS (Retargeting),270326 MY Daryl M8 LEADS (Retargeting),270326 MY Daryl M8 Retargeting 001,15.82,,9.0,468.0,401.0,33.803419,-,-,-
2026-03-29,2026-03-29,260326 MY Daryl M8 LEADS (Retargeting),270326 MY Daryl M8 LEADS (Retargeting),270326 MY Daryl M8 Retargeting 003,35.79,,25.0,989.0,876.0,36.188069,-,-,-
2026-03-29,2026-03-29,291025 MY Daryl Movexercise8 LEADS,291025 MY Daryl Movexercise8 LP-Ver1,291025 MY Daryl M8 LP-Ver1 Video 005,11.85,,13.0,442.0,426.0,26.809955,-,-,-
2026-03-29,2026-03-29,291025 MY Daryl Movexercise8 LEADS,291025 MY Daryl Movexercise8 LP-Ver1,291025 MY Daryl Movexercise8 LP-Ver1 Image 003,0.3,,1.0,17.0,14.0,17.647059,-,-,-
2026-03-29,2026-03-29,291025 MY Daryl Movexercise8 LEADS,291025 MY Daryl Movexercise8 LP-Ver1,291025 MY Daryl Movexercise8 LP-Ver1 Video 003,168.53,13.0,182.0,8660.0,8447.0,19.460739,-,-,-
2026-03-30,2026-03-30,250226 MY Daryl Movexercise8 LEADS NEW,250226 MY Daryl Movexercise8 LP-Ver1,100326 MY Daryl M8 LP-Ver1 Image 001,1.12,,4.0,82.0,72.0,13.658537,-,-,-
2026-03-30,2026-03-30,291025 MY Daryl Movexercise8 LEADS,100326 MY Daryl M8 LP-Ver1  (Early Childhood),100326 MY Daryl M8 LP-Ver1 Image 003,17.13,2.0,54.0,1749.0,1567.0,9.794168,-,-,-
2026-03-30,2026-03-30,291025 MY Daryl Movexercise8 LEADS,100326 MY Daryl M8 LP-Ver1  (Early Childhood),100326 MY Daryl M8 LP-Ver1 Video 001,11.65,1.0,14.0,469.0,436.0,24.840085,-,-,-
2026-03-30,2026-03-30,250226 MY Daryl Movexercise8 LEADS NEW,250226 MY Daryl Movexercise8 LP-Ver1,100326 MY Daryl M8 LP-Ver1 Video Hook 001,211.52,19.0,324.0,12521.0,11861.0,16.893219,-,-,-
2026-03-30,2026-03-30,291025 MY Daryl Movexercise8 LEADS,100326 MY Daryl M8 LP-Ver1  (Early Childhood),100326 MY Daryl M8 LP-Ver1 Video Script 007,34.24,2.0,50.0,1359.0,1318.0,25.194996,-,-,-
2026-03-30,2026-03-30,250226 MY Daryl Movexercise8 LEADS NEW,250226 MY Daryl Movexercise8 LP-Ver1,120326 MY Daryl M8 LP-Ver1 Video Hook 004,0.06,,0.0,8.0,8.0,7.5,-,-,-
2026-03-30,2026-03-30,250226 MY Daryl Movexercise8 LEADS NEW,250226 MY Daryl Movexercise8 LP-Ver1,250226 MY Daryl M8 LP-Ver1 Video Script 007,0.1,,0.0,3.0,3.0,33.333333,-,-,-
2026-03-30,2026-03-30,260326 MY Daryl M8 LEADS (Retargeting),270326 MY Daryl M8 LEADS (Retargeting),270326 MY Daryl M8 Retargeting 001,7.84,,6.0,211.0,194.0,37.156398,-,-,-
2026-03-30,2026-03-30,260326 MY Daryl M8 LEADS (Retargeting),270326 MY Daryl M8 LEADS (Retargeting),270326 MY Daryl M8 Retargeting 003,15.33,,7.0,347.0,323.0,44.178674,-,-,-
2026-03-30,2026-03-30,291025 MY Daryl Movexercise8 LEADS,291025 MY Daryl Movexercise8 LP-Ver1,291025 MY Daryl M8 LP-Ver1 Video 005,12.44,,14.0,507.0,470.0,24.536489,-,-,-
2026-03-30,2026-03-30,291025 MY Daryl Movexercise8 LEADS,291025 MY Daryl Movexercise8 LP-Ver1,291025 MY Daryl Movexercise8 LP-Ver1 Image 003,0.87,,5.0,78.0,72.0,11.153846,-,-,-
2026-03-30,2026-03-30,291025 MY Daryl Movexercise8 LEADS,291025 MY Daryl Movexercise8 LP-Ver1,291025 MY Daryl Movexercise8 LP-Ver1 Video 003,158.66,16.0,203.0,10239.0,10041.0,15.495654,-,-,-
2026-03-31,2026-03-31,250226 MY Daryl Movexercise8 LEADS NEW,250226 MY Daryl Movexercise8 LP-Ver1,100326 MY Daryl M8 LP-Ver1 Image 001,1.65,,0.0,82.0,76.0,20.121951,-,-,-
2026-03-31,2026-03-31,291025 MY Daryl Movexercise8 LEADS,100326 MY Daryl M8 LP-Ver1  (Early Childhood),100326 MY Daryl M8 LP-Ver1 Image 003,13.53,,24.0,1138.0,1051.0,11.889279,-,-,-
2026-03-31,2026-03-31,291025 MY Daryl Movexercise8 LEADS,100326 MY Daryl M8 LP-Ver1  (Early Childhood),100326 MY Daryl M8 LP-Ver1 Video 001,15.39,3.0,13.0,503.0,468.0,30.596421,-,-,-
2026-03-31,2026-03-31,250226 MY Daryl Movexercise8 LEADS NEW,250226 MY Daryl Movexercise8 LP-Ver1,100326 MY Daryl M8 LP-Ver1 Video Hook 001,205.78,34.0,294.0,11183.0,10674.0,18.401145,-,-,-
2026-03-31,2026-03-31,291025 MY Daryl Movexercise8 LEADS,100326 MY Daryl M8 LP-Ver1  (Early Childhood),100326 MY Daryl M8 LP-Ver1 Video Script 007,35.28,3.0,43.0,1237.0,1209.0,28.520614,-,-,-
2026-03-31,2026-03-31,250226 MY Daryl Movexercise8 LEADS NEW,250226 MY Daryl Movexercise8 LP-Ver1,120326 MY Daryl M8 LP-Ver1 Video Hook 004,0.37,,2.0,23.0,20.0,16.086957,-,-,-
2026-03-31,2026-03-31,250226 MY Daryl Movexercise8 LEADS NEW,250226 MY Daryl Movexercise8 LP-Ver1,250226 MY Daryl M8 LP-Ver1 Video Script 007,0.22,,0.0,10.0,10.0,22.0,-,-,-
2026-03-31,2026-03-31,291025 MY Daryl Movexercise8 LEADS,291025 MY Daryl Movexercise8 LP-Ver1,291025 MY Daryl M8 LP-Ver1 Video 005,13.48,1.0,15.0,509.0,490.0,26.483301,-,-,-
2026-03-31,2026-03-31,291025 MY Daryl Movexercise8 LEADS,291025 MY Daryl Movexercise8 LP-Ver1,291025 MY Daryl Movexercise8 LP-Ver1 Image 003,1.09,,4.0,69.0,62.0,15.797101,-,-,-
2026-03-31,2026-03-31,291025 MY Daryl Movexercise8 LEADS,291025 MY Daryl Movexercise8 LP-Ver1,291025 MY Daryl Movexercise8 LP-Ver1 Video 003,157.41,14.0,148.0,9084.0,8593.0,17.328269,-,-,-
2026-04-01,2026-04-01,250226 MY Daryl Movexercise8 LEADS NEW,250226 MY Daryl Movexercise8 LP-Ver1,100326 MY Daryl M8 LP-Ver1 Image 001,1.24,,2.0,70.0,64.0,17.714286,-,-,-
2026-04-01,2026-04-01,291025 MY Daryl Movexercise8 LEADS,100326 MY Daryl M8 LP-Ver1  (Early Childhood),100326 MY Daryl M8 LP-Ver1 Image 003,16.22,1.0,29.0,1356.0,1256.0,11.961652,-,-,-
2026-04-01,2026-04-01,291025 MY Daryl Movexercise8 LEADS,100326 MY Daryl M8 LP-Ver1  (Early Childhood),100326 MY Daryl M8 LP-Ver1 Video 001,15.43,2.0,8.0,543.0,493.0,28.416206,Below average - Bottom 35% of ads,Average,Above average
2026-04-01,2026-04-01,250226 MY Daryl Movexercise8 LEADS NEW,250226 MY Daryl Movexercise8 LP-Ver1,100326 MY Daryl M8 LP-Ver1 Video Hook 001,222.14,19.0,336.0,13100.0,12396.0,16.957252,Average,Above average,Above average
2026-04-01,2026-04-01,291025 MY Daryl Movexercise8 LEADS,100326 MY Daryl M8 LP-Ver1  (Early Childhood),100326 MY Daryl M8 LP-Ver1 Video Script 007,36.99,3.0,36.0,1497.0,1460.0,24.709419,Average,Above average,Above average
2026-04-01,2026-04-01,250226 MY Daryl Movexercise8 LEADS NEW,250226 MY Daryl Movexercise8 LP-Ver1,250226 MY Daryl M8 LP-Ver1 Video Hook 002,0.04,,0.0,2.0,2.0,20.0,-,-,-
2026-04-01,2026-04-01,291025 MY Daryl Movexercise8 LEADS,291025 MY Daryl Movexercise8 LP-Ver1,291025 MY Daryl M8 LP-Ver1 Video 005,13.45,1.0,12.0,626.0,599.0,21.485623,-,-,-
2026-04-01,2026-04-01,291025 MY Daryl Movexercise8 LEADS,291025 MY Daryl Movexercise8 LP-Ver1,291025 MY Daryl Movexercise8 LP-Ver1 Image 003,1.25,,2.0,79.0,62.0,15.822785,-,-,-
2026-04-01,2026-04-01,291025 MY Daryl Movexercise8 LEADS,291025 MY Daryl Movexercise8 LP-Ver1,291025 MY Daryl Movexercise8 LP-Ver1 Video 003,152.35,14.0,189.0,9564.0,9462.0,15.929527,-,-,-
2026-04-02,2026-04-02,250226 MY Daryl Movexercise8 LEADS NEW,250226 MY Daryl Movexercise8 LP-Ver1,100326 MY Daryl M8 LP-Ver1 Image 001,0.95,,0.0,73.0,70.0,13.013699,-,-,-
2026-04-02,2026-04-02,291025 MY Daryl Movexercise8 LEADS,100326 MY Daryl M8 LP-Ver1  (Early Childhood),100326 MY Daryl M8 LP-Ver1 Image 003,12.47,2.0,33.0,970.0,876.0,12.85567,-,-,-
2026-04-02,2026-04-02,291025 MY Daryl Movexercise8 LEADS,100326 MY Daryl M8 LP-Ver1  (Early Childhood),100326 MY Daryl M8 LP-Ver1 Video 001,12.55,1.0,14.0,396.0,375.0,31.691919,-,-,-
2026-04-02,2026-04-02,250226 MY Daryl Movexercise8 LEADS NEW,250226 MY Daryl Movexercise8 LP-Ver1,100326 MY Daryl M8 LP-Ver1 Video Hook 001,197.26,25.0,279.0,10170.0,9582.0,19.396264,Average,Average,Above average
2026-04-02,2026-04-02,291025 MY Daryl Movexercise8 LEADS,100326 MY Daryl M8 LP-Ver1  (Early Childhood),100326 MY Daryl M8 LP-Ver1 Video Script 007,31.98,1.0,46.0,1016.0,964.0,31.476378,Average,Average,Above average
2026-04-02,2026-04-02,250226 MY Daryl Movexercise8 LEADS NEW,250226 MY Daryl Movexercise8 LP-Ver1,120326 MY Daryl M8 LP-Ver1 Video Hook 004,0.17,,0.0,11.0,9.0,15.454545,-,-,-
2026-04-02,2026-04-02,291025 MY Daryl Movexercise8 LEADS,291025 MY Daryl Movexercise8 LP-Ver1,291025 MY Daryl M8 LP-Ver1 Video 005,11.81,,13.0,521.0,495.0,22.667946,-,-,-
2026-04-02,2026-04-02,291025 MY Daryl Movexercise8 LEADS,291025 MY Daryl Movexercise8 LP-Ver1,291025 MY Daryl Movexercise8 LP-Ver1 Image 003,0.74,,1.0,31.0,31.0,23.870968,-,-,-
2026-04-02,2026-04-02,291025 MY Daryl Movexercise8 LEADS,291025 MY Daryl Movexercise8 LP-Ver1,291025 MY Daryl Movexercise8 LP-Ver1 Video 003,161.76,15.0,169.0,9477.0,9059.0,17.068693,Average,Average,Above average
2026-04-03,2026-04-03,250226 MY Daryl Movexercise8 LEADS NEW,250226 MY Daryl Movexercise8 LP-Ver1,100326 MY Daryl M8 LP-Ver1 Image 001,2.03,,5.0,123.0,103.0,16.504065,-,-,-
2026-04-03,2026-04-03,291025 MY Daryl Movexercise8 LEADS,100326 MY Daryl M8 LP-Ver1  (Early Childhood),100326 MY Daryl M8 LP-Ver1 Image 003,11.72,,23.0,949.0,854.0,12.349842,-,-,-
2026-04-03,2026-04-03,291025 MY Daryl Movexercise8 LEADS,100326 MY Daryl M8 LP-Ver1  (Early Childhood),100326 MY Daryl M8 LP-Ver1 Video 001,9.89,1.0,4.0,372.0,338.0,26.586022,-,-,-
2026-04-03,2026-04-03,250226 MY Daryl Movexercise8 LEADS NEW,250226 MY Daryl Movexercise8 LP-Ver1,100326 MY Daryl M8 LP-Ver1 Video Hook 001,177.25,13.0,258.0,10530.0,9826.0,16.832859,Average,Average,Above average
2026-04-03,2026-04-03,291025 MY Daryl Movexercise8 LEADS,100326 MY Daryl M8 LP-Ver1  (Early Childhood),100326 MY Daryl M8 LP-Ver1 Video Script 007,31.89,2.0,43.0,1262.0,1229.0,25.269414,Average,Average,Above average
2026-04-03,2026-04-03,250226 MY Daryl Movexercise8 LEADS NEW,250226 MY Daryl Movexercise8 LP-Ver1,120326 MY Daryl M8 LP-Ver1 Video Hook 004,0.21,,0.0,17.0,16.0,12.352941,-,-,-
2026-04-03,2026-04-03,250226 MY Daryl Movexercise8 LEADS NEW,250226 MY Daryl Movexercise8 LP-Ver1,250226 MY Daryl M8 LP-Ver1 Video Hook 002,0.06,,0.0,4.0,4.0,15.0,-,-,-
2026-04-03,2026-04-03,250226 MY Daryl Movexercise8 LEADS NEW,250226 MY Daryl Movexercise8 LP-Ver1,250226 MY Daryl M8 LP-Ver1 Video Script 007,0.02,,0.0,6.0,6.0,3.333333,-,-,-
2026-04-03,2026-04-03,291025 MY Daryl Movexercise8 LEADS,291025 MY Daryl Movexercise8 LP-Ver1,291025 MY Daryl M8 LP-Ver1 Video 005,13.17,1.0,12.0,634.0,588.0,20.772871,Below average - Bottom 35% of ads,Average,Above average
2026-04-03,2026-04-03,291025 MY Daryl Movexercise8 LEADS,291025 MY Daryl Movexercise8 LP-Ver1,291025 MY Daryl Movexercise8 LP-Ver1 Image 003,0.41,,4.0,26.0,25.0,15.769231,-,-,-
2026-04-03,2026-04-03,291025 MY Daryl Movexercise8 LEADS,291025 MY Daryl Movexercise8 LP-Ver1,291025 MY Daryl Movexercise8 LP-Ver1 Video 003,144.89,9.0,193.0,9899.0,9526.0,14.636832,Average,Average,Above average
2026-04-04,2026-04-04,250226 MY Daryl Movexercise8 LEADS NEW,250226 MY Daryl Movexercise8 LP-Ver1,100326 MY Daryl M8 LP-Ver1 Image 001,1.33,,0.0,68.0,65.0,19.558824,-,-,-
2026-04-04,2026-04-04,291025 MY Daryl Movexercise8 LEADS,100326 MY Daryl M8 LP-Ver1  (Early Childhood),100326 MY Daryl M8 LP-Ver1 Image 003,8.75,,14.0,580.0,550.0,15.086207,-,-,-
2026-04-04,2026-04-04,291025 MY Daryl Movexercise8 LEADS,100326 MY Daryl M8 LP-Ver1  (Early Childhood),100326 MY Daryl M8 LP-Ver1 Video 001,7.61,,6.0,319.0,288.0,23.855799,-,-,-
2026-04-04,2026-04-04,250226 MY Daryl Movexercise8 LEADS NEW,250226 MY Daryl Movexercise8 LP-Ver1,100326 MY Daryl M8 LP-Ver1 Video Hook 001,233.77,19.0,325.0,12217.0,11211.0,19.134812,Average,Average,Above average
2026-04-04,2026-04-04,291025 MY Daryl Movexercise8 LEADS,100326 MY Daryl M8 LP-Ver1  (Early Childhood),100326 MY Daryl M8 LP-Ver1 Video Script 007,46.61,6.0,60.0,1779.0,1728.0,26.200112,Average,Average,Above average
2026-04-04,2026-04-04,250226 MY Daryl Movexercise8 LEADS NEW,250226 MY Daryl Movexercise8 LP-Ver1,120326 MY Daryl M8 LP-Ver1 Video Hook 004,0.06,,0.0,6.0,5.0,10.0,-,-,-
2026-04-04,2026-04-04,250226 MY Daryl Movexercise8 LEADS NEW,250226 MY Daryl Movexercise8 LP-Ver1,250226 MY Daryl M8 LP-Ver1 Video Script 007,0.01,,0.0,1.0,1.0,10.0,-,-,-
2026-04-04,2026-04-04,291025 MY Daryl Movexercise8 LEADS,291025 MY Daryl Movexercise8 LP-Ver1,291025 MY Daryl M8 LP-Ver1 Video 005,24.08,2.0,30.0,986.0,931.0,24.421907,Below average - Bottom 35% of ads,Average,Above average
2026-04-04,2026-04-04,291025 MY Daryl Movexercise8 LEADS,291025 MY Daryl Movexercise8 LP-Ver1,291025 MY Daryl Movexercise8 LP-Ver1 Image 003,0.29,,0.0,25.0,24.0,11.6,-,-,-
2026-04-04,2026-04-04,291025 MY Daryl Movexercise8 LEADS,291025 MY Daryl Movexercise8 LP-Ver1,291025 MY Daryl Movexercise8 LP-Ver1 Video 003,146.32,11.0,203.0,9603.0,9283.0,15.236905,Average,Average,Above average
2026-04-05,2026-04-05,250226 MY Daryl Movexercise8 LEADS NEW,250226 MY Daryl Movexercise8 LP-Ver1,100326 MY Daryl M8 LP-Ver1 Image 001,2.0,1.0,2.0,127.0,110.0,15.748032,-,-,-
2026-04-05,2026-04-05,291025 MY Daryl Movexercise8 LEADS,100326 MY Daryl M8 LP-Ver1  (Early Childhood),100326 MY Daryl M8 LP-Ver1 Image 003,7.18,,15.0,585.0,534.0,12.273504,-,-,-
2026-04-05,2026-04-05,291025 MY Daryl Movexercise8 LEADS,100326 MY Daryl M8 LP-Ver1  (Early Childhood),100326 MY Daryl M8 LP-Ver1 Video 001,8.83,,6.0,335.0,308.0,26.358209,-,-,-
2026-04-05,2026-04-05,250226 MY Daryl Movexercise8 LEADS NEW,250226 MY Daryl Movexercise8 LP-Ver1,100326 MY Daryl M8 LP-Ver1 Video Hook 001,251.62,22.0,306.0,13368.0,12406.0,18.822561,Average,Average,Above average
2026-04-05,2026-04-05,291025 MY Daryl Movexercise8 LEADS,100326 MY Daryl M8 LP-Ver1  (Early Childhood),100326 MY Daryl M8 LP-Ver1 Video Script 007,52.57,3.0,101.0,2081.0,2040.0,25.261893,Average,Average,Above average
2026-04-05,2026-04-05,250226 MY Daryl Movexercise8 LEADS NEW,250226 MY Daryl Movexercise8 LP-Ver1,120326 MY Daryl M8 LP-Ver1 Video Hook 004,0.58,,4.0,19.0,19.0,30.526316,-,-,-
2026-04-05,2026-04-05,250226 MY Daryl Movexercise8 LEADS NEW,250226 MY Daryl Movexercise8 LP-Ver1,250226 MY Daryl M8 LP-Ver1 Video Hook 002,0.0,,0.0,1.0,1.0,0.0,-,-,-
2026-04-05,2026-04-05,250226 MY Daryl Movexercise8 LEADS NEW,250226 MY Daryl Movexercise8 LP-Ver1,250226 MY Daryl M8 LP-Ver1 Video Script 007,0.32,,0.0,11.0,11.0,29.090909,-,-,-
2026-04-05,2026-04-05,291025 MY Daryl Movexercise8 LEADS,291025 MY Daryl Movexercise8 LP-Ver1,291025 MY Daryl M8 LP-Ver1 Video 005,16.94,1.0,13.0,815.0,775.0,20.785276,Below average - Bottom 35% of ads,Average,Above average
2026-04-05,2026-04-05,291025 MY Daryl Movexercise8 LEADS,291025 MY Daryl Movexercise8 LP-Ver1,291025 MY Daryl Movexercise8 LP-Ver1 Image 003,2.18,1.0,4.0,138.0,124.0,15.797101,-,-,-
2026-04-05,2026-04-05,291025 MY Daryl Movexercise8 LEADS,291025 MY Daryl Movexercise8 LP-Ver1,291025 MY Daryl Movexercise8 LP-Ver1 Video 003,167.59,10.0,225.0,11515.0,11089.0,14.55406,Average,Average,Above average
2026-04-06,2026-04-06,291025 MY Daryl Movexercise8 LEADS,291025 MY Daryl Movexercise8 LP-Ver1,070426 MY Daryl M8 LP-Ver1 Video Hook  003,3.14,,2.0,147.0,145.0,21.360544,-,-,-
2026-04-06,2026-04-06,291025 MY Daryl Movexercise8 LEADS,100326 MY Daryl M8 LP-Ver1  (Early Childhood),070426 MY Daryl M8 LP-Ver1 Video Hook 001,2.81,,3.0,128.0,127.0,21.953125,-,-,-
2026-04-06,2026-04-06,250226 MY Daryl Movexercise8 LEADS NEW,250226 MY Daryl Movexercise8 LP-Ver1,100326 MY Daryl M8 LP-Ver1 Image 001,4.62,,12.0,260.0,237.0,17.769231,-,-,-
2026-04-06,2026-04-06,291025 MY Daryl Movexercise8 LEADS,100326 MY Daryl M8 LP-Ver1  (Early Childhood),100326 MY Daryl M8 LP-Ver1 Image 003,14.31,1.0,30.0,1074.0,964.0,13.324022,-,-,-
2026-04-06,2026-04-06,291025 MY Daryl Movexercise8 LEADS,100326 MY Daryl M8 LP-Ver1  (Early Childhood),100326 MY Daryl M8 LP-Ver1 Video 001,6.49,,10.0,281.0,263.0,23.096085,-,-,-
2026-04-06,2026-04-06,250226 MY Daryl Movexercise8 LEADS NEW,250226 MY Daryl Movexercise8 LP-Ver1,100326 MY Daryl M8 LP-Ver1 Video Hook 001,235.41,26.0,287.0,11616.0,11039.0,20.266012,Average,Average,Above average
2026-04-06,2026-04-06,291025 MY Daryl Movexercise8 LEADS,100326 MY Daryl M8 LP-Ver1  (Early Childhood),100326 MY Daryl M8 LP-Ver1 Video Script 007,46.36,,69.0,1823.0,1760.0,25.430609,Average,Above average,Above average
2026-04-06,2026-04-06,250226 MY Daryl Movexercise8 LEADS NEW,250226 MY Daryl Movexercise8 LP-Ver1,120326 MY Daryl M8 LP-Ver1 Video Hook 004,1.9,,5.0,152.0,141.0,12.5,-,-,-
2026-04-06,2026-04-06,250226 MY Daryl Movexercise8 LEADS NEW,250226 MY Daryl Movexercise8 LP-Ver1,250226 MY Daryl M8 LP-Ver1 Video Script 007,0.36,,3.0,17.0,17.0,21.176471,-,-,-
2026-04-06,2026-04-06,291025 MY Daryl Movexercise8 LEADS,291025 MY Daryl Movexercise8 LP-Ver1,291025 MY Daryl M8 LP-Ver1 Video 005,13.44,,17.0,656.0,611.0,20.487805,Below average - Bottom 35% of ads,Average,Above average
2026-04-06,2026-04-06,291025 MY Daryl Movexercise8 LEADS,291025 MY Daryl Movexercise8 LP-Ver1,291025 MY Daryl Movexercise8 LP-Ver1 Image 003,9.99,,13.0,648.0,592.0,15.416667,-,-,-
2026-04-06,2026-04-06,291025 MY Daryl Movexercise8 LEADS,291025 MY Daryl Movexercise8 LP-Ver1,291025 MY Daryl Movexercise8 LP-Ver1 Video 003,144.08,6.0,209.0,10141.0,9919.0,14.207672,Average,Average,Above average
2026-04-07,2026-04-07,291025 MY Daryl Movexercise8 LEADS,291025 MY Daryl Movexercise8 LP-Ver1,070426 MY Daryl M8 LP-Ver1 Video Hook  003,128.26,14.0,196.0,5410.0,4471.0,23.707948,Below average - Bottom 35% of ads,Above average,Above average
2026-04-07,2026-04-07,291025 MY Daryl Movexercise8 LEADS,100326 MY Daryl M8 LP-Ver1  (Early Childhood),070426 MY Daryl M8 LP-Ver1 Video Hook 001,57.63,7.0,104.0,2558.0,2478.0,22.52932,Average,Average,Above average
2026-04-07,2026-04-07,250226 MY Daryl Movexercise8 LEADS NEW,250226 MY Daryl Movexercise8 LP-Ver1,100326 MY Daryl M8 LP-Ver1 Image 001,5.76,,11.0,329.0,306.0,17.507599,-,-,-
2026-04-07,2026-04-07,291025 MY Daryl Movexercise8 LEADS,100326 MY Daryl M8 LP-Ver1  (Early Childhood),100326 MY Daryl M8 LP-Ver1 Image 003,6.56,1.0,25.0,524.0,498.0,12.519084,-,-,-
2026-04-07,2026-04-07,291025 MY Daryl Movexercise8 LEADS,100326 MY Daryl M8 LP-Ver1  (Early Childhood),100326 MY Daryl M8 LP-Ver1 Video 001,1.47,1.0,2.0,55.0,53.0,26.727273,-,-,-
2026-04-07,2026-04-07,250226 MY Daryl Movexercise8 LEADS NEW,250226 MY Daryl Movexercise8 LP-Ver1,100326 MY Daryl M8 LP-Ver1 Video Hook 001,233.65,20.0,313.0,11296.0,10807.0,20.684313,Average,Average,Above average
2026-04-07,2026-04-07,291025 MY Daryl Movexercise8 LEADS,100326 MY Daryl M8 LP-Ver1  (Early Childhood),100326 MY Daryl M8 LP-Ver1 Video Script 007,7.0,1.0,8.0,303.0,303.0,23.10231,-,-,-
2026-04-07,2026-04-07,250226 MY Daryl Movexercise8 LEADS NEW,250226 MY Daryl Movexercise8 LP-Ver1,120326 MY Daryl M8 LP-Ver1 Video Hook 004,2.47,1.0,5.0,97.0,89.0,25.463918,-,-,-
2026-04-07,2026-04-07,250226 MY Daryl Movexercise8 LEADS NEW,250226 MY Daryl Movexercise8 LP-Ver1,250226 MY Daryl M8 LP-Ver1 Video Script 007,5.33,,9.0,208.0,193.0,25.625,-,-,-
2026-04-07,2026-04-07,291025 MY Daryl Movexercise8 LEADS,291025 MY Daryl Movexercise8 LP-Ver1,291025 MY Daryl M8 LP-Ver1 Video 005,5.08,,4.0,199.0,191.0,25.527638,-,-,-
2026-04-07,2026-04-07,291025 MY Daryl Movexercise8 LEADS,291025 MY Daryl Movexercise8 LP-Ver1,291025 MY Daryl Movexercise8 LP-Ver1 Image 003,6.68,,12.0,472.0,464.0,14.152542,-,-,-
2026-04-07,2026-04-07,291025 MY Daryl Movexercise8 LEADS,291025 MY Daryl Movexercise8 LP-Ver1,291025 MY Daryl Movexercise8 LP-Ver1 Video 003,60.16,4.0,67.0,3872.0,3784.0,15.53719,Average,Average,Above average
2026-04-08,2026-04-08,291025 MY Daryl Movexercise8 LEADS,291025 MY Daryl Movexercise8 LP-Ver1,070426 MY Daryl M8 LP-Ver1 Video Hook  003,121.4,6.0,168.0,5363.0,4629.0,22.636584,Below average - Bottom 35% of ads,Average,Above average
2026-04-08,2026-04-08,291025 MY Daryl Movexercise8 LEADS,100326 MY Daryl M8 LP-Ver1  (Early Childhood),070426 MY Daryl M8 LP-Ver1 Video Hook 001,61.0,7.0,100.0,2961.0,2910.0,20.601148,Average,Above average,Above average
2026-04-08,2026-04-08,250226 MY Daryl Movexercise8 LEADS NEW,250226 MY Daryl Movexercise8 LP-Ver1,100326 MY Daryl M8 LP-Ver1 Image 001,5.16,1.0,13.0,340.0,307.0,15.176471,-,-,-
2026-04-08,2026-04-08,291025 MY Daryl Movexercise8 LEADS,100326 MY Daryl M8 LP-Ver1  (Early Childhood),100326 MY Daryl M8 LP-Ver1 Image 003,7.63,,29.0,609.0,568.0,12.528736,-,-,-
2026-04-08,2026-04-08,291025 MY Daryl Movexercise8 LEADS,100326 MY Daryl M8 LP-Ver1  (Early Childhood),100326 MY Daryl M8 LP-Ver1 Video 001,1.39,,1.0,45.0,42.0,30.888889,-,-,-
2026-04-08,2026-04-08,250226 MY Daryl Movexercise8 LEADS NEW,250226 MY Daryl Movexercise8 LP-Ver1,100326 MY Daryl M8 LP-Ver1 Video Hook 001,241.85,26.0,304.0,11863.0,11489.0,20.386917,Average,Average,Above average
2026-04-08,2026-04-08,291025 MY Daryl Movexercise8 LEADS,100326 MY Daryl M8 LP-Ver1  (Early Childhood),100326 MY Daryl M8 LP-Ver1 Video Script 007,3.48,1.0,13.0,112.0,109.0,31.071429,-,-,-
2026-04-08,2026-04-08,250226 MY Daryl Movexercise8 LEADS NEW,250226 MY Daryl Movexercise8 LP-Ver1,120326 MY Daryl M8 LP-Ver1 Video Hook 004,1.2,,2.0,57.0,55.0,21.052632,-,-,-
2026-04-08,2026-04-08,250226 MY Daryl Movexercise8 LEADS NEW,250226 MY Daryl Movexercise8 LP-Ver1,250226 MY Daryl M8 LP-Ver1 Video Hook 002,0.09,,0.0,1.0,1.0,90.0,-,-,-
2026-04-08,2026-04-08,250226 MY Daryl Movexercise8 LEADS NEW,250226 MY Daryl Movexercise8 LP-Ver1,250226 MY Daryl M8 LP-Ver1 Video Script 007,5.46,2.0,17.0,310.0,307.0,17.612903,-,-,-
2026-04-08,2026-04-08,291025 MY Daryl Movexercise8 LEADS,291025 MY Daryl Movexercise8 LP-Ver1,291025 MY Daryl M8 LP-Ver1 Video 005,3.86,,6.0,134.0,128.0,28.80597,-,-,-
2026-04-08,2026-04-08,291025 MY Daryl Movexercise8 LEADS,291025 MY Daryl Movexercise8 LP-Ver1,291025 MY Daryl Movexercise8 LP-Ver1 Image 003,3.88,1.0,8.0,210.0,197.0,18.47619,-,-,-
2026-04-08,2026-04-08,291025 MY Daryl Movexercise8 LEADS,291025 MY Daryl Movexercise8 LP-Ver1,291025 MY Daryl Movexercise8 LP-Ver1 Video 003,69.81,8.0,77.0,4532.0,4509.0,15.403795,Average,Average,Above average
2026-04-09,2026-04-09,291025 MY Daryl Movexercise8 LEADS,291025 MY Daryl Movexercise8 LP-Ver1,070426 MY Daryl M8 LP-Ver1 Video Hook  003,114.19,6.0,146.0,4723.0,4263.0,24.17743,-,-,-
2026-04-09,2026-04-09,291025 MY Daryl Movexercise8 LEADS,100326 MY Daryl M8 LP-Ver1  (Early Childhood),070426 MY Daryl M8 LP-Ver1 Video Hook 001,65.05,5.0,94.0,3456.0,3278.0,18.822338,-,-,-
2026-04-09,2026-04-09,250226 MY Daryl Movexercise8 LEADS NEW,250226 MY Daryl Movexercise8 LP-Ver1,100326 MY Daryl M8 LP-Ver1 Image 001,5.08,,6.0,341.0,302.0,14.897361,-,-,-
2026-04-09,2026-04-09,291025 MY Daryl Movexercise8 LEADS,100326 MY Daryl M8 LP-Ver1  (Early Childhood),100326 MY Daryl M8 LP-Ver1 Image 003,5.76,,18.0,550.0,517.0,10.472727,-,-,-
2026-04-09,2026-04-09,291025 MY Daryl Movexercise8 LEADS,100326 MY Daryl M8 LP-Ver1  (Early Childhood),100326 MY Daryl M8 LP-Ver1 Video 001,0.47,,0.0,21.0,19.0,22.380952,-,-,-
2026-04-09,2026-04-09,250226 MY Daryl Movexercise8 LEADS NEW,250226 MY Daryl Movexercise8 LP-Ver1,100326 MY Daryl M8 LP-Ver1 Video Hook 001,214.09,32.0,272.0,10701.0,10193.0,20.006541,Average,Average,Above average
2026-04-09,2026-04-09,291025 MY Daryl Movexercise8 LEADS,100326 MY Daryl M8 LP-Ver1  (Early Childhood),100326 MY Daryl M8 LP-Ver1 Video Script 007,1.29,,6.0,55.0,53.0,23.454545,-,-,-
2026-04-09,2026-04-09,250226 MY Daryl Movexercise8 LEADS NEW,250226 MY Daryl Movexercise8 LP-Ver1,120326 MY Daryl M8 LP-Ver1 Video Hook 004,0.61,,2.0,55.0,53.0,11.090909,-,-,-
2026-04-09,2026-04-09,250226 MY Daryl Movexercise8 LEADS NEW,250226 MY Daryl Movexercise8 LP-Ver1,250226 MY Daryl M8 LP-Ver1 Video Script 007,13.62,,44.0,679.0,672.0,20.05891,Average,Above average,Above average
2026-04-09,2026-04-09,291025 MY Daryl Movexercise8 LEADS,291025 MY Daryl Movexercise8 LP-Ver1,291025 MY Daryl M8 LP-Ver1 Video 005,3.81,,7.0,156.0,145.0,24.423077,-,-,-
2026-04-09,2026-04-09,291025 MY Daryl Movexercise8 LEADS,291025 MY Daryl Movexercise8 LP-Ver1,291025 MY Daryl Movexercise8 LP-Ver1 Image 003,1.68,,6.0,98.0,86.0,17.142857,-,-,-
2026-04-09,2026-04-09,291025 MY Daryl Movexercise8 LEADS,291025 MY Daryl Movexercise8 LP-Ver1,291025 MY Daryl Movexercise8 LP-Ver1 Video 003,72.7,5.0,123.0,5061.0,4914.0,14.36475,Average,Above average,Above average
2026-04-10,2026-04-10,291025 MY Daryl Movexercise8 LEADS,291025 MY Daryl Movexercise8 LP-Ver1,070426 MY Daryl M8 LP-Ver1 Video Hook  003,73.86,6.0,92.0,3097.0,2907.0,23.848886,-,-,-
2026-04-10,2026-04-10,291025 MY Daryl Movexercise8 LEADS,100326 MY Daryl M8 LP-Ver1  (Early Childhood),070426 MY Daryl M8 LP-Ver1 Video Hook 001,66.64,6.0,95.0,3418.0,3403.0,19.496782,-,-,-
2026-04-10,2026-04-10,250226 MY Daryl Movexercise8 LEADS NEW,250226 MY Daryl Movexercise8 LP-Ver1,100326 MY Daryl M8 LP-Ver1 Image 001,3.4,,4.0,209.0,192.0,16.267943,-,-,-
2026-04-10,2026-04-10,291025 MY Daryl Movexercise8 LEADS,100326 MY Daryl M8 LP-Ver1  (Early Childhood),100326 MY Daryl M8 LP-Ver1 Image 003,5.15,,11.0,396.0,363.0,13.005051,-,-,-
2026-04-10,2026-04-10,291025 MY Daryl Movexercise8 LEADS,100326 MY Daryl M8 LP-Ver1  (Early Childhood),100326 MY Daryl M8 LP-Ver1 Video 001,0.84,,0.0,21.0,19.0,40.0,-,-,-
2026-04-10,2026-04-10,250226 MY Daryl Movexercise8 LEADS NEW,250226 MY Daryl Movexercise8 LP-Ver1,100326 MY Daryl M8 LP-Ver1 Video Hook 001,211.48,21.0,228.0,9906.0,9291.0,21.348678,Average,Average,Above average
2026-04-10,2026-04-10,291025 MY Daryl Movexercise8 LEADS,100326 MY Daryl M8 LP-Ver1  (Early Childhood),100326 MY Daryl M8 LP-Ver1 Video Script 007,0.76,,1.0,34.0,34.0,22.352941,-,-,-
2026-04-10,2026-04-10,250226 MY Daryl Movexercise8 LEADS NEW,250226 MY Daryl Movexercise8 LP-Ver1,120326 MY Daryl M8 LP-Ver1 Video Hook 004,0.7,,3.0,28.0,26.0,25.0,-,-,-
2026-04-10,2026-04-10,250226 MY Daryl Movexercise8 LEADS NEW,250226 MY Daryl Movexercise8 LP-Ver1,250226 MY Daryl M8 LP-Ver1 Video Hook 002,0.01,,0.0,2.0,2.0,5.0,-,-,-
2026-04-10,2026-04-10,250226 MY Daryl Movexercise8 LEADS NEW,250226 MY Daryl Movexercise8 LP-Ver1,250226 MY Daryl M8 LP-Ver1 Video Script 007,7.61,,17.0,377.0,361.0,20.185676,-,-,-
2026-04-10,2026-04-10,291025 MY Daryl Movexercise8 LEADS,291025 MY Daryl Movexercise8 LP-Ver1,291025 MY Daryl M8 LP-Ver1 Video 005,2.53,,3.0,113.0,110.0,22.389381,-,-,-
2026-04-10,2026-04-10,291025 MY Daryl Movexercise8 LEADS,291025 MY Daryl Movexercise8 LP-Ver1,291025 MY Daryl Movexercise8 LP-Ver1 Image 003,1.91,1.0,3.0,98.0,90.0,19.489796,-,-,-
2026-04-10,2026-04-10,291025 MY Daryl Movexercise8 LEADS,291025 MY Daryl Movexercise8 LP-Ver1,291025 MY Daryl Movexercise8 LP-Ver1 Video 003,78.13,5.0,96.0,5460.0,5170.0,14.309524,Below average - Bottom 35% of ads,Above average,Above average
2026-04-11,2026-04-11,291025 MY Daryl Movexercise8 LEADS,291025 MY Daryl Movexercise8 LP-Ver1,070426 MY Daryl M8 LP-Ver1 Video Hook  003,64.0,3.0,74.0,2898.0,2738.0,22.084196,-,-,-
2026-04-11,2026-04-11,291025 MY Daryl Movexercise8 LEADS,100326 MY Daryl M8 LP-Ver1  (Early Childhood),070426 MY Daryl M8 LP-Ver1 Video Hook 001,68.57,4.0,77.0,3622.0,3613.0,18.93153,-,-,-
2026-04-11,2026-04-11,250226 MY Daryl Movexercise8 LEADS NEW,250226 MY Daryl Movexercise8 LP-Ver1,100326 MY Daryl M8 LP-Ver1 Image 001,2.01,,3.0,100.0,92.0,20.1,-,-,-
2026-04-11,2026-04-11,291025 MY Daryl Movexercise8 LEADS,100326 MY Daryl M8 LP-Ver1  (Early Childhood),100326 MY Daryl M8 LP-Ver1 Image 003,3.39,1.0,14.0,272.0,250.0,12.463235,-,-,-
2026-04-11,2026-04-11,291025 MY Daryl Movexercise8 LEADS,100326 MY Daryl M8 LP-Ver1  (Early Childhood),100326 MY Daryl M8 LP-Ver1 Video 001,0.15,,0.0,4.0,4.0,37.5,-,-,-
2026-04-11,2026-04-11,250226 MY Daryl Movexercise8 LEADS NEW,250226 MY Daryl Movexercise8 LP-Ver1,100326 MY Daryl M8 LP-Ver1 Video Hook 001,206.7,13.0,233.0,10282.0,10205.0,20.103093,Average,Above average,Above average
2026-04-11,2026-04-11,291025 MY Daryl Movexercise8 LEADS,291025 MY Daryl Movexercise8 LP-Ver1,100326 MY Daryl M8 LP-Ver1 Video Script 007,62.05,4.0,78.0,2445.0,2374.0,25.378323,Below average - Bottom 35% of ads,Above average,Above average
2026-04-11,2026-04-11,250226 MY Daryl Movexercise8 LEADS NEW,250226 MY Daryl Movexercise8 LP-Ver1,250226 MY Daryl M8 LP-Ver1 Video Hook 002,0.05,,0.0,2.0,2.0,25.0,-,-,-
2026-04-11,2026-04-11,250226 MY Daryl Movexercise8 LEADS NEW,250226 MY Daryl Movexercise8 LP-Ver1,250226 MY Daryl M8 LP-Ver1 Video Script 007,2.82,,3.0,158.0,157.0,17.848101,-,-,-
2026-04-11,2026-04-11,291025 MY Daryl Movexercise8 LEADS,291025 MY Daryl Movexercise8 LP-Ver1,291025 MY Daryl M8 LP-Ver1 Video 005,2.92,,6.0,110.0,100.0,26.545455,-,-,-
2026-04-11,2026-04-11,291025 MY Daryl Movexercise8 LEADS,291025 MY Daryl Movexercise8 LP-Ver1,291025 MY Daryl Movexercise8 LP-Ver1 Image 003,0.07,,0.0,9.0,9.0,7.777778,-,-,-
2026-04-11,2026-04-11,291025 MY Daryl Movexercise8 LEADS,291025 MY Daryl Movexercise8 LP-Ver1,291025 MY Daryl Movexercise8 LP-Ver1 Video 003,95.19,7.0,109.0,6330.0,6096.0,15.037915,Average,Above average,Above average
2026-04-12,2026-04-12,291025 MY Daryl Movexercise8 LEADS,291025 MY Daryl Movexercise8 LP-Ver1,070426 MY Daryl M8 LP-Ver1 Video Hook  003,33.25,,48.0,1422.0,1351.0,23.38256,-,-,-
2026-04-12,2026-04-12,291025 MY Daryl Movexercise8 LEADS,100326 MY Daryl M8 LP-Ver1  (Early Childhood),070426 MY Daryl M8 LP-Ver1 Video Hook 001,65.06,5.0,98.0,3408.0,3235.0,19.090376,-,-,-
2026-04-12,2026-04-12,250226 MY Daryl Movexercise8 LEADS NEW,250226 MY Daryl Movexercise8 LP-Ver1,100326 MY Daryl M8 LP-Ver1 Image 001,1.78,,2.0,100.0,84.0,17.8,-,-,-
2026-04-12,2026-04-12,291025 MY Daryl Movexercise8 LEADS,100326 MY Daryl M8 LP-Ver1  (Early Childhood),100326 MY Daryl M8 LP-Ver1 Image 003,8.53,,10.0,507.0,446.0,16.824458,-,-,-
2026-04-12,2026-04-12,291025 MY Daryl Movexercise8 LEADS,100326 MY Daryl M8 LP-Ver1  (Early Childhood),100326 MY Daryl M8 LP-Ver1 Video 001,0.4,,2.0,6.0,6.0,66.666667,-,-,-
2026-04-12,2026-04-12,250226 MY Daryl Movexercise8 LEADS NEW,250226 MY Daryl Movexercise8 LP-Ver1,100326 MY Daryl M8 LP-Ver1 Video Hook 001,249.13,21.0,243.0,11632.0,10977.0,21.417641,Average,Above average,Above average
2026-04-12,2026-04-12,291025 MY Daryl Movexercise8 LEADS,100326 MY Daryl M8 LP-Ver1  (Early Childhood),100326 MY Daryl M8 LP-Ver1 Video Script 007,0.52,,0.0,15.0,14.0,34.666667,-,-,-
2026-04-12,2026-04-12,250226 MY Daryl Movexercise8 LEADS NEW,250226 MY Daryl Movexercise8 LP-Ver1,120326 MY Daryl M8 LP-Ver1 Video Hook 004,0.38,,3.0,19.0,18.0,20.0,-,-,-
2026-04-12,2026-04-12,291025 MY Daryl Movexercise8 LEADS,291025 MY Daryl Movexercise8 LP-Ver1,120426 MY Daryl M8 LP-Ver1 Video Hook 005,36.24,1.0,87.0,2047.0,1820.0,17.703957,-,-,-
2026-04-12,2026-04-12,250226 MY Daryl Movexercise8 LEADS NEW,250226 MY Daryl Movexercise8 LP-Ver1,250226 MY Daryl M8 LP-Ver1 Video Script 007,2.0,,8.0,84.0,82.0,23.809524,-,-,-
2026-04-12,2026-04-12,291025 MY Daryl Movexercise8 LEADS,291025 MY Daryl Movexercise8 LP-Ver1,291025 MY Daryl M8 LP-Ver1 Video 005,0.0,,0.0,0.0,0.0,,-,-,-
2026-04-12,2026-04-12,291025 MY Daryl Movexercise8 LEADS,291025 MY Daryl Movexercise8 LP-Ver1,291025 MY Daryl Movexercise8 LP-Ver1 Image 003,0.15,,3.0,15.0,13.0,10.0,-,-,-
2026-04-12,2026-04-12,291025 MY Daryl Movexercise8 LEADS,291025 MY Daryl Movexercise8 LP-Ver1,291025 MY Daryl Movexercise8 LP-Ver1 Video 003,125.83,10.0,175.0,8000.0,7741.0,15.72875,Average,Above average,Above average
2026-04-13,2026-04-13,291025 MY Daryl Movexercise8 LEADS,291025 MY Daryl Movexercise8 LP-Ver1,070426 MY Daryl M8 LP-Ver1 Video Hook  003,17.21,,30.0,748.0,689.0,23.008021,-,-,-
2026-04-13,2026-04-13,291025 MY Daryl Movexercise8 LEADS,100326 MY Daryl M8 LP-Ver1  (Early Childhood),070426 MY Daryl M8 LP-Ver1 Video Hook 001,65.91,,77.0,2915.0,2834.0,22.610635,-,-,-
2026-04-13,2026-04-13,250226 MY Daryl Movexercise8 LEADS NEW,250226 MY Daryl Movexercise8 LP-Ver1,100326 MY Daryl M8 LP-Ver1 Image 001,1.91,,1.0,106.0,95.0,18.018868,-,-,-
2026-04-13,2026-04-13,291025 MY Daryl Movexercise8 LEADS,100326 MY Daryl M8 LP-Ver1  (Early Childhood),100326 MY Daryl M8 LP-Ver1 Image 003,7.7,3.0,22.0,571.0,515.0,13.485114,-,-,-
2026-04-13,2026-04-13,291025 MY Daryl Movexercise8 LEADS,100326 MY Daryl M8 LP-Ver1  (Early Childhood),100326 MY Daryl M8 LP-Ver1 Video 001,0.96,,0.0,31.0,29.0,30.967742,-,-,-
2026-04-13,2026-04-13,250226 MY Daryl Movexercise8 LEADS NEW,250226 MY Daryl Movexercise8 LP-Ver1,100326 MY Daryl M8 LP-Ver1 Video Hook 001,238.83,23.0,254.0,10286.0,10021.0,23.218938,Average,Above average,Above average
2026-04-13,2026-04-13,291025 MY Daryl Movexercise8 LEADS,291025 MY Daryl Movexercise8 LP-Ver1,100326 MY Daryl M8 LP-Ver1 Video Script 007,53.63,5.0,89.0,2067.0,1944.0,25.945815,Average,Above average,Above average
2026-04-13,2026-04-13,250226 MY Daryl Movexercise8 LEADS NEW,250226 MY Daryl Movexercise8 LP-Ver1,120326 MY Daryl M8 LP-Ver1 Video Hook 004,0.14,,0.0,11.0,11.0,12.727273,-,-,-
2026-04-13,2026-04-13,291025 MY Daryl Movexercise8 LEADS,291025 MY Daryl Movexercise8 LP-Ver1,120426 MY Daryl M8 LP-Ver1 Video Hook 005,102.54,1.0,230.0,5237.0,4802.0,19.579912,-,-,-
2026-04-13,2026-04-13,291025 MY Daryl Movexercise8 LEADS,291025 MY Daryl Movexercise8 LP-Ver1,140426 MY Daryl M8 LP-Ver1 Video Hook 007,0.33,1.0,1.0,34.0,34.0,9.705882,-,-,-
2026-04-13,2026-04-13,250226 MY Daryl Movexercise8 LEADS NEW,250226 MY Daryl Movexercise8 LP-Ver1,250226 MY Daryl M8 LP-Ver1 Video Hook 002,0.11,,0.0,5.0,5.0,22.0,-,-,-
2026-04-13,2026-04-13,250226 MY Daryl Movexercise8 LEADS NEW,250226 MY Daryl Movexercise8 LP-Ver1,250226 MY Daryl M8 LP-Ver1 Video Script 007,10.95,,13.0,494.0,471.0,22.165992,-,-,-
2026-04-13,2026-04-13,291025 MY Daryl Movexercise8 LEADS,291025 MY Daryl Movexercise8 LP-Ver1,291025 MY Daryl Movexercise8 LP-Ver1 Image 003,0.15,,0.0,8.0,8.0,18.75,-,-,-
2026-04-13,2026-04-13,291025 MY Daryl Movexercise8 LEADS,291025 MY Daryl Movexercise8 LP-Ver1,291025 MY Daryl Movexercise8 LP-Ver1 Video 003,84.71,8.0,124.0,5503.0,5307.0,15.393422,Average,Above average,Above average
2026-04-14,2026-04-14,291025 MY Daryl Movexercise8 LEADS,291025 MY Daryl Movexercise8 LP-Ver1,070426 MY Daryl M8 LP-Ver1 Video Hook  003,32.02,1.0,48.0,1346.0,1243.0,23.789004,-,-,-
2026-04-14,2026-04-14,291025 MY Daryl Movexercise8 LEADS,100326 MY Daryl M8 LP-Ver1  (Early Childhood),070426 MY Daryl M8 LP-Ver1 Video Hook 001,20.72,,23.0,744.0,713.0,27.849462,-,-,-
2026-04-14,2026-04-14,250226 MY Daryl Movexercise8 LEADS NEW,250226 MY Daryl Movexercise8 LP-Ver1,100326 MY Daryl M8 LP-Ver1 Image 001,1.81,,3.0,101.0,92.0,17.920792,-,-,-
2026-04-14,2026-04-14,291025 MY Daryl Movexercise8 LEADS,100326 MY Daryl M8 LP-Ver1  (Early Childhood),100326 MY Daryl M8 LP-Ver1 Image 003,22.76,1.0,44.0,1661.0,1412.0,13.702589,-,-,-
2026-04-14,2026-04-14,291025 MY Daryl Movexercise8 LEADS,100326 MY Daryl M8 LP-Ver1  (Early Childhood),100326 MY Daryl M8 LP-Ver1 Video 001,4.41,,4.0,138.0,118.0,31.956522,-,-,-
2026-04-14,2026-04-14,250226 MY Daryl Movexercise8 LEADS NEW,250226 MY Daryl Movexercise8 LP-Ver1,100326 MY Daryl M8 LP-Ver1 Video Hook 001,225.19,15.0,247.0,10452.0,9870.0,21.545159,Average,Above average,Above average
2026-04-14,2026-04-14,291025 MY Daryl Movexercise8 LEADS,100326 MY Daryl M8 LP-Ver1  (Early Childhood),100326 MY Daryl M8 LP-Ver1 Video Script 007,0.0,,0.0,1.0,1.0,0.0,-,-,-
2026-04-14,2026-04-14,250226 MY Daryl Movexercise8 LEADS NEW,250226 MY Daryl Movexercise8 LP-Ver1,120326 MY Daryl M8 LP-Ver1 Video Hook 004,0.08,,0.0,8.0,7.0,10.0,-,-,-
2026-04-14,2026-04-14,291025 MY Daryl Movexercise8 LEADS,291025 MY Daryl Movexercise8 LP-Ver1,140426 MY Daryl M8 LP-Ver1 Video Hook 007,76.62,7.0,83.0,3172.0,2731.0,24.155107,-,-,-
2026-04-14,2026-04-14,250226 MY Daryl Movexercise8 LEADS NEW,250226 MY Daryl Movexercise8 LP-Ver1,250226 MY Daryl M8 LP-Ver1 Video Script 007,15.39,,18.0,714.0,678.0,21.554622,Average,Above average,Above average
2026-04-14,2026-04-14,291025 MY Daryl Movexercise8 LEADS,291025 MY Daryl Movexercise8 LP-Ver1,291025 MY Daryl Movexercise8 LP-Ver1 Video 003,109.02,8.0,129.0,7358.0,6708.0,14.816526,Average,Above average,Above average
2026-04-15,2026-04-15,291025 MY Daryl Movexercise8 LEADS,291025 MY Daryl Movexercise8 LP-Ver1,070426 MY Daryl M8 LP-Ver1 Video Hook  003,30.91,3.0,41.0,1570.0,1503.0,19.687898,-,-,-
2026-04-15,2026-04-15,291025 MY Daryl Movexercise8 LEADS,100326 MY Daryl M8 LP-Ver1  (Early Childhood),070426 MY Daryl M8 LP-Ver1 Video Hook 001,0.0,,0.0,0.0,0.0,,-,-,-
2026-04-15,2026-04-15,250226 MY Daryl Movexercise8 LEADS NEW,250226 MY Daryl Movexercise8 LP-Ver1,100326 MY Daryl M8 LP-Ver1 Image 001,1.88,,3.0,76.0,65.0,24.736842,-,-,-
2026-04-15,2026-04-15,291025 MY Daryl Movexercise8 LEADS,100326 MY Daryl M8 LP-Ver1  (Early Childhood),100326 MY Daryl M8 LP-Ver1 Image 003,24.02,,42.0,1608.0,1446.0,14.937811,-,-,-
2026-04-15,2026-04-15,291025 MY Daryl Movexercise8 LEADS,100326 MY Daryl M8 LP-Ver1  (Early Childhood),100326 MY Daryl M8 LP-Ver1 Video 001,20.7,3.0,19.0,763.0,679.0,27.129751,-,-,-
2026-04-15,2026-04-15,250226 MY Daryl Movexercise8 LEADS NEW,250226 MY Daryl Movexercise8 LP-Ver1,100326 MY Daryl M8 LP-Ver1 Video Hook 001,205.56,17.0,207.0,9505.0,9194.0,21.626512,Average,Above average,Above average
2026-04-15,2026-04-15,291025 MY Daryl Movexercise8 LEADS,100326 MY Daryl M8 LP-Ver1  (Early Childhood),100326 MY Daryl M8 LP-Ver1 Video Script 007,4.05,1.0,9.0,184.0,181.0,22.01087,-,-,-
2026-04-15,2026-04-15,250226 MY Daryl Movexercise8 LEADS NEW,250226 MY Daryl Movexercise8 LP-Ver1,120326 MY Daryl M8 LP-Ver1 Video Hook 004,0.17,,0.0,9.0,7.0,18.888889,-,-,-
2026-04-15,2026-04-15,291025 MY Daryl Movexercise8 LEADS,291025 MY Daryl Movexercise8 LP-Ver1,140426 MY Daryl M8 LP-Ver1 Video Hook 007,117.31,11.0,135.0,5771.0,5365.0,20.3275,-,-,-
2026-04-15,2026-04-15,250226 MY Daryl Movexercise8 LEADS NEW,250226 MY Daryl Movexercise8 LP-Ver1,250226 MY Daryl M8 LP-Ver1 Video Script 007,7.35,,9.0,343.0,327.0,21.428571,-,-,-
2026-04-15,2026-04-15,291025 MY Daryl Movexercise8 LEADS,291025 MY Daryl Movexercise8 LP-Ver1,291025 MY Daryl Movexercise8 LP-Ver1 Image 003,0.38,,1.0,17.0,14.0,22.352941,-,-,-
2026-04-15,2026-04-15,291025 MY Daryl Movexercise8 LEADS,291025 MY Daryl Movexercise8 LP-Ver1,291025 MY Daryl Movexercise8 LP-Ver1 Video 003,92.23,3.0,118.0,7289.0,6967.0,12.653313,Average,Above average,Above average
2026-04-16,2026-04-16,291025 MY Daryl Movexercise8 LEADS,291025 MY Daryl Movexercise8 LP-Ver1,070426 MY Daryl M8 LP-Ver1 Video Hook  003,29.26,5.0,45.0,1283.0,1234.0,22.805924,-,-,-
2026-04-16,2026-04-16,291025 MY Daryl Movexercise8 LEADS,100326 MY Daryl M8 LP-Ver1  (Early Childhood),100326 MY Daryl M8 LP-Ver1 Image 003,22.67,,41.0,1440.0,1312.0,15.743056,-,-,-
2026-04-16,2026-04-16,291025 MY Daryl Movexercise8 LEADS,100326 MY Daryl M8 LP-Ver1  (Early Childhood),100326 MY Daryl M8 LP-Ver1 Video 001,20.16,2.0,13.0,675.0,624.0,29.866667,-,-,-
2026-04-16,2026-04-16,250226 MY Daryl Movexercise8 LEADS NEW,250226 MY Daryl Movexercise8 LP-Ver1,100326 MY Daryl M8 LP-Ver1 Video Hook 001,166.47,13.0,198.0,7737.0,7436.0,21.516092,Average,Above average,Above average
2026-04-16,2026-04-16,291025 MY Daryl Movexercise8 LEADS,100326 MY Daryl M8 LP-Ver1  (Early Childhood),100326 MY Daryl M8 LP-Ver1 Video Script 007,4.25,,2.0,131.0,127.0,32.442748,-,-,-
2026-04-16,2026-04-16,291025 MY Daryl Movexercise8 LEADS,291025 MY Daryl Movexercise8 LP-Ver1,140426 MY Daryl M8 LP-Ver1 Video Hook 007,115.65,5.0,131.0,5408.0,5047.0,21.384985,-,-,-
2026-04-16,2026-04-16,291025 MY Daryl Movexercise8 LEADS,160426 MY Daryl M8 LP-Ver1  (Primary Education),160426 MY Daryl M8 LP-Ver1 Video 001,19.88,1.0,23.0,755.0,717.0,26.331126,-,-,-
2026-04-16,2026-04-16,291025 MY Daryl Movexercise8 LEADS,160426 MY Daryl M8 LP-Ver1  (Primary Education),160426 MY Daryl M8 LP-Ver1 Video 005,15.02,,16.0,476.0,423.0,31.554622,-,-,-
2026-04-16,2026-04-16,291025 MY Daryl Movexercise8 LEADS,100326 MY Daryl M8 LP-Ver1  (Early Childhood),160426 MY Daryl M8 Retargeting 001,1.99,,1.0,115.0,102.0,17.304348,-,-,-
2026-04-16,2026-04-16,250226 MY Daryl Movexercise8 LEADS NEW,250226 MY Daryl Movexercise8 LP-Ver1,160426 MY Daryl M8 Retargeting 003,0.81,,2.0,43.0,34.0,18.837209,-,-,-
2026-04-16,2026-04-16,250226 MY Daryl Movexercise8 LEADS NEW,250226 MY Daryl Movexercise8 LP-Ver1,250226 MY Daryl M8 LP-Ver1 Video Hook 002,0.01,,0.0,3.0,1.0,3.333333,-,-,-
2026-04-16,2026-04-16,291025 MY Daryl Movexercise8 LEADS,291025 MY Daryl Movexercise8 LP-Ver1,291025 MY Daryl Movexercise8 LP-Ver1 Image 003,0.1,,1.0,12.0,12.0,8.333333,-,-,-
2026-04-16,2026-04-16,291025 MY Daryl Movexercise8 LEADS,291025 MY Daryl Movexercise8 LP-Ver1,291025 MY Daryl Movexercise8 LP-Ver1 Video 003,101.05,4.0,110.0,7294.0,7049.0,13.853852,Below average - Bottom 35% of ads,Average,Above average
2026-04-17,2026-04-17,291025 MY Daryl Movexercise8 LEADS,291025 MY Daryl Movexercise8 LP-Ver1,070426 MY Daryl M8 LP-Ver1 Video Hook  003,30.34,,28.0,1138.0,1079.0,26.660808,Below average - Bottom 35% of ads,Average,Above average
2026-04-17,2026-04-17,291025 MY Daryl Movexercise8 LEADS,100326 MY Daryl M8 LP-Ver1  (Early Childhood),100326 MY Daryl M8 LP-Ver1 Video 001,10.24,,11.0,345.0,335.0,29.681159,-,-,-
2026-04-17,2026-04-17,250226 MY Daryl Movexercise8 LEADS NEW,250226 MY Daryl Movexercise8 LP-Ver1,100326 MY Daryl M8 LP-Ver1 Video Hook 001,149.14,16.0,156.0,6696.0,6523.0,22.272999,Average,Average,Above average
2026-04-17,2026-04-17,291025 MY Daryl Movexercise8 LEADS,100326 MY Daryl M8 LP-Ver1  (Early Childhood),100326 MY Daryl M8 LP-Ver1 Video Script 007,37.66,5.0,42.0,1186.0,1171.0,31.753794,Average,Above average,Above average
2026-04-17,2026-04-17,250226 MY Daryl Movexercise8 LEADS NEW,250226 MY Daryl Movexercise8 LP-Ver1,120326 MY Daryl M8 LP-Ver1 Video Hook 004,0.46,,1.0,31.0,25.0,14.83871,-,-,-
2026-04-17,2026-04-17,291025 MY Daryl Movexercise8 LEADS,291025 MY Daryl Movexercise8 LP-Ver1,140426 MY Daryl M8 LP-Ver1 Video Hook 007,132.88,7.0,127.0,5040.0,4765.0,26.365079,Average,Average,Above average
2026-04-17,2026-04-17,291025 MY Daryl Movexercise8 LEADS,160426 MY Daryl M8 LP-Ver1  (Primary Education),160426 MY Daryl M8 LP-Ver1 Video 001,18.07,1.0,23.0,711.0,674.0,25.414909,Below average - Bottom 35% of ads,Average,Above average
2026-04-17,2026-04-17,291025 MY Daryl Movexercise8 LEADS,160426 MY Daryl M8 LP-Ver1  (Primary Education),160426 MY Daryl M8 LP-Ver1 Video 005,31.92,1.0,15.0,1019.0,955.0,31.324828,Below average - Bottom 35% of ads,Average,Above average
2026-04-17,2026-04-17,291025 MY Daryl Movexercise8 LEADS,100326 MY Daryl M8 LP-Ver1  (Early Childhood),160426 MY Daryl M8 Retargeting 001,32.4,2.0,30.0,1290.0,1141.0,25.116279,-,-,-
2026-04-17,2026-04-17,250226 MY Daryl Movexercise8 LEADS NEW,250226 MY Daryl Movexercise8 LP-Ver1,160426 MY Daryl M8 Retargeting 003,0.45,,0.0,20.0,18.0,22.5,-,-,-
2026-04-17,2026-04-17,291025 MY Daryl Movexercise8 LEADS,160426 MY Daryl M8 LP-Ver1  (Primary Education),180426 MY Daryl M8 LP-Ver1 Image 005,1.56,,2.0,65.0,65.0,24.0,-,-,-
2026-04-17,2026-04-17,291025 MY Daryl Movexercise8 LEADS,160426 MY Daryl M8 LP-Ver1  (Primary Education),180426 MY Daryl Movexercise8 LP-Ver1 Video 003,8.27,1.0,5.0,348.0,342.0,23.764368,-,-,-
2026-04-17,2026-04-17,291025 MY Daryl Movexercise8 LEADS,291025 MY Daryl Movexercise8 LP-Ver1,291025 MY Daryl Movexercise8 LP-Ver1 Image 003,0.19,,0.0,5.0,5.0,38.0,-,-,-
2026-04-17,2026-04-17,291025 MY Daryl Movexercise8 LEADS,291025 MY Daryl Movexercise8 LP-Ver1,291025 MY Daryl Movexercise8 LP-Ver1 Video 003,202.97,14.0,218.0,13927.0,13109.0,14.573849,Average,Average,Above average
2026-04-18,2026-04-18,291025 MY Daryl Movexercise8 LEADS,291025 MY Daryl Movexercise8 LP-Ver1,070426 MY Daryl M8 LP-Ver1 Video Hook  003,1.57,,2.0,68.0,68.0,23.088235,-,-,-
2026-04-18,2026-04-18,291025 MY Daryl Movexercise8 LEADS,100326 MY Daryl M8 LP-Ver1  (Early Childhood),100326 MY Daryl M8 LP-Ver1 Video 001,0.27,,0.0,7.0,7.0,38.571429,-,-,-
2026-04-18,2026-04-18,250226 MY Daryl Movexercise8 LEADS NEW,250226 MY Daryl Movexercise8 LP-Ver1,100326 MY Daryl M8 LP-Ver1 Video Hook 001,132.23,13.0,117.0,5367.0,5288.0,24.6376,Average,Above average,Above average
2026-04-18,2026-04-18,291025 MY Daryl Movexercise8 LEADS,100326 MY Daryl M8 LP-Ver1  (Early Childhood),100326 MY Daryl M8 LP-Ver1 Video Script 007,1.86,,4.0,68.0,65.0,27.352941,-,-,-
2026-04-18,2026-04-18,250226 MY Daryl Movexercise8 LEADS NEW,250226 MY Daryl Movexercise8 LP-Ver1,120326 MY Daryl M8 LP-Ver1 Video Hook 004,0.2,,0.0,9.0,7.0,22.222222,-,-,-
2026-04-18,2026-04-18,291025 MY Daryl Movexercise8 LEADS,291025 MY Daryl Movexercise8 LP-Ver1,140426 MY Daryl M8 LP-Ver1 Video Hook 007,26.41,3.0,29.0,858.0,831.0,30.780886,Average,Average,Above average
2026-04-18,2026-04-18,291025 MY Daryl Movexercise8 LEADS,160426 MY Daryl M8 LP-Ver1  (Primary Education),160426 MY Daryl M8 LP-Ver1 Video 001,2.6,,0.0,101.0,100.0,25.742574,-,-,-
2026-04-18,2026-04-18,291025 MY Daryl Movexercise8 LEADS,160426 MY Daryl M8 LP-Ver1  (Primary Education),160426 MY Daryl M8 LP-Ver1 Video 005,0.0,,0.0,0.0,0.0,,-,-,-
2026-04-18,2026-04-18,291025 MY Daryl Movexercise8 LEADS,100326 MY Daryl M8 LP-Ver1  (Early Childhood),160426 MY Daryl M8 Retargeting 001,27.32,,13.0,867.0,810.0,31.510957,-,-,-
2026-04-18,2026-04-18,250226 MY Daryl Movexercise8 LEADS NEW,250226 MY Daryl Movexercise8 LP-Ver1,160426 MY Daryl M8 Retargeting 003,0.15,,0.0,10.0,9.0,15.0,-,-,-
2026-04-18,2026-04-18,291025 MY Daryl Movexercise8 LEADS,160426 MY Daryl M8 LP-Ver1  (Primary Education),180426 MY Daryl M8 LP-Ver1 Image 005,8.65,1.0,19.0,398.0,362.0,21.733668,-,-,-
2026-04-18,2026-04-18,291025 MY Daryl Movexercise8 LEADS,160426 MY Daryl M8 LP-Ver1  (Primary Education),180426 MY Daryl Movexercise8 LP-Ver1 Video 003,20.06,,18.0,905.0,889.0,22.165746,Average,Average,Above average
2026-04-18,2026-04-18,250226 MY Daryl Movexercise8 LEADS NEW,250226 MY Daryl Movexercise8 LP-Ver1,250226 MY Daryl M8 LP-Ver1 Video Hook 002,0.02,,0.0,3.0,2.0,6.666667,-,-,-
2026-04-18,2026-04-18,291025 MY Daryl Movexercise8 LEADS,291025 MY Daryl Movexercise8 LP-Ver1,291025 MY Daryl Movexercise8 LP-Ver1 Image 003,0.13,,1.0,8.0,8.0,16.25,-,-,-
2026-04-18,2026-04-18,291025 MY Daryl Movexercise8 LEADS,291025 MY Daryl Movexercise8 LP-Ver1,291025 MY Daryl Movexercise8 LP-Ver1 Video 003,84.09,5.0,86.0,4432.0,4277.0,18.973375,Average,Average,Above average
2026-04-19,2026-04-19,291025 MY Daryl Movexercise8 LEADS,291025 MY Daryl Movexercise8 LP-Ver1,070426 MY Daryl M8 LP-Ver1 Video Hook  003,20.84,3.0,37.0,782.0,714.0,26.649616,Below average - Bottom 35% of ads,Above average,Above average
2026-04-19,2026-04-19,291025 MY Daryl Movexercise8 LEADS,100326 MY Daryl M8 LP-Ver1  (Early Childhood),100326 MY Daryl M8 LP-Ver1 Video 001,1.91,,1.0,73.0,72.0,26.164384,-,-,-
2026-04-19,2026-04-19,250226 MY Daryl Movexercise8 LEADS NEW,250226 MY Daryl Movexercise8 LP-Ver1,100326 MY Daryl M8 LP-Ver1 Video Hook 001,167.04,12.0,157.0,6860.0,6835.0,24.349854,Average,Average,Above average
2026-04-19,2026-04-19,291025 MY Daryl Movexercise8 LEADS,100326 MY Daryl M8 LP-Ver1  (Early Childhood),100326 MY Daryl M8 LP-Ver1 Video Script 007,52.14,4.0,73.0,1557.0,1464.0,33.487476,Average,Above average,Above average
2026-04-19,2026-04-19,250226 MY Daryl Movexercise8 LEADS NEW,250226 MY Daryl Movexercise8 LP-Ver1,120326 MY Daryl M8 LP-Ver1 Video Hook 004,0.18,,0.0,8.0,7.0,22.5,-,-,-
2026-04-19,2026-04-19,291025 MY Daryl Movexercise8 LEADS,291025 MY Daryl Movexercise8 LP-Ver1,140426 MY Daryl M8 LP-Ver1 Video Hook 007,44.63,1.0,67.0,1439.0,1337.0,31.014593,Below average - Bottom 35% of ads,Average,Above average
2026-04-19,2026-04-19,291025 MY Daryl Movexercise8 LEADS,160426 MY Daryl M8 LP-Ver1  (Primary Education),160426 MY Daryl M8 LP-Ver1 Video 001,0.63,1.0,1.0,26.0,22.0,24.230769,-,-,-
2026-04-19,2026-04-19,291025 MY Daryl Movexercise8 LEADS,100326 MY Daryl M8 LP-Ver1  (Early Childhood),160426 MY Daryl M8 Retargeting 001,0.0,,0.0,0.0,0.0,,-,-,-
2026-04-19,2026-04-19,291025 MY Daryl Movexercise8 LEADS,160426 MY Daryl M8 LP-Ver1  (Primary Education),180426 MY Daryl M8 LP-Ver1 Image 005,32.34,2.0,68.0,1563.0,1374.0,20.690979,-,-,-
2026-04-19,2026-04-19,291025 MY Daryl Movexercise8 LEADS,160426 MY Daryl M8 LP-Ver1  (Primary Education),180426 MY Daryl Movexercise8 LP-Ver1 Video 003,23.66,,29.0,1062.0,1003.0,22.278719,Average,Average,Above average
2026-04-19,2026-04-19,291025 MY Daryl Movexercise8 LEADS,291025 MY Daryl Movexercise8 LP-Ver1,291025 MY Daryl Movexercise8 LP-Ver1 Video 003,110.11,6.0,135.0,6075.0,5729.0,18.125103,Average,Average,Above average
2026-04-20,2026-04-20,291025 MY Daryl Movexercise8 LEADS,291025 MY Daryl Movexercise8 LP-Ver1,070426 MY Daryl M8 LP-Ver1 Video Hook  003,23.55,,25.0,800.0,743.0,29.4375,Below average - Bottom 35% of ads,Above average,Above average
2026-04-20,2026-04-20,291025 MY Daryl Movexercise8 LEADS,100326 MY Daryl M8 LP-Ver1  (Early Childhood),100326 MY Daryl M8 LP-Ver1 Video 001,7.23,1.0,8.0,216.0,192.0,33.472222,-,-,-
2026-04-20,2026-04-20,250226 MY Daryl Movexercise8 LEADS NEW,250226 MY Daryl Movexercise8 LP-Ver1,100326 MY Daryl M8 LP-Ver1 Video Hook 001,154.79,16.0,177.0,6996.0,6678.0,22.1255,Average,Above average,Above average
2026-04-20,2026-04-20,291025 MY Daryl Movexercise8 LEADS,100326 MY Daryl M8 LP-Ver1  (Early Childhood),100326 MY Daryl M8 LP-Ver1 Video Script 007,40.07,1.0,68.0,1510.0,1464.0,26.536424,Average,Above average,Above average
2026-04-20,2026-04-20,250226 MY Daryl Movexercise8 LEADS NEW,250226 MY Daryl Movexercise8 LP-Ver1,120326 MY Daryl M8 LP-Ver1 Video Hook 004,0.16,,0.0,11.0,9.0,14.545455,-,-,-
2026-04-20,2026-04-20,291025 MY Daryl Movexercise8 LEADS,291025 MY Daryl Movexercise8 LP-Ver1,140426 MY Daryl M8 LP-Ver1 Video Hook 007,23.05,2.0,37.0,766.0,749.0,30.091384,Below average - Bottom 35% of ads,Average,Above average
2026-04-20,2026-04-20,291025 MY Daryl Movexercise8 LEADS,160426 MY Daryl M8 LP-Ver1  (Primary Education),160426 MY Daryl M8 LP-Ver1 Video 001,0.85,,0.0,9.0,9.0,94.444444,-,-,-
2026-04-20,2026-04-20,250226 MY Daryl Movexercise8 LEADS NEW,250226 MY Daryl Movexercise8 LP-Ver1,160426 MY Daryl M8 Retargeting 003,0.24,1.0,2.0,8.0,6.0,30.0,-,-,-
2026-04-20,2026-04-20,291025 MY Daryl Movexercise8 LEADS,160426 MY Daryl M8 LP-Ver1  (Primary Education),180426 MY Daryl M8 LP-Ver1 Image 005,53.43,2.0,84.0,2390.0,2053.0,22.355649,Below average - Bottom 35% of ads,Above average,Above average
2026-04-20,2026-04-20,291025 MY Daryl Movexercise8 LEADS,100326 MY Daryl M8 LP-Ver1  (Early Childhood),200426 MY Daryl M8 LP-Ver1 Video Hook 004,3.09,,3.0,135.0,128.0,22.888889,-,-,-
2026-04-20,2026-04-20,250226 MY Daryl Movexercise8 LEADS NEW,250226 MY Daryl Movexercise8 LP-Ver1,250226 MY Daryl M8 LP-Ver1 Video Hook 002,0.06,,0.0,1.0,1.0,60.0,-,-,-
2026-04-20,2026-04-20,291025 MY Daryl Movexercise8 LEADS,291025 MY Daryl Movexercise8 LP-Ver1,291025 MY Daryl Movexercise8 LP-Ver1 Image 003,0.65,,0.0,30.0,28.0,21.666667,-,-,-
2026-04-20,2026-04-20,291025 MY Daryl Movexercise8 LEADS,291025 MY Daryl Movexercise8 LP-Ver1,291025 MY Daryl Movexercise8 LP-Ver1 Video 003,106.72,6.0,121.0,5889.0,5539.0,18.121922,Average,Average,Above average
2026-04-21,2026-04-21,291025 MY Daryl Movexercise8 LEADS,291025 MY Daryl Movexercise8 LP-Ver1,070426 MY Daryl M8 LP-Ver1 Video Hook  003,33.22,6.0,34.0,1167.0,1100.0,28.466153,Below average - Bottom 35% of ads,Above average,Above average
2026-04-21,2026-04-21,291025 MY Daryl Movexercise8 LEADS,100326 MY Daryl M8 LP-Ver1  (Early Childhood),100326 MY Daryl M8 LP-Ver1 Video 001,4.32,,2.0,197.0,174.0,21.928934,-,-,-
2026-04-21,2026-04-21,250226 MY Daryl Movexercise8 LEADS NEW,250226 MY Daryl Movexercise8 LP-Ver1,100326 MY Daryl M8 LP-Ver1 Video Hook 001,158.32,12.0,118.0,6805.0,6603.0,23.265246,Average,Above average,Above average
2026-04-21,2026-04-21,291025 MY Daryl Movexercise8 LEADS,100326 MY Daryl M8 LP-Ver1  (Early Childhood),100326 MY Daryl M8 LP-Ver1 Video Script 007,33.4,2.0,37.0,1281.0,1266.0,26.07338,Average,Above average,Above average
2026-04-21,2026-04-21,291025 MY Daryl Movexercise8 LEADS,291025 MY Daryl Movexercise8 LP-Ver1,140426 MY Daryl M8 LP-Ver1 Video Hook 007,16.88,1.0,23.0,497.0,470.0,33.963783,-,-,-
2026-04-21,2026-04-21,250226 MY Daryl Movexercise8 LEADS NEW,250226 MY Daryl Movexercise8 LP-Ver1,160426 MY Daryl M8 Retargeting 003,0.02,,1.0,1.0,1.0,20.0,-,-,-
2026-04-21,2026-04-21,291025 MY Daryl Movexercise8 LEADS,160426 MY Daryl M8 LP-Ver1  (Primary Education),180426 MY Daryl M8 LP-Ver1 Image 005,49.94,2.0,76.0,2489.0,2269.0,20.064283,Average,Average,Above average
2026-04-21,2026-04-21,291025 MY Daryl Movexercise8 LEADS,160426 MY Daryl M8 LP-Ver1  (Primary Education),200426 MY Daryl M8 LP-Ver1 Video Hook 002,1.95,,3.0,83.0,82.0,23.493976,-,-,-
2026-04-21,2026-04-21,291025 MY Daryl Movexercise8 LEADS,100326 MY Daryl M8 LP-Ver1  (Early Childhood),200426 MY Daryl M8 LP-Ver1 Video Hook 004,36.89,4.0,40.0,1377.0,1209.0,26.790123,-,-,-
2026-04-21,2026-04-21,250226 MY Daryl Movexercise8 LEADS NEW,250226 MY Daryl Movexercise8 LP-Ver1,250226 MY Daryl M8 LP-Ver1 Video Hook 002,0.08,,0.0,2.0,2.0,40.0,-,-,-
2026-04-21,2026-04-21,291025 MY Daryl Movexercise8 LEADS,291025 MY Daryl Movexercise8 LP-Ver1,291025 MY Daryl Movexercise8 LP-Ver1 Image 003,0.48,1.0,4.0,23.0,21.0,20.869565,-,-,-
2026-04-21,2026-04-21,291025 MY Daryl Movexercise8 LEADS,291025 MY Daryl Movexercise8 LP-Ver1,291025 MY Daryl Movexercise8 LP-Ver1 Video 003,139.6,16.0,179.0,8296.0,7984.0,16.827387,Average,Average,Above average
2026-04-22,2026-04-22,291025 MY Daryl Movexercise8 LEADS,291025 MY Daryl Movexercise8 LP-Ver1,070426 MY Daryl M8 LP-Ver1 Video Hook  003,17.84,,10.0,634.0,628.0,28.138801,Below average - Bottom 35% of ads,Above average,Above average
2026-04-22,2026-04-22,291025 MY Daryl Movexercise8 LEADS,100326 MY Daryl M8 LP-Ver1  (Early Childhood),100326 MY Daryl M8 LP-Ver1 Video 001,1.77,,1.0,57.0,55.0,31.052632,-,-,-
2026-04-22,2026-04-22,250226 MY Daryl Movexercise8 LEADS NEW,250226 MY Daryl Movexercise8 LP-Ver1,100326 MY Daryl M8 LP-Ver1 Video Hook 001,150.14,11.0,174.0,6199.0,5947.0,24.220035,Average,Above average,Above average
2026-04-22,2026-04-22,291025 MY Daryl Movexercise8 LEADS,100326 MY Daryl M8 LP-Ver1  (Early Childhood),100326 MY Daryl M8 LP-Ver1 Video Script 007,9.79,,9.0,379.0,369.0,25.831135,-,-,-
2026-04-22,2026-04-22,250226 MY Daryl Movexercise8 LEADS NEW,250226 MY Daryl Movexercise8 LP-Ver1,120326 MY Daryl M8 LP-Ver1 Video Hook 004,0.1,,0.0,6.0,6.0,16.666667,-,-,-
2026-04-22,2026-04-22,291025 MY Daryl Movexercise8 LEADS,291025 MY Daryl Movexercise8 LP-Ver1,140426 MY Daryl M8 LP-Ver1 Video Hook 007,10.98,,11.0,262.0,246.0,41.908397,-,-,-
2026-04-22,2026-04-22,291025 MY Daryl Movexercise8 LEADS,160426 MY Daryl M8 LP-Ver1  (Primary Education),160426 MY Daryl M8 LP-Ver1 Video 001,1.86,,1.0,39.0,38.0,47.692308,-,-,-
2026-04-22,2026-04-22,291025 MY Daryl Movexercise8 LEADS,160426 MY Daryl M8 LP-Ver1  (Primary Education),180426 MY Daryl M8 LP-Ver1 Image 005,0.0,,0.0,0.0,0.0,,-,-,-
2026-04-22,2026-04-22,291025 MY Daryl Movexercise8 LEADS,160426 MY Daryl M8 LP-Ver1  (Primary Education),200426 MY Daryl M8 LP-Ver1 Video Hook 002,52.11,2.0,57.0,1670.0,1526.0,31.203593,-,-,-
2026-04-22,2026-04-22,291025 MY Daryl Movexercise8 LEADS,100326 MY Daryl M8 LP-Ver1  (Early Childhood),200426 MY Daryl M8 LP-Ver1 Video Hook 004,69.99,4.0,102.0,3092.0,2794.0,22.635834,Below average - Bottom 35% of ads,Above average,Above average
2026-04-22,2026-04-22,291025 MY Daryl Movexercise8 LEADS,291025 MY Daryl Movexercise8 LP-Ver1,291025 MY Daryl Movexercise8 LP-Ver1 Image 003,0.29,,0.0,5.0,5.0,58.0,-,-,-
2026-04-22,2026-04-22,291025 MY Daryl Movexercise8 LEADS,291025 MY Daryl Movexercise8 LP-Ver1,291025 MY Daryl Movexercise8 LP-Ver1 Video 003,192.7,12.0,150.0,9659.0,9400.0,19.950305,Average,Average,Above average
2026-04-23,2026-04-23,291025 MY Daryl Movexercise8 LEADS,291025 MY Daryl Movexercise8 LP-Ver1,070426 MY Daryl M8 LP-Ver1 Video Hook  003,14.54,,24.0,491.0,481.0,29.613035,-,-,-
2026-04-23,2026-04-23,291025 MY Daryl Movexercise8 LEADS,100326 MY Daryl M8 LP-Ver1  (Early Childhood),100326 MY Daryl M8 LP-Ver1 Video 001,0.74,,0.0,20.0,18.0,37.0,-,-,-
2026-04-23,2026-04-23,250226 MY Daryl Movexercise8 LEADS NEW,250226 MY Daryl Movexercise8 LP-Ver1,100326 MY Daryl M8 LP-Ver1 Video Hook 001,143.51,11.0,167.0,6366.0,6044.0,22.543198,Average,Above average,Above average
2026-04-23,2026-04-23,291025 MY Daryl Movexercise8 LEADS,100326 MY Daryl M8 LP-Ver1  (Early Childhood),100326 MY Daryl M8 LP-Ver1 Video Script 007,3.86,,4.0,176.0,174.0,21.931818,-,-,-
2026-04-23,2026-04-23,250226 MY Daryl Movexercise8 LEADS NEW,250226 MY Daryl Movexercise8 LP-Ver1,120326 MY Daryl M8 LP-Ver1 Video Hook 004,0.22,,0.0,9.0,8.0,24.444444,-,-,-
2026-04-23,2026-04-23,291025 MY Daryl Movexercise8 LEADS,291025 MY Daryl Movexercise8 LP-Ver1,140426 MY Daryl M8 LP-Ver1 Video Hook 007,5.61,1.0,11.0,190.0,181.0,29.526316,-,-,-
2026-04-23,2026-04-23,291025 MY Daryl Movexercise8 LEADS,160426 MY Daryl M8 LP-Ver1  (Primary Education),160426 MY Daryl M8 LP-Ver1 Video 001,0.36,,0.0,13.0,12.0,27.692308,-,-,-
2026-04-23,2026-04-23,250226 MY Daryl Movexercise8 LEADS NEW,250226 MY Daryl Movexercise8 LP-Ver1,160426 MY Daryl M8 Retargeting 003,0.03,,0.0,2.0,2.0,15.0,-,-,-
2026-04-23,2026-04-23,291025 MY Daryl Movexercise8 LEADS,160426 MY Daryl M8 LP-Ver1  (Primary Education),200426 MY Daryl M8 LP-Ver1 Video Hook 002,59.39,7.0,85.0,2123.0,1937.0,27.974564,-,-,-
2026-04-23,2026-04-23,291025 MY Daryl Movexercise8 LEADS,100326 MY Daryl M8 LP-Ver1  (Early Childhood),200426 MY Daryl M8 LP-Ver1 Video Hook 004,73.9,5.0,164.0,3674.0,3367.0,20.114317,Below average - Bottom 35% of ads,Above average,Above average
2026-04-23,2026-04-23,291025 MY Daryl Movexercise8 LEADS,291025 MY Daryl Movexercise8 LP-Ver1,291025 MY Daryl Movexercise8 LP-Ver1 Image 003,0.78,,0.0,42.0,42.0,18.571429,-,-,-
2026-04-23,2026-04-23,291025 MY Daryl Movexercise8 LEADS,291025 MY Daryl Movexercise8 LP-Ver1,291025 MY Daryl Movexercise8 LP-Ver1 Video 003,212.17,11.0,222.0,11095.0,10522.0,19.123028,Below average - Bottom 35% of ads,Average,Above average
2026-04-24,2026-04-24,291025 MY Daryl Movexercise8 LEADS,291025 MY Daryl Movexercise8 LP-Ver1,070426 MY Daryl M8 LP-Ver1 Video Hook  003,18.25,3.0,26.0,584.0,577.0,31.25,-,-,-
2026-04-24,2026-04-24,250226 MY Daryl Movexercise8 LEADS NEW,250226 MY Daryl Movexercise8 LP-Ver1,100326 MY Daryl M8 LP-Ver1 Video Hook 001,132.37,10.0,142.0,5363.0,5050.0,24.682081,Average,Above average,Above average
2026-04-24,2026-04-24,291025 MY Daryl Movexercise8 LEADS,100326 MY Daryl M8 LP-Ver1  (Early Childhood),100326 MY Daryl M8 LP-Ver1 Video Script 007,4.46,,6.0,185.0,181.0,24.108108,-,-,-
2026-04-24,2026-04-24,250226 MY Daryl Movexercise8 LEADS NEW,250226 MY Daryl Movexercise8 LP-Ver1,120326 MY Daryl M8 LP-Ver1 Video Hook 004,0.83,,0.0,3.0,3.0,276.666667,-,-,-
2026-04-24,2026-04-24,291025 MY Daryl Movexercise8 LEADS,291025 MY Daryl Movexercise8 LP-Ver1,140426 MY Daryl M8 LP-Ver1 Video Hook 007,10.52,3.0,12.0,340.0,312.0,30.941176,-,-,-
2026-04-24,2026-04-24,291025 MY Daryl Movexercise8 LEADS,160426 MY Daryl M8 LP-Ver1  (Primary Education),160426 MY Daryl M8 LP-Ver1 Video 001,2.66,1.0,2.0,7.0,7.0,380.0,-,-,-
2026-04-24,2026-04-24,291025 MY Daryl Movexercise8 LEADS,160426 MY Daryl M8 LP-Ver1  (Primary Education),200426 MY Daryl M8 LP-Ver1 Video Hook 002,74.03,5.0,79.0,2211.0,2072.0,33.482587,-,-,-
2026-04-24,2026-04-24,291025 MY Daryl Movexercise8 LEADS,100326 MY Daryl M8 LP-Ver1  (Early Childhood),200426 MY Daryl M8 LP-Ver1 Video Hook 004,58.74,2.0,97.0,2572.0,2424.0,22.838258,Below average - Bottom 35% of ads,Above average,Above average
2026-04-24,2026-04-24,291025 MY Daryl Movexercise8 LEADS,291025 MY Daryl Movexercise8 LP-Ver1,291025 MY Daryl Movexercise8 LP-Ver1 Video 003,204.51,10.0,194.0,9382.0,8744.0,21.798124,Below average - Bottom 35% of ads,Average,Above average
2026-04-25,2026-04-25,291025 MY Daryl Movexercise8 LEADS,291025 MY Daryl Movexercise8 LP-Ver1,070426 MY Daryl M8 LP-Ver1 Video Hook  003,3.72,1.0,3.0,143.0,140.0,26.013986,-,-,-
2026-04-25,2026-04-25,291025 MY Daryl Movexercise8 LEADS,100326 MY Daryl M8 LP-Ver1  (Early Childhood),100326 MY Daryl M8 LP-Ver1 Video 001,3.02,,8.0,98.0,90.0,30.816327,-,-,-
2026-04-25,2026-04-25,250226 MY Daryl Movexercise8 LEADS NEW,250226 MY Daryl Movexercise8 LP-Ver1,100326 MY Daryl M8 LP-Ver1 Video Hook 001,140.26,18.0,169.0,6004.0,5612.0,23.361093,Average,Average,Above average
2026-04-25,2026-04-25,291025 MY Daryl Movexercise8 LEADS,100326 MY Daryl M8 LP-Ver1  (Early Childhood),100326 MY Daryl M8 LP-Ver1 Video Script 007,2.49,,2.0,84.0,83.0,29.642857,-,-,-
2026-04-25,2026-04-25,291025 MY Daryl Movexercise8 LEADS,160426 MY Daryl M8 LP-Ver1  (Primary Education),160426 MY Daryl M8 LP-Ver1 Video 001,0.44,,0.0,15.0,14.0,29.333333,-,-,-
2026-04-25,2026-04-25,250226 MY Daryl Movexercise8 LEADS NEW,250226 MY Daryl Movexercise8 LP-Ver1,160426 MY Daryl M8 Retargeting 003,0.61,,2.0,21.0,19.0,29.047619,-,-,-
2026-04-25,2026-04-25,291025 MY Daryl Movexercise8 LEADS,160426 MY Daryl M8 LP-Ver1  (Primary Education),200426 MY Daryl M8 LP-Ver1 Video Hook 002,46.82,1.0,79.0,1634.0,1567.0,28.653611,-,-,-
2026-04-25,2026-04-25,291025 MY Daryl Movexercise8 LEADS,100326 MY Daryl M8 LP-Ver1  (Early Childhood),200426 MY Daryl M8 LP-Ver1 Video Hook 004,40.5,5.0,66.0,1768.0,1744.0,22.90724,Below average - Bottom 35% of ads,Above average,Above average
2026-04-25,2026-04-25,250226 MY Daryl Movexercise8 LEADS NEW,250226 MY Daryl Movexercise8 LP-Ver1,250226 MY Daryl M8 LP-Ver1 Video Hook 002,0.21,,0.0,1.0,1.0,210.0,-,-,-
2026-04-25,2026-04-25,291025 MY Daryl Movexercise8 LEADS,291025 MY Daryl Movexercise8 LP-Ver1,291025 MY Daryl Movexercise8 LP-Ver1 Image 003,2.83,,2.0,135.0,121.0,20.962963,-,-,-
2026-04-25,2026-04-25,291025 MY Daryl Movexercise8 LEADS,291025 MY Daryl Movexercise8 LP-Ver1,291025 MY Daryl Movexercise8 LP-Ver1 Video 003,165.58,13.0,187.0,8212.0,7881.0,20.163176,Below average - Bottom 35% of ads,Average,Above average
2026-04-26,2026-04-26,291025 MY Daryl Movexercise8 LEADS,291025 MY Daryl Movexercise8 LP-Ver1,070426 MY Daryl M8 LP-Ver1 Video Hook  003,10.47,1.0,10.0,281.0,273.0,37.259786,-,-,-
2026-04-26,2026-04-26,291025 MY Daryl Movexercise8 LEADS,100326 MY Daryl M8 LP-Ver1  (Early Childhood),100326 MY Daryl M8 LP-Ver1 Video 001,1.74,,2.0,50.0,49.0,34.8,-,-,-
2026-04-26,2026-04-26,250226 MY Daryl Movexercise8 LEADS NEW,250226 MY Daryl Movexercise8 LP-Ver1,100326 MY Daryl M8 LP-Ver1 Video Hook 001,169.88,11.0,206.0,7702.0,7523.0,22.056609,Average,Above average,Above average
2026-04-26,2026-04-26,291025 MY Daryl Movexercise8 LEADS,291025 MY Daryl Movexercise8 LP-Ver1,100326 MY Daryl M8 LP-Ver1 Video Script 007,41.14,,55.0,1446.0,1343.0,28.450899,Below average - Bottom 35% of ads,Above average,Above average
2026-04-26,2026-04-26,291025 MY Daryl Movexercise8 LEADS,291025 MY Daryl Movexercise8 LP-Ver1,140426 MY Daryl M8 LP-Ver1 Video Hook 007,1.14,,1.0,29.0,29.0,39.310345,-,-,-
2026-04-26,2026-04-26,250226 MY Daryl Movexercise8 LEADS NEW,250226 MY Daryl Movexercise8 LP-Ver1,160426 MY Daryl M8 Retargeting 003,0.07,,0.0,3.0,3.0,23.333333,-,-,-
2026-04-26,2026-04-26,291025 MY Daryl Movexercise8 LEADS,160426 MY Daryl M8 LP-Ver1  (Primary Education),200426 MY Daryl M8 LP-Ver1 Video Hook 002,75.41,3.0,90.0,2597.0,2416.0,29.037351,-,-,-
2026-04-26,2026-04-26,291025 MY Daryl Movexercise8 LEADS,100326 MY Daryl M8 LP-Ver1  (Early Childhood),200426 MY Daryl M8 LP-Ver1 Video Hook 004,65.68,3.0,55.0,2155.0,2019.0,30.477958,Below average - Bottom 35% of ads,Above average,Above average
2026-04-26,2026-04-26,250226 MY Daryl Movexercise8 LEADS NEW,250226 MY Daryl Movexercise8 LP-Ver1,250226 MY Daryl M8 LP-Ver1 Video Hook 002,0.0,,0.0,1.0,1.0,0.0,-,-,-
2026-04-26,2026-04-26,291025 MY Daryl Movexercise8 LEADS,291025 MY Daryl Movexercise8 LP-Ver1,291025 MY Daryl Movexercise8 LP-Ver1 Image 003,0.96,,2.0,32.0,30.0,30.0,-,-,-
2026-04-26,2026-04-26,291025 MY Daryl Movexercise8 LEADS,291025 MY Daryl Movexercise8 LP-Ver1,291025 MY Daryl Movexercise8 LP-Ver1 Video 003,190.93,10.0,223.0,9036.0,8514.0,21.129925,Below average - Bottom 35% of ads,Average,Above average
2026-04-27,2026-04-27,291025 MY Daryl Movexercise8 LEADS,291025 MY Daryl Movexercise8 LP-Ver1,070426 MY Daryl M8 LP-Ver1 Video Hook  003,19.57,,11.0,594.0,552.0,32.946128,-,-,-
2026-04-27,2026-04-27,291025 MY Daryl Movexercise8 LEADS,100326 MY Daryl M8 LP-Ver1  (Early Childhood),100326 MY Daryl M8 LP-Ver1 Video 001,0.47,,0.0,26.0,25.0,18.076923,-,-,-
2026-04-27,2026-04-27,250226 MY Daryl Movexercise8 LEADS NEW,250226 MY Daryl Movexercise8 LP-Ver1,100326 MY Daryl M8 LP-Ver1 Video Hook 001,145.61,11.0,192.0,6987.0,6555.0,20.840132,-,-,-
2026-04-27,2026-04-27,291025 MY Daryl Movexercise8 LEADS,100326 MY Daryl M8 LP-Ver1  (Early Childhood),100326 MY Daryl M8 LP-Ver1 Video Script 007,1.47,,3.0,50.0,50.0,29.4,-,-,-
2026-04-27,2026-04-27,250226 MY Daryl Movexercise8 LEADS NEW,250226 MY Daryl Movexercise8 LP-Ver1,120326 MY Daryl M8 LP-Ver1 Video Hook 004,0.31,,0.0,8.0,8.0,38.75,-,-,-
2026-04-27,2026-04-27,291025 MY Daryl Movexercise8 LEADS,291025 MY Daryl Movexercise8 LP-Ver1,140426 MY Daryl M8 LP-Ver1 Video Hook 007,5.48,1.0,9.0,232.0,219.0,23.62069,-,-,-
2026-04-27,2026-04-27,250226 MY Daryl Movexercise8 LEADS NEW,250226 MY Daryl Movexercise8 LP-Ver1,160426 MY Daryl M8 Retargeting 003,0.0,,0.0,1.0,1.0,0.0,-,-,-
2026-04-27,2026-04-27,291025 MY Daryl Movexercise8 LEADS,160426 MY Daryl M8 LP-Ver1  (Primary Education),200426 MY Daryl M8 LP-Ver1 Video Hook 002,0.09,,0.0,4.0,4.0,22.5,-,-,-
2026-04-27,2026-04-27,291025 MY Daryl Movexercise8 LEADS,100326 MY Daryl M8 LP-Ver1  (Early Childhood),200426 MY Daryl M8 LP-Ver1 Video Hook 004,58.11,3.0,65.0,2284.0,2181.0,25.442207,-,-,-
2026-04-27,2026-04-27,291025 MY Daryl Movexercise8 LEADS,291025 MY Daryl Movexercise8 LP-Ver1,291025 MY Daryl Movexercise8 LP-Ver1 Image 003,0.17,,0.0,11.0,11.0,15.454545,-,-,-
2026-04-27,2026-04-27,291025 MY Daryl Movexercise8 LEADS,291025 MY Daryl Movexercise8 LP-Ver1,291025 MY Daryl Movexercise8 LP-Ver1 Video 003,138.22,15.0,198.0,7146.0,6672.0,19.342289,-,-,-
2026-04-28,2026-04-28,291025 MY Daryl Movexercise8 LEADS,291025 MY Daryl Movexercise8 LP-Ver1,070426 MY Daryl M8 LP-Ver1 Video Hook  003,20.66,1.0,18.0,525.0,503.0,39.352381,-,-,-
2026-04-28,2026-04-28,291025 MY Daryl Movexercise8 LEADS,100326 MY Daryl M8 LP-Ver1  (Early Childhood),100326 MY Daryl M8 LP-Ver1 Video 001,1.11,,0.0,54.0,51.0,20.555556,-,-,-
2026-04-28,2026-04-28,250226 MY Daryl Movexercise8 LEADS NEW,250226 MY Daryl Movexercise8 LP-Ver1,100326 MY Daryl M8 LP-Ver1 Video Hook 001,150.86,9.0,161.0,7062.0,6755.0,21.36222,-,-,-
2026-04-28,2026-04-28,291025 MY Daryl Movexercise8 LEADS,291025 MY Daryl Movexercise8 LP-Ver1,100326 MY Daryl M8 LP-Ver1 Video Script 007,21.62,1.0,38.0,823.0,772.0,26.269745,-,-,-
2026-04-28,2026-04-28,250226 MY Daryl Movexercise8 LEADS NEW,250226 MY Daryl Movexercise8 LP-Ver1,120326 MY Daryl M8 LP-Ver1 Video Hook 004,0.07,,0.0,5.0,5.0,14.0,-,-,-
2026-04-28,2026-04-28,250226 MY Daryl Movexercise8 LEADS NEW,250226 MY Daryl Movexercise8 LP-Ver1,160426 MY Daryl M8 Retargeting 003,0.03,,0.0,2.0,2.0,15.0,-,-,-
2026-04-28,2026-04-28,291025 MY Daryl Movexercise8 LEADS,100326 MY Daryl M8 LP-Ver1  (Early Childhood),200426 MY Daryl M8 LP-Ver1 Video Hook 004,71.83,7.0,71.0,2434.0,2297.0,29.511093,-,-,-
2026-04-28,2026-04-28,291025 MY Daryl Movexercise8 LEADS,291025 MY Daryl Movexercise8 LP-Ver1,291025 MY Daryl Movexercise8 LP-Ver1 Image 003,1.44,,1.0,49.0,44.0,29.387755,-,-,-
2026-04-28,2026-04-28,291025 MY Daryl Movexercise8 LEADS,291025 MY Daryl Movexercise8 LP-Ver1,291025 MY Daryl Movexercise8 LP-Ver1 Video 003,268.5,15.0,275.0,13070.0,12068.0,20.543229,-,-,-
2026-04-29,2026-04-29,291025 MY Daryl Movexercise8 LEADS,291025 MY Daryl Movexercise8 LP-Ver1,070426 MY Daryl M8 LP-Ver1 Video Hook  003,18.34,1.0,37.0,677.0,619.0,27.090103,Below average - Bottom 35% of ads,Above average,Above average
2026-04-29,2026-04-29,250226 MY Daryl Movexercise8 LEADS NEW,250226 MY Daryl Movexercise8 LP-Ver1,100326 MY Daryl M8 LP-Ver1 Video Hook 001,150.59,12.0,195.0,7118.0,6687.0,21.156224,Average,Above average,Above average
2026-04-29,2026-04-29,291025 MY Daryl Movexercise8 LEADS,100326 MY Daryl M8 LP-Ver1  (Early Childhood),100326 MY Daryl M8 LP-Ver1 Video Script 007,1.1,,2.0,37.0,36.0,29.72973,-,-,-
2026-04-29,2026-04-29,250226 MY Daryl Movexercise8 LEADS NEW,250226 MY Daryl Movexercise8 LP-Ver1,120326 MY Daryl M8 LP-Ver1 Video Hook 004,0.01,,0.0,1.0,1.0,10.0,-,-,-
2026-04-29,2026-04-29,291025 MY Daryl Movexercise8 LEADS,291025 MY Daryl Movexercise8 LP-Ver1,140426 MY Daryl M8 LP-Ver1 Video Hook 007,8.84,1.0,12.0,285.0,270.0,31.017544,-,-,-
2026-04-29,2026-04-29,291025 MY Daryl Movexercise8 LEADS,100326 MY Daryl M8 LP-Ver1  (Early Childhood),200426 MY Daryl M8 LP-Ver1 Video Hook 004,69.55,4.0,64.0,2431.0,2219.0,28.609626,-,-,-
2026-04-29,2026-04-29,291025 MY Daryl Movexercise8 LEADS,291025 MY Daryl Movexercise8 LP-Ver1,291025 MY Daryl Movexercise8 LP-Ver1 Video 003,156.97,6.0,173.0,7910.0,7715.0,19.844501,Below average - Bottom 35% of ads,Above average,Above average
2026-04-30,2026-04-30,250226 MY Daryl Movexercise8 LEADS NEW,250226 MY Daryl Movexercise8 LP-Ver1,100326 MY Daryl M8 LP-Ver1 Video Hook 001,0.0,,0.0,0.0,0.0,,-,-,-
2026-04-30,2026-04-30,300426 MY Daryl M8 LEADS Andromeda,300426 MY Daryl M8 Leads,300426 MY Daryl M8 Image 012,73.26,,116.0,2817.0,2511.0,26.00639,Average,Above average,Above average
2026-04-30,2026-04-30,300426 MY Daryl M8 LEADS Andromeda,300426 MY Daryl M8 Leads,300426 MY Daryl M8 Image 013,3.35,,2.0,113.0,100.0,29.646018,-,-,-
2026-04-30,2026-04-30,300426 MY Daryl M8 LEADS Andromeda,300426 MY Daryl M8 Leads,300426 MY Daryl M8 Image 014,362.81,17.0,691.0,18423.0,15008.0,19.693318,Average,Above average,Above average
2026-04-30,2026-04-30,300426 MY Daryl M8 LEADS Andromeda,300426 MY Daryl M8 Leads,300426 MY Daryl M8 Retargeting 003,0.92,,2.0,46.0,38.0,20.0,-,-,-
2026-04-30,2026-04-30,300426 MY Daryl M8 LEADS Andromeda,300426 MY Daryl M8 Leads,300426 MY Daryl M8 Video 002,3.36,,5.0,118.0,110.0,28.474576,-,-,-
2026-04-30,2026-04-30,300426 MY Daryl M8 LEADS Andromeda,300426 MY Daryl M8 Leads,300426 MY Daryl M8 Video 003,16.23,,21.0,659.0,650.0,24.628225,Average,Average,Above average
2026-04-30,2026-04-30,300426 MY Daryl M8 LEADS Andromeda,300426 MY Daryl M8 Leads,300426 MY Daryl M8 Video 005,4.11,,4.0,112.0,107.0,36.696429,-,-,-
2026-04-30,2026-04-30,300426 MY Daryl M8 LEADS Andromeda,300426 MY Daryl M8 Leads,300426 MY Daryl M8 Video 007,10.55,1.0,18.0,378.0,355.0,27.910053,-,-,-
2026-04-30,2026-04-30,300426 MY Daryl M8 LEADS Andromeda,300426 MY Daryl M8 Leads,"300426 MY Daryl M8 Video 3,5,2",6.92,,4.0,232.0,209.0,29.827586,-,-,-
2026-04-30,2026-04-30,300426 MY Daryl M8 LEADS Andromeda,300426 MY Daryl M8 Leads,"300426 MY Daryl M8 Video 5,1,2",2.81,1.0,5.0,157.0,141.0,17.898089,-,-,-
2026-04-30,2026-04-30,300426 MY Daryl M8 LEADS Andromeda,300426 MY Daryl M8 Leads,300426 MY Daryl M8 Video Hook 003,3.22,1.0,6.0,121.0,109.0,26.61157,-,-,-
2026-04-30,2026-04-30,300426 MY Daryl M8 LEADS Andromeda,300426 MY Daryl M8 Leads,300426 MY Daryl M8 Video Hook 004,1.27,,0.0,40.0,37.0,31.75,-,-,-
2026-04-30,2026-04-30,300426 MY Daryl M8 LEADS Andromeda,300426 MY Daryl M8 Leads,300426 MY Daryl M8 Video Hook 007,1.9,,6.0,88.0,74.0,21.590909,-,-,-
2026-05-01,2026-05-01,010526 MY Daryl M8 LEADS ABO Test,010526 MY Daryl M8 Leads ABO Test,010526 MY Daryl M8 Image 012,31.87,3.0,40.0,1292.0,1157.0,24.667183,Average,Above average,Above average
2026-05-01,2026-05-01,300426 MY Daryl M8 LEADS Andromeda,300426 MY Daryl M8 Leads,300426 MY Daryl M8 Image 013,2.22,,4.0,92.0,76.0,24.130435,-,-,-
2026-05-01,2026-05-01,300426 MY Daryl M8 LEADS Andromeda,300426 MY Daryl M8 Leads,300426 MY Daryl M8 Image 014,178.38,10.0,336.0,10070.0,8777.0,17.714002,Average,Above average,Above average
2026-05-01,2026-05-01,300426 MY Daryl M8 LEADS Andromeda,300426 MY Daryl M8 Leads,300426 MY Daryl M8 Retargeting 003,1.24,,0.0,40.0,39.0,31.0,-,-,-
2026-05-01,2026-05-01,300426 MY Daryl M8 LEADS Andromeda,300426 MY Daryl M8 Leads,300426 MY Daryl M8 Video 002,26.93,4.0,31.0,844.0,825.0,31.907583,-,-,-
2026-05-01,2026-05-01,300426 MY Daryl M8 LEADS Andromeda,300426 MY Daryl M8 Leads,300426 MY Daryl M8 Video 003,41.57,1.0,42.0,1479.0,1358.0,28.106829,Average,Above average,Above average
2026-05-01,2026-05-01,300426 MY Daryl M8 LEADS Andromeda,300426 MY Daryl M8 Leads,300426 MY Daryl M8 Video 005,8.05,,8.0,260.0,244.0,30.961538,-,-,-
2026-05-01,2026-05-01,300426 MY Daryl M8 LEADS Andromeda,300426 MY Daryl M8 Leads,300426 MY Daryl M8 Video 007,49.86,3.0,84.0,2133.0,2002.0,23.375527,Average,Above average,Above average
2026-05-01,2026-05-01,300426 MY Daryl M8 LEADS Andromeda,300426 MY Daryl M8 Leads,"300426 MY Daryl M8 Video 3,5,2",0.29,,0.0,19.0,18.0,15.263158,-,-,-
2026-05-01,2026-05-01,300426 MY Daryl M8 LEADS Andromeda,300426 MY Daryl M8 Leads,"300426 MY Daryl M8 Video 5,1,2",16.93,,19.0,695.0,604.0,24.359712,Average,Above average,Above average
2026-05-01,2026-05-01,300426 MY Daryl M8 LEADS Andromeda,300426 MY Daryl M8 Leads,300426 MY Daryl M8 Video Hook 003,8.69,,9.0,270.0,257.0,32.185185,-,-,-
2026-05-01,2026-05-01,300426 MY Daryl M8 LEADS Andromeda,300426 MY Daryl M8 Leads,300426 MY Daryl M8 Video Hook 004,4.04,1.0,3.0,132.0,120.0,30.606061,-,-,-
2026-05-01,2026-05-01,300426 MY Daryl M8 LEADS Andromeda,300426 MY Daryl M8 Leads,300426 MY Daryl M8 Video Hook 007,19.1,3.0,19.0,579.0,537.0,32.98791,Below average - Bottom 35% of ads,Average,Above average
2026-05-02,2026-05-02,010526 MY Daryl M8 LEADS ABO Test,010526 MY Daryl M8 Leads ABO Test,010526 MY Daryl M8 Image 012,25.68,1.0,36.0,1058.0,972.0,24.272212,Average,Average,Above average
2026-05-02,2026-05-02,010526 MY Daryl M8 LEADS ABO Test,020526 MY Daryl M8 Leads ABO Test Video 003,020526 MY Daryl M8 Video 003,34.28,4.0,39.0,1001.0,956.0,34.245754,Below average - Bottom 35% of ads,Average,Above average
2026-05-02,2026-05-02,300426 MY Daryl M8 LEADS Andromeda,300426 MY Daryl M8 Leads,300426 MY Daryl M8 Image 013,2.13,,3.0,93.0,91.0,22.903226,-,-,-
2026-05-02,2026-05-02,300426 MY Daryl M8 LEADS Andromeda,300426 MY Daryl M8 Leads,300426 MY Daryl M8 Image 014,168.57,2.0,257.0,7506.0,7124.0,22.458034,Average,Above average,Above average
2026-05-02,2026-05-02,300426 MY Daryl M8 LEADS Andromeda,300426 MY Daryl M8 Leads,300426 MY Daryl M8 Retargeting 003,0.47,1.0,2.0,29.0,27.0,16.206897,-,-,-
2026-05-02,2026-05-02,300426 MY Daryl M8 LEADS Andromeda,300426 MY Daryl M8 Leads,300426 MY Daryl M8 Video 002,12.39,1.0,16.0,451.0,424.0,27.472284,-,-,-
2026-05-02,2026-05-02,300426 MY Daryl M8 LEADS Andromeda,300426 MY Daryl M8 Leads,300426 MY Daryl M8 Video 005,8.87,,8.0,303.0,300.0,29.273927,-,-,-
2026-05-02,2026-05-02,300426 MY Daryl M8 LEADS Andromeda,300426 MY Daryl M8 Leads,300426 MY Daryl M8 Video 007,109.92,10.0,126.0,3947.0,3686.0,27.848999,Average,Above average,Above average
2026-05-02,2026-05-02,300426 MY Daryl M8 LEADS Andromeda,300426 MY Daryl M8 Leads,"300426 MY Daryl M8 Video 3,5,2",0.4,,1.0,12.0,12.0,33.333333,-,-,-
2026-05-02,2026-05-02,300426 MY Daryl M8 LEADS Andromeda,300426 MY Daryl M8 Leads,"300426 MY Daryl M8 Video 5,1,2",0.11,,0.0,9.0,9.0,12.222222,-,-,-
2026-05-02,2026-05-02,300426 MY Daryl M8 LEADS Andromeda,300426 MY Daryl M8 Leads,300426 MY Daryl M8 Video Hook 003,6.24,1.0,7.0,186.0,179.0,33.548387,-,-,-
2026-05-02,2026-05-02,300426 MY Daryl M8 LEADS Andromeda,300426 MY Daryl M8 Leads,300426 MY Daryl M8 Video Hook 004,0.28,,0.0,6.0,6.0,46.666667,-,-,-
2026-05-02,2026-05-02,300426 MY Daryl M8 LEADS Andromeda,300426 MY Daryl M8 Leads,300426 MY Daryl M8 Video Hook 007,42.61,2.0,37.0,1255.0,1189.0,33.952191,Average,Average,Above average
2026-05-03,2026-05-03,010526 MY Daryl M8 LEADS ABO Test,010526 MY Daryl M8 Leads ABO Test,010526 MY Daryl M8 Image 012,27.18,2.0,57.0,1391.0,1290.0,19.539899,Average,Average,Above average
2026-05-03,2026-05-03,010526 MY Daryl M8 LEADS ABO Test,020526 MY Daryl M8 Leads ABO Test Video 003,020526 MY Daryl M8 Video 003,36.21,,23.0,1210.0,1145.0,29.92562,Below average - Bottom 35% of ads,Average,Above average
2026-05-03,2026-05-03,300426 MY Daryl M8 LEADS Andromeda,300426 MY Daryl M8 Leads,300426 MY Daryl M8 Image 013,0.26,,2.0,16.0,15.0,16.25,-,-,-
2026-05-03,2026-05-03,300426 MY Daryl M8 LEADS Andromeda,300426 MY Daryl M8 Leads,300426 MY Daryl M8 Video 002,53.49,4.0,61.0,1704.0,1666.0,31.390845,-,-,-
2026-05-03,2026-05-03,300426 MY Daryl M8 LEADS Andromeda,300426 MY Daryl M8 Leads,300426 MY Daryl M8 Video 005,2.48,,1.0,83.0,80.0,29.879518,-,-,-
2026-05-03,2026-05-03,300426 MY Daryl M8 LEADS Andromeda,300426 MY Daryl M8 Leads,300426 MY Daryl M8 Video 007,297.2,13.0,338.0,10155.0,9537.0,29.266371,Average,Above average,Above average
2026-05-03,2026-05-03,300426 MY Daryl M8 LEADS Andromeda,300426 MY Daryl M8 Leads,"300426 MY Daryl M8 Video 5,1,2",0.94,,1.0,33.0,33.0,28.484848,-,-,-
2026-05-03,2026-05-03,300426 MY Daryl M8 LEADS Andromeda,300426 MY Daryl M8 Leads,300426 MY Daryl M8 Video Hook 003,2.47,,1.0,83.0,83.0,29.759036,-,-,-
2026-05-03,2026-05-03,300426 MY Daryl M8 LEADS Andromeda,300426 MY Daryl M8 Leads,300426 MY Daryl M8 Video Hook 004,1.5,,0.0,43.0,40.0,34.883721,-,-,-
2026-05-03,2026-05-03,300426 MY Daryl M8 LEADS Andromeda,300426 MY Daryl M8 Leads,300426 MY Daryl M8 Video Hook 007,74.41,4.0,81.0,2563.0,2422.0,29.032384,Below average - Bottom 35% of ads,Average,Above average
2026-05-04,2026-05-04,010526 MY Daryl M8 LEADS ABO Test,010526 MY Daryl M8 Leads ABO Test,010526 MY Daryl M8 Image 012,28.49,2.0,44.0,1687.0,1575.0,16.887967,-,-,-
2026-05-04,2026-05-04,010526 MY Daryl M8 LEADS ABO Test,020526 MY Daryl M8 Leads ABO Test Video 003,020526 MY Daryl M8 Video 003,35.77,4.0,34.0,1236.0,1154.0,28.940129,-,-,-
2026-05-04,2026-05-04,010526 MY Daryl M8 LEADS ABO Test,040526 MY Daryl M8 Test Image 014,040526 MY Daryl M8 Image 014,35.58,1.0,67.0,1717.0,1522.0,20.72219,-,-,-
2026-05-04,2026-05-04,010526 MY Daryl M8 LEADS ABO Test,040526 MY Daryl M8 Test Video Hook 2,040526 MY Daryl M8 Video Hook 002,27.29,3.0,29.0,574.0,484.0,47.543554,-,-,-
2026-05-04,2026-05-04,300426 MY Daryl M8 LEADS Andromeda,300426 MY Daryl M8 Leads,300426 MY Daryl M8 Image 013,1.3,,4.0,74.0,64.0,17.567568,-,-,-
2026-05-04,2026-05-04,300426 MY Daryl M8 LEADS Andromeda,300426 MY Daryl M8 Leads,300426 MY Daryl M8 Retargeting 003,0.81,,2.0,30.0,30.0,27.0,-,-,-
2026-05-04,2026-05-04,300426 MY Daryl M8 LEADS Andromeda,300426 MY Daryl M8 Leads,300426 MY Daryl M8 Video 002,70.28,6.0,75.0,2281.0,2181.0,30.811048,-,-,-
2026-05-04,2026-05-04,300426 MY Daryl M8 LEADS Andromeda,300426 MY Daryl M8 Leads,300426 MY Daryl M8 Video 007,146.39,9.0,173.0,4828.0,4628.0,30.321044,Below average - Bottom 35% of ads,Above average,Above average
2026-05-04,2026-05-04,300426 MY Daryl M8 LEADS Andromeda,300426 MY Daryl M8 Leads,"300426 MY Daryl M8 Video 3,5,2",0.03,,1.0,4.0,4.0,7.5,-,-,-
2026-05-04,2026-05-04,300426 MY Daryl M8 LEADS Andromeda,300426 MY Daryl M8 Leads,300426 MY Daryl M8 Video Hook 003,24.91,1.0,25.0,849.0,803.0,29.3404,-,-,-
2026-05-04,2026-05-04,300426 MY Daryl M8 LEADS Andromeda,300426 MY Daryl M8 Leads,300426 MY Daryl M8 Video Hook 004,0.27,,1.0,14.0,14.0,19.285714,-,-,-
2026-05-04,2026-05-04,300426 MY Daryl M8 LEADS Andromeda,300426 MY Daryl M8 Leads,300426 MY Daryl M8 Video Hook 007,121.56,9.0,110.0,3858.0,3638.0,31.508554,-,-,-
2026-05-05,2026-05-05,010526 MY Daryl M8 LEADS ABO Test,010526 MY Daryl M8 Leads ABO Test,010526 MY Daryl M8 Image 012,28.48,1.0,38.0,1574.0,1456.0,18.094028,Average,Average,Above average
2026-05-05,2026-05-05,010526 MY Daryl M8 LEADS ABO Test,020526 MY Daryl M8 Leads ABO Test Video 003,020526 MY Daryl M8 Video 003,35.98,2.0,39.0,1087.0,1063.0,33.100276,Below average - Bottom 35% of ads,Average,Above average
2026-05-05,2026-05-05,010526 MY Daryl M8 LEADS ABO Test,040526 MY Daryl M8 Test Image 014,040526 MY Daryl M8 Image 014,35.68,2.0,78.0,1761.0,1652.0,20.261215,Average,Above average,Above average
2026-05-05,2026-05-05,010526 MY Daryl M8 LEADS ABO Test,040526 MY Daryl M8 Test Video Hook 2,040526 MY Daryl M8 Video Hook 002,24.96,,21.0,613.0,546.0,40.717781,-,-,-
2026-05-05,2026-05-05,300426 MY Daryl M8 LEADS Andromeda,300426 MY Daryl M8 Leads,300426 MY Daryl M8 Video 002,68.45,7.0,71.0,2217.0,2161.0,30.875056,-,-,-
2026-05-05,2026-05-05,300426 MY Daryl M8 LEADS Andromeda,300426 MY Daryl M8 Leads,300426 MY Daryl M8 Video 007,179.75,9.0,187.0,5672.0,5303.0,31.690762,Average,Above average,Above average
2026-05-05,2026-05-05,300426 MY Daryl M8 LEADS Andromeda,300426 MY Daryl M8 Leads,"300426 MY Daryl M8 Video 5,1,2",0.04,,0.0,2.0,2.0,20.0,-,-,-
2026-05-05,2026-05-05,300426 MY Daryl M8 LEADS Andromeda,300426 MY Daryl M8 Leads,300426 MY Daryl M8 Video Hook 003,32.63,3.0,44.0,1113.0,1034.0,29.317161,Below average - Bottom 35% of ads,Above average,Above average
2026-05-05,2026-05-05,300426 MY Daryl M8 LEADS Andromeda,300426 MY Daryl M8 Leads,300426 MY Daryl M8 Video Hook 007,64.14,,50.0,1940.0,1855.0,33.061856,Below average - Bottom 35% of ads,Average,Above average
2026-05-06,2026-05-06,010526 MY Daryl M8 LEADS ABO Test,010526 MY Daryl M8 Leads ABO Test,010526 MY Daryl M8 Image 012,28.18,1.0,52.0,1684.0,1552.0,16.733967,Average,Average,Above average
2026-05-06,2026-05-06,010526 MY Daryl M8 LEADS ABO Test,020526 MY Daryl M8 Leads ABO Test Video 003,020526 MY Daryl M8 Video 003,33.11,3.0,36.0,1169.0,1140.0,28.323353,Below average - Bottom 35% of ads,Average,Above average
2026-05-06,2026-05-06,010526 MY Daryl M8 LEADS ABO Test,040526 MY Daryl M8 Test Image 014,040526 MY Daryl M8 Image 014,37.02,3.0,60.0,1761.0,1630.0,21.022147,Average,Above average,Above average
2026-05-06,2026-05-06,010526 MY Daryl M8 LEADS ABO Test,040526 MY Daryl M8 Test Video Hook 2,040526 MY Daryl M8 Video Hook 002,24.15,2.0,25.0,672.0,611.0,35.9375,-,-,-
2026-05-06,2026-05-06,300426 MY Daryl M8 LEADS Andromeda,300426 MY Daryl M8 Leads,300426 MY Daryl M8 Image 013,7.9,,9.0,255.0,235.0,30.980392,-,-,-
2026-05-06,2026-05-06,300426 MY Daryl M8 LEADS Andromeda,300426 MY Daryl M8 Leads,300426 MY Daryl M8 Retargeting 003,0.05,,0.0,2.0,2.0,25.0,-,-,-
2026-05-06,2026-05-06,300426 MY Daryl M8 LEADS Andromeda,300426 MY Daryl M8 Leads,300426 MY Daryl M8 Video 002,44.0,2.0,43.0,1579.0,1512.0,27.865738,-,-,-
2026-05-06,2026-05-06,300426 MY Daryl M8 LEADS Andromeda,300426 MY Daryl M8 Leads,300426 MY Daryl M8 Video 007,0.0,2.0,0.0,0.0,0.0,,-,-,-
2026-05-06,2026-05-06,300426 MY Daryl M8 LEADS Andromeda,300426 MY Daryl M8 Leads,"300426 MY Daryl M8 Video 3,5,2",0.33,,0.0,5.0,5.0,66.0,-,-,-
2026-05-06,2026-05-06,300426 MY Daryl M8 LEADS Andromeda,300426 MY Daryl M8 Leads,"300426 MY Daryl M8 Video 5,1,2",0.96,,0.0,57.0,53.0,16.842105,-,-,-
2026-05-06,2026-05-06,300426 MY Daryl M8 LEADS Andromeda,300426 MY Daryl M8 Leads,300426 MY Daryl M8 Video Hook 003,23.7,1.0,22.0,845.0,844.0,28.047337,Average,Above average,Above average
2026-05-06,2026-05-06,300426 MY Daryl M8 LEADS Andromeda,300426 MY Daryl M8 Leads,300426 MY Daryl M8 Video Hook 004,0.55,,0.0,18.0,18.0,30.555556,-,-,-
2026-05-06,2026-05-06,300426 MY Daryl M8 LEADS Andromeda,300426 MY Daryl M8 Leads,300426 MY Daryl M8 Video Hook 007,259.77,16.0,295.0,9586.0,8724.0,27.098894,Average,Average,Above average
2026-05-07,2026-05-07,010526 MY Daryl M8 LEADS ABO Test,010526 MY Daryl M8 Leads ABO Test,010526 MY Daryl M8 Image 012,25.01,,45.0,1500.0,1372.0,16.673333,Average,Average,Above average
2026-05-07,2026-05-07,010526 MY Daryl M8 LEADS ABO Test,020526 MY Daryl M8 Leads ABO Test Video 003,020526 MY Daryl M8 Video 003,34.62,2.0,27.0,1343.0,1258.0,25.778109,Average,Average,Above average
2026-05-07,2026-05-07,010526 MY Daryl M8 LEADS ABO Test,040526 MY Daryl M8 Test Image 014,040526 MY Daryl M8 Image 014,32.3,2.0,73.0,1826.0,1702.0,17.688938,Average,Average,Above average
2026-05-07,2026-05-07,010526 MY Daryl M8 LEADS ABO Test,040526 MY Daryl M8 Test Video Hook 2,040526 MY Daryl M8 Video Hook 002,24.9,1.0,14.0,520.0,495.0,47.884615,-,-,-
2026-05-07,2026-05-07,300426 MY Daryl M8 LEADS Andromeda,300426 MY Daryl M8 Leads,300426 MY Daryl M8 Image 013,0.0,,0.0,1.0,1.0,0.0,-,-,-
2026-05-07,2026-05-07,300426 MY Daryl M8 LEADS Andromeda,300426 MY Daryl M8 Leads,300426 MY Daryl M8 Retargeting 003,0.95,,4.0,46.0,42.0,20.652174,-,-,-
2026-05-07,2026-05-07,300426 MY Daryl M8 LEADS Andromeda,300426 MY Daryl M8 Leads,300426 MY Daryl M8 Video 002,0.0,,0.0,0.0,0.0,,-,-,-
2026-05-07,2026-05-07,300426 MY Daryl M8 LEADS Andromeda,300426 MY Daryl M8 Leads,300426 MY Daryl M8 Video 007,0.0,,0.0,0.0,0.0,,-,-,-
2026-05-07,2026-05-07,300426 MY Daryl M8 LEADS Andromeda,300426 MY Daryl M8 Leads,"300426 MY Daryl M8 Video 3,5,2",0.45,,0.0,34.0,33.0,13.235294,-,-,-
2026-05-07,2026-05-07,300426 MY Daryl M8 LEADS Andromeda,300426 MY Daryl M8 Leads,300426 MY Daryl M8 Video Hook 003,13.7,,23.0,548.0,526.0,25.0,-,-,-
2026-05-07,2026-05-07,300426 MY Daryl M8 LEADS Andromeda,300426 MY Daryl M8 Leads,300426 MY Daryl M8 Video Hook 007,325.14,22.0,334.0,11548.0,10500.0,28.155525,Average,Average,Above average
2026-05-08,2026-05-08,010526 MY Daryl M8 LEADS ABO Test,020526 MY Daryl M8 Leads ABO Test Video 003,020526 MY Daryl M8 Video 003,35.64,4.0,42.0,1459.0,1392.0,24.42769,Average,Average,Above average
2026-05-08,2026-05-08,010526 MY Daryl M8 LEADS ABO Test,040526 MY Daryl M8 Test Image 014,040526 MY Daryl M8 Image 014,0.0,,0.0,0.0,0.0,,-,-,-
2026-05-08,2026-05-08,010526 MY Daryl M8 LEADS ABO Test,040526 MY Daryl M8 Test Video Hook 2,040526 MY Daryl M8 Video Hook 002,24.49,2.0,20.0,671.0,597.0,36.497765,-,-,-
2026-05-08,2026-05-08,300426 MY Daryl M8 LEADS Andromeda,080526 MY Daryl M8 Leads Lookalike,080526 MY Daryl M8 LAL Image 013,14.42,1.0,29.0,662.0,547.0,21.782477,-,-,-
2026-05-08,2026-05-08,300426 MY Daryl M8 LEADS Andromeda,080526 MY Daryl M8 Leads Lookalike,080526 MY Daryl M8 LAL Retargeting 001 ver 2,3.55,,0.0,156.0,128.0,22.75641,-,-,-
2026-05-08,2026-05-08,300426 MY Daryl M8 LEADS Andromeda,080526 MY Daryl M8 Leads Lookalike,080526 MY Daryl M8 LAL Video 003,136.78,15.0,195.0,6251.0,5784.0,21.881299,Average,Average,Above average
2026-05-08,2026-05-08,300426 MY Daryl M8 LEADS Andromeda,300426 MY Daryl M8 Leads,300426 MY Daryl M8 Video 002,19.18,,15.0,621.0,608.0,30.885668,-,-,-
2026-05-08,2026-05-08,300426 MY Daryl M8 LEADS Andromeda,300426 MY Daryl M8 Leads,300426 MY Daryl M8 Video 007,0.0,,0.0,0.0,0.0,,-,-,-
2026-05-08,2026-05-08,300426 MY Daryl M8 LEADS Andromeda,300426 MY Daryl M8 Leads,"300426 MY Daryl M8 Video 3,5,2",0.0,,0.0,0.0,0.0,,-,-,-
2026-05-08,2026-05-08,300426 MY Daryl M8 LEADS Andromeda,300426 MY Daryl M8 Leads,"300426 MY Daryl M8 Video 5,1,2",0.2,,0.0,14.0,14.0,14.285714,-,-,-
2026-05-08,2026-05-08,300426 MY Daryl M8 LEADS Andromeda,300426 MY Daryl M8 Leads,300426 MY Daryl M8 Video Hook 004,1.14,,4.0,42.0,40.0,27.142857,-,-,-
2026-05-08,2026-05-08,300426 MY Daryl M8 LEADS Andromeda,300426 MY Daryl M8 Leads,300426 MY Daryl M8 Video Hook 007,183.55,11.0,211.0,6695.0,6444.0,27.415982,Below average - Bottom 35% of ads,Average,Above average
2026-05-09,2026-05-09,010526 MY Daryl M8 LEADS ABO Test,020526 MY Daryl M8 Leads ABO Test Video 003,020526 MY Daryl M8 Video 003,34.09,,37.0,1360.0,1303.0,25.066176,Average,Average,Above average
2026-05-09,2026-05-09,010526 MY Daryl M8 LEADS ABO Test,040526 MY Daryl M8 Test Video Hook 2,040526 MY Daryl M8 Video Hook 002,24.53,2.0,24.0,683.0,639.0,35.915081,Below average - Bottom 35% of ads,Average,Above average
2026-05-09,2026-05-09,300426 MY Daryl M8 LEADS Andromeda,080526 MY Daryl M8 Leads Lookalike,080526 MY Daryl M8 LAL Image 013,23.87,2.0,34.0,1273.0,1088.0,18.750982,-,-,-
2026-05-09,2026-05-09,300426 MY Daryl M8 LEADS Andromeda,080526 MY Daryl M8 Leads Lookalike,080526 MY Daryl M8 LAL Retargeting 001 ver 2,1.03,,1.0,43.0,42.0,23.953488,-,-,-
2026-05-09,2026-05-09,300426 MY Daryl M8 LEADS Andromeda,080526 MY Daryl M8 Leads Lookalike,080526 MY Daryl M8 LAL Video 003,108.98,13.0,127.0,4580.0,4357.0,23.79476,Average,Average,Above average
2026-05-09,2026-05-09,300426 MY Daryl M8 LEADS Andromeda,300426 MY Daryl M8 Leads,300426 MY Daryl M8 Retargeting 003,1.09,,1.0,27.0,25.0,40.37037,-,-,-
2026-05-09,2026-05-09,300426 MY Daryl M8 LEADS Andromeda,300426 MY Daryl M8 Leads,300426 MY Daryl M8 Video 002,0.62,,0.0,28.0,27.0,22.142857,-,-,-
2026-05-09,2026-05-09,300426 MY Daryl M8 LEADS Andromeda,300426 MY Daryl M8 Leads,"300426 MY Daryl M8 Video 3,5,2",0.3,,0.0,13.0,12.0,23.076923,-,-,-
2026-05-09,2026-05-09,300426 MY Daryl M8 LEADS Andromeda,300426 MY Daryl M8 Leads,300426 MY Daryl M8 Video Hook 003,4.37,2.0,5.0,140.0,137.0,31.214286,-,-,-
2026-05-09,2026-05-09,300426 MY Daryl M8 LEADS Andromeda,300426 MY Daryl M8 Leads,300426 MY Daryl M8 Video Hook 004,0.85,,2.0,40.0,37.0,21.25,-,-,-
2026-05-09,2026-05-09,300426 MY Daryl M8 LEADS Andromeda,300426 MY Daryl M8 Leads,300426 MY Daryl M8 Video Hook 007,145.44,17.0,185.0,5209.0,4744.0,27.920906,Below average - Bottom 35% of ads,Average,Above average
2026-05-10,2026-05-10,010526 MY Daryl M8 LEADS ABO Test,020526 MY Daryl M8 Leads ABO Test Video 003,020526 MY Daryl M8 Video 003,38.29,2.0,37.0,1624.0,1597.0,23.577586,Average,Average,Above average
2026-05-10,2026-05-10,010526 MY Daryl M8 LEADS ABO Test,040526 MY Daryl M8 Test Image 014,040526 MY Daryl M8 Image 014,0.0,1.0,0.0,0.0,0.0,,-,-,-
2026-05-10,2026-05-10,010526 MY Daryl M8 LEADS ABO Test,040526 MY Daryl M8 Test Video Hook 2,040526 MY Daryl M8 Video Hook 002,26.24,6.0,30.0,873.0,811.0,30.057274,Average,Average,Above average
2026-05-10,2026-05-10,300426 MY Daryl M8 LEADS Andromeda,080526 MY Daryl M8 Leads Lookalike,080526 MY Daryl M8 LAL Image 013,0.83,,0.0,55.0,52.0,15.090909,-,-,-
2026-05-10,2026-05-10,300426 MY Daryl M8 LEADS Andromeda,080526 MY Daryl M8 Leads Lookalike,080526 MY Daryl M8 LAL Video 003,169.33,10.0,209.0,7163.0,6822.0,23.639537,Average,Average,Above average
2026-05-10,2026-05-10,300426 MY Daryl M8 LEADS Andromeda,300426 MY Daryl M8 Leads,300426 MY Daryl M8 Video 002,1.45,,1.0,77.0,76.0,18.831169,-,-,-
2026-05-10,2026-05-10,300426 MY Daryl M8 LEADS Andromeda,300426 MY Daryl M8 Leads,"300426 MY Daryl M8 Video 5,1,2",0.07,,1.0,6.0,6.0,11.666667,-,-,-
2026-05-10,2026-05-10,300426 MY Daryl M8 LEADS Andromeda,300426 MY Daryl M8 Leads,300426 MY Daryl M8 Video Hook 007,206.28,19.0,256.0,8404.0,7872.0,24.545455,Average,Average,Above average
2026-05-11,2026-05-11,010526 MY Daryl M8 LEADS ABO Test,020526 MY Daryl M8 Leads ABO Test Video 003,020526 MY Daryl M8 Video 003,35.03,2.0,56.0,1576.0,1541.0,22.227157,Average,Average,Above average
2026-05-11,2026-05-11,010526 MY Daryl M8 LEADS ABO Test,040526 MY Daryl M8 Test Video Hook 2,040526 MY Daryl M8 Video Hook 002,27.01,3.0,40.0,1044.0,975.0,25.871648,Average,Average,Above average
2026-05-11,2026-05-11,300426 MY Daryl M8 LEADS Andromeda,080526 MY Daryl M8 Leads Lookalike,080526 MY Daryl M8 LAL Image 013,13.78,,19.0,835.0,717.0,16.502994,-,-,-
2026-05-11,2026-05-11,300426 MY Daryl M8 LEADS Andromeda,080526 MY Daryl M8 Leads Lookalike,080526 MY Daryl M8 LAL Retargeting 001 ver 2,0.03,,0.0,3.0,3.0,10.0,-,-,-
2026-05-11,2026-05-11,300426 MY Daryl M8 LEADS Andromeda,080526 MY Daryl M8 Leads Lookalike,080526 MY Daryl M8 LAL Video 003,146.74,13.0,163.0,6523.0,6027.0,22.495784,Average,Above average,Above average
2026-05-11,2026-05-11,300426 MY Daryl M8 LEADS Andromeda,300426 MY Daryl M8 Leads,300426 MY Daryl M8 Retargeting 003,0.15,,2.0,7.0,7.0,21.428571,-,-,-
2026-05-11,2026-05-11,300426 MY Daryl M8 LEADS Andromeda,300426 MY Daryl M8 Leads,300426 MY Daryl M8 Video 002,2.17,,2.0,101.0,96.0,21.485149,-,-,-
2026-05-11,2026-05-11,300426 MY Daryl M8 LEADS Andromeda,300426 MY Daryl M8 Leads,"300426 MY Daryl M8 Video 3,5,2",0.05,,0.0,2.0,2.0,25.0,-,-,-
2026-05-11,2026-05-11,300426 MY Daryl M8 LEADS Andromeda,300426 MY Daryl M8 Leads,"300426 MY Daryl M8 Video 5,1,2",0.84,,2.0,51.0,49.0,16.470588,-,-,-
2026-05-11,2026-05-11,300426 MY Daryl M8 LEADS Andromeda,300426 MY Daryl M8 Leads,300426 MY Daryl M8 Video Hook 003,1.2,,4.0,41.0,41.0,29.268293,-,-,-
2026-05-11,2026-05-11,300426 MY Daryl M8 LEADS Andromeda,300426 MY Daryl M8 Leads,300426 MY Daryl M8 Video Hook 004,1.91,1.0,6.0,72.0,69.0,26.527778,-,-,-
2026-05-11,2026-05-11,300426 MY Daryl M8 LEADS Andromeda,300426 MY Daryl M8 Leads,300426 MY Daryl M8 Video Hook 007,178.01,26.0,263.0,8246.0,7632.0,21.587436,Average,Average,Above average
2026-05-12,2026-05-12,010526 MY Daryl M8 LEADS ABO Test,020526 MY Daryl M8 Leads ABO Test Video 003,020526 MY Daryl M8 Video 003,16.67,,11.0,694.0,669.0,24.020173,Average,Average,Above average
2026-05-12,2026-05-12,010526 MY Daryl M8 LEADS ABO Test,040526 MY Daryl M8 Test Video Hook 2,040526 MY Daryl M8 Video Hook 002,27.73,2.0,30.0,912.0,870.0,30.405702,Average,Average,Above average
2026-05-12,2026-05-12,300426 MY Daryl M8 LEADS Andromeda,080526 MY Daryl M8 Leads Lookalike,080526 MY Daryl M8 LAL Video 003,187.25,16.0,256.0,9176.0,8274.0,20.406495,Average,Above average,Above average
2026-05-12,2026-05-12,300426 MY Daryl M8 LEADS Andromeda,080526 MY Daryl M8 Leads Lookalike,110526 MY Daryl M8 LAL Video 007,23.71,3.0,37.0,1254.0,1202.0,18.907496,Average,Above average,Above average
2026-05-12,2026-05-12,300426 MY Daryl M8 LEADS Andromeda,300426 MY Daryl M8 Leads,300426 MY Daryl M8 Retargeting 003,2.46,,3.0,111.0,105.0,22.162162,-,-,-
2026-05-12,2026-05-12,300426 MY Daryl M8 LEADS Andromeda,300426 MY Daryl M8 Leads,"300426 MY Daryl M8 Video 3,5,2",0.02,,0.0,1.0,1.0,20.0,-,-,-
2026-05-12,2026-05-12,300426 MY Daryl M8 LEADS Andromeda,300426 MY Daryl M8 Leads,300426 MY Daryl M8 Video Hook 003,0.02,,0.0,1.0,1.0,20.0,-,-,-
2026-05-12,2026-05-12,300426 MY Daryl M8 LEADS Andromeda,300426 MY Daryl M8 Leads,300426 MY Daryl M8 Video Hook 007,170.67,16.0,207.0,7390.0,6827.0,23.094723,Average,Average,Above average
2026-05-13,2026-05-13,010526 MY Daryl M8 LEADS ABO Test,040526 MY Daryl M8 Test Video Hook 2,040526 MY Daryl M8 Video Hook 002,35.62,3.0,52.0,1308.0,1240.0,27.232416,Average,Average,Above average
2026-05-13,2026-05-13,300426 MY Daryl M8 LEADS Andromeda,080526 MY Daryl M8 Leads Lookalike,080526 MY Daryl M8 LAL Image 013,14.01,1.0,19.0,685.0,621.0,20.452555,-,-,-
2026-05-13,2026-05-13,300426 MY Daryl M8 LEADS Andromeda,080526 MY Daryl M8 Leads Lookalike,080526 MY Daryl M8 LAL Video 003,154.12,11.0,235.0,7248.0,6983.0,21.263797,Average,Above average,Above average
2026-05-13,2026-05-13,300426 MY Daryl M8 LEADS Andromeda,080526 MY Daryl M8 Leads Lookalike,110526 MY Daryl M8 LAL Video 007,27.64,2.0,18.0,1095.0,1034.0,25.242009,Average,Above average,Above average
2026-05-13,2026-05-13,010526 MY Daryl M8 LEADS ABO Test,130526 MY Daryl M8 Test Retargeting 001 ver 2,130526 MY Daryl M8 Test Retargeting 001 ver 2,24.58,1.0,20.0,946.0,795.0,25.983087,-,-,-
2026-05-13,2026-05-13,300426 MY Daryl M8 LEADS Andromeda,300426 MY Daryl M8 Leads,300426 MY Daryl M8 Video 002,3.91,1.0,3.0,117.0,114.0,33.418803,-,-,-
2026-05-13,2026-05-13,300426 MY Daryl M8 LEADS Andromeda,300426 MY Daryl M8 Leads,"300426 MY Daryl M8 Video 5,1,2",0.62,,0.0,31.0,30.0,20.0,-,-,-
2026-05-13,2026-05-13,300426 MY Daryl M8 LEADS Andromeda,300426 MY Daryl M8 Leads,300426 MY Daryl M8 Video Hook 004,0.71,,1.0,25.0,25.0,28.4,-,-,-
2026-05-13,2026-05-13,300426 MY Daryl M8 LEADS Andromeda,300426 MY Daryl M8 Leads,300426 MY Daryl M8 Video Hook 007,145.9,14.0,204.0,6454.0,6069.0,22.606136,-,-,-
2026-05-14,2026-05-14,010526 MY Daryl M8 LEADS ABO Test,040526 MY Daryl M8 Test Video Hook 2,040526 MY Daryl M8 Video Hook 002,36.74,,50.0,1655.0,1550.0,22.199396,Average,Average,Above average
2026-05-14,2026-05-14,300426 MY Daryl M8 LEADS Andromeda,080526 MY Daryl M8 Leads Lookalike,080526 MY Daryl M8 LAL Image 013,3.8,1.0,4.0,166.0,155.0,22.891566,-,-,-
2026-05-14,2026-05-14,300426 MY Daryl M8 LEADS Andromeda,080526 MY Daryl M8 Leads Lookalike,080526 MY Daryl M8 LAL Video 003,130.15,12.0,199.0,7063.0,6738.0,18.427014,Average,Above average,Above average
2026-05-14,2026-05-14,300426 MY Daryl M8 LEADS Andromeda,080526 MY Daryl M8 Leads Lookalike,110526 MY Daryl M8 LAL Video 007,13.53,,21.0,600.0,559.0,22.55,Average,Average,Above average
2026-05-14,2026-05-14,010526 MY Daryl M8 LEADS ABO Test,130526 MY Daryl M8 Test Retargeting 001 ver 2,130526 MY Daryl M8 Test Retargeting 001 ver 2,24.33,2.0,19.0,724.0,651.0,33.604972,-,-,-
2026-05-14,2026-05-14,300426 MY Daryl M8 LEADS Andromeda,300426 MY Daryl M8 Leads,300426 MY Daryl M8 Retargeting 003,1.43,,0.0,53.0,51.0,26.981132,-,-,-
2026-05-14,2026-05-14,300426 MY Daryl M8 LEADS Andromeda,300426 MY Daryl M8 Leads,300426 MY Daryl M8 Video 002,2.25,,1.0,131.0,129.0,17.175573,-,-,-
2026-05-14,2026-05-14,300426 MY Daryl M8 LEADS Andromeda,300426 MY Daryl M8 Leads,"300426 MY Daryl M8 Video 3,5,2",0.03,,0.0,3.0,3.0,10.0,-,-,-
2026-05-14,2026-05-14,300426 MY Daryl M8 LEADS Andromeda,300426 MY Daryl M8 Leads,300426 MY Daryl M8 Video Hook 003,5.9,3.0,8.0,228.0,218.0,25.877193,-,-,-
2026-05-14,2026-05-14,300426 MY Daryl M8 LEADS Andromeda,300426 MY Daryl M8 Leads,300426 MY Daryl M8 Video Hook 004,1.99,1.0,3.0,86.0,86.0,23.139535,-,-,-
2026-05-14,2026-05-14,300426 MY Daryl M8 LEADS Andromeda,300426 MY Daryl M8 Leads,300426 MY Daryl M8 Video Hook 007,157.14,10.0,238.0,7368.0,6886.0,21.327362,Average,Average,Above average
2026-05-15,2026-05-15,010526 MY Daryl M8 LEADS ABO Test,040526 MY Daryl M8 Test Video Hook 2,040526 MY Daryl M8 Video Hook 002,39.4,3.0,65.0,1732.0,1648.0,22.748268,Average,Average,Above average
2026-05-15,2026-05-15,300426 MY Daryl M8 LEADS Andromeda,080526 MY Daryl M8 Leads Lookalike,080526 MY Daryl M8 LAL Image 013,0.63,,3.0,45.0,43.0,14.0,-,-,-
2026-05-15,2026-05-15,300426 MY Daryl M8 LEADS Andromeda,080526 MY Daryl M8 Leads Lookalike,080526 MY Daryl M8 LAL Video 003,153.85,10.0,192.0,7629.0,7068.0,20.16647,Average,Above average,Above average
2026-05-15,2026-05-15,300426 MY Daryl M8 LEADS Andromeda,080526 MY Daryl M8 Leads Lookalike,110526 MY Daryl M8 LAL Video 007,7.48,,9.0,297.0,292.0,25.185185,-,-,-
2026-05-15,2026-05-15,010526 MY Daryl M8 LEADS ABO Test,130526 MY Daryl M8 Test Retargeting 001 ver 2,130526 MY Daryl M8 Test Retargeting 001 ver 2,28.89,,18.0,836.0,766.0,34.557416,Below average - Bottom 35% of ads,Average,Above average
2026-05-15,2026-05-15,300426 MY Daryl M8 LEADS Andromeda,300426 MY Daryl M8 Leads,300426 MY Daryl M8 Video 002,0.78,,1.0,38.0,37.0,20.526316,-,-,-
2026-05-15,2026-05-15,300426 MY Daryl M8 LEADS Andromeda,300426 MY Daryl M8 Leads,"300426 MY Daryl M8 Video 5,1,2",0.44,,0.0,16.0,15.0,27.5,-,-,-
2026-05-15,2026-05-15,300426 MY Daryl M8 LEADS Andromeda,300426 MY Daryl M8 Leads,300426 MY Daryl M8 Video Hook 007,161.9,10.0,206.0,7149.0,6590.0,22.646524,Average,Average,Above average
2026-05-16,2026-05-16,010526 MY Daryl M8 LEADS ABO Test,040526 MY Daryl M8 Test Video Hook 2,040526 MY Daryl M8 Video Hook 002,41.24,3.0,50.0,1465.0,1412.0,28.150171,Below average - Bottom 35% of ads,Average,Above average
2026-05-16,2026-05-16,300426 MY Daryl M8 LEADS Andromeda,080526 MY Daryl M8 Leads Lookalike,080526 MY Daryl M8 LAL Image 013,1.07,,2.0,54.0,54.0,19.814815,-,-,-
2026-05-16,2026-05-16,300426 MY Daryl M8 LEADS Andromeda,080526 MY Daryl M8 Leads Lookalike,080526 MY Daryl M8 LAL Video 003,161.59,9.0,192.0,7099.0,6738.0,22.762361,Average,Average,Above average
2026-05-16,2026-05-16,300426 MY Daryl M8 LEADS Andromeda,080526 MY Daryl M8 Leads Lookalike,110526 MY Daryl M8 LAL Video 007,1.49,,1.0,83.0,81.0,17.951807,-,-,-
2026-05-16,2026-05-16,010526 MY Daryl M8 LEADS ABO Test,160526 MY Daryl M8 Test Hook 5,160526 MY Daryl M8 Test Hook 5,29.84,1.0,56.0,1417.0,1295.0,21.058574,Below average - Bottom 35% of ads,Above average,Above average
2026-05-16,2026-05-16,300426 MY Daryl M8 LEADS Andromeda,300426 MY Daryl M8 Leads,300426 MY Daryl M8 Video 002,0.67,,0.0,31.0,31.0,21.612903,-,-,-
2026-05-16,2026-05-16,300426 MY Daryl M8 LEADS Andromeda,300426 MY Daryl M8 Leads,"300426 MY Daryl M8 Video 5,1,2",1.1,,0.0,47.0,46.0,23.404255,-,-,-
2026-05-16,2026-05-16,300426 MY Daryl M8 LEADS Andromeda,300426 MY Daryl M8 Leads,300426 MY Daryl M8 Video Hook 003,0.49,,1.0,17.0,17.0,28.823529,-,-,-
2026-05-16,2026-05-16,300426 MY Daryl M8 LEADS Andromeda,300426 MY Daryl M8 Leads,300426 MY Daryl M8 Video Hook 004,0.71,,0.0,20.0,20.0,35.5,-,-,-
2026-05-16,2026-05-16,300426 MY Daryl M8 LEADS Andromeda,300426 MY Daryl M8 Leads,300426 MY Daryl M8 Video Hook 007,117.67,5.0,138.0,5240.0,4865.0,22.456107,Below average - Bottom 35% of ads,Average,Above average
2026-05-17,2026-05-17,010526 MY Daryl M8 LEADS ABO Test,040526 MY Daryl M8 Test Video Hook 2,040526 MY Daryl M8 Video Hook 002,47.84,3.0,51.0,1664.0,1641.0,28.75,Average,Average,Above average
2026-05-17,2026-05-17,300426 MY Daryl M8 LEADS Andromeda,080526 MY Daryl M8 Leads Lookalike,080526 MY Daryl M8 LAL Video 003,251.26,18.0,251.0,11661.0,11072.0,21.547037,Average,Average,Above average
2026-05-17,2026-05-17,300426 MY Daryl M8 LEADS Andromeda,080526 MY Daryl M8 Leads Lookalike,110526 MY Daryl M8 LAL Video 007,4.57,,7.0,149.0,145.0,30.671141,-,-,-
2026-05-17,2026-05-17,010526 MY Daryl M8 LEADS ABO Test,160526 MY Daryl M8 Test Hook 5,160526 MY Daryl M8 Test Hook 5,30.43,2.0,33.0,1244.0,1134.0,24.461415,Below average - Bottom 35% of ads,Average,Above average
2026-05-17,2026-05-17,300426 MY Daryl M8 LEADS Andromeda,300426 MY Daryl M8 Leads,300426 MY Daryl M8 Retargeting 003,1.05,,2.0,34.0,32.0,30.882353,-,-,-
2026-05-17,2026-05-17,300426 MY Daryl M8 LEADS Andromeda,300426 MY Daryl M8 Leads,"300426 MY Daryl M8 Video 3,5,2",0.08,,0.0,3.0,3.0,26.666667,-,-,-
2026-05-17,2026-05-17,300426 MY Daryl M8 LEADS Andromeda,300426 MY Daryl M8 Leads,300426 MY Daryl M8 Video Hook 003,2.37,,2.0,116.0,115.0,20.431034,-,-,-
2026-05-17,2026-05-17,300426 MY Daryl M8 LEADS Andromeda,300426 MY Daryl M8 Leads,300426 MY Daryl M8 Video Hook 007,199.05,13.0,174.0,7695.0,7399.0,25.867446,Below average - Bottom 35% of ads,Average,Above average
2026-05-18,2026-05-18,010526 MY Daryl M8 LEADS ABO Test,040526 MY Daryl M8 Test Video Hook 2,040526 MY Daryl M8 Video Hook 002,46.64,1.0,52.0,1765.0,1682.0,26.424929,Average,Average,Above average
2026-05-18,2026-05-18,300426 MY Daryl M8 LEADS Andromeda,080526 MY Daryl M8 Leads Lookalike,080526 MY Daryl M8 LAL Image 013,4.59,,13.0,193.0,179.0,23.782383,-,-,-
2026-05-18,2026-05-18,300426 MY Daryl M8 LEADS Andromeda,080526 MY Daryl M8 Leads Lookalike,080526 MY Daryl M8 LAL Retargeting 001 ver 2,0.05,,0.0,3.0,3.0,16.666667,-,-,-
2026-05-18,2026-05-18,300426 MY Daryl M8 LEADS Andromeda,080526 MY Daryl M8 Leads Lookalike,080526 MY Daryl M8 LAL Video 003,206.6,13.0,194.0,8920.0,8582.0,23.161435,Average,Average,Above average
2026-05-18,2026-05-18,300426 MY Daryl M8 LEADS Andromeda,080526 MY Daryl M8 Leads Lookalike,110526 MY Daryl M8 LAL Video 007,3.11,,4.0,66.0,66.0,47.121212,-,-,-
2026-05-18,2026-05-18,010526 MY Daryl M8 LEADS ABO Test,160526 MY Daryl M8 Test Hook 5,160526 MY Daryl M8 Test Hook 5,25.83,1.0,44.0,838.0,797.0,30.823389,Average,Average,Above average
2026-05-18,2026-05-18,180526 MY Daryl BRK SALES,180526 MY Daryl BRK SALES,180526 MY Daryl BRK Image 008,18.68,,27.0,642.0,548.0,29.096573,-,-,-
2026-05-18,2026-05-18,180526 MY Daryl BRK SALES,180526 MY Daryl BRK SALES,180526 MY Daryl BRK Video 001,7.66,,14.0,225.0,205.0,34.044444,-,-,-
2026-05-18,2026-05-18,180526 MY Daryl BRK SALES,180526 MY Daryl BRK SALES,180526 MY Daryl BRK Video 005,44.22,,25.0,858.0,721.0,51.538462,Below average - Bottom 35% of ads,Average,Above average
2026-05-18,2026-05-18,180526 MY Daryl BRK SALES,180526 MY Daryl BRK SALES,180526 MY Daryl BRK Video 008,18.0,,19.0,484.0,441.0,37.190083,-,-,-
2026-05-18,2026-05-18,300426 MY Daryl M8 LEADS Andromeda,300426 MY Daryl M8 Leads,300426 MY Daryl M8 Video 002,2.52,1.0,5.0,97.0,95.0,25.979381,-,-,-
2026-05-18,2026-05-18,300426 MY Daryl M8 LEADS Andromeda,300426 MY Daryl M8 Leads,300426 MY Daryl M8 Video Hook 004,0.27,,0.0,12.0,12.0,22.5,-,-,-
2026-05-18,2026-05-18,300426 MY Daryl M8 LEADS Andromeda,300426 MY Daryl M8 Leads,300426 MY Daryl M8 Video Hook 007,206.73,10.0,233.0,7927.0,7107.0,26.079223,-,-,-
2026-05-19,2026-05-19,010526 MY Daryl M8 LEADS ABO Test,040526 MY Daryl M8 Test Video Hook 2,040526 MY Daryl M8 Video Hook 002,52.63,1.0,46.0,1457.0,1290.0,36.122169,Average,Average,Above average
2026-05-19,2026-05-19,300426 MY Daryl M8 LEADS Andromeda,080526 MY Daryl M8 Leads Lookalike,080526 MY Daryl M8 LAL Image 013,0.21,,0.0,19.0,18.0,11.052632,-,-,-
2026-05-19,2026-05-19,300426 MY Daryl M8 LEADS Andromeda,080526 MY Daryl M8 Leads Lookalike,080526 MY Daryl M8 LAL Video 003,188.67,5.0,139.0,6250.0,5314.0,30.1872,Average,Average,Above average
2026-05-19,2026-05-19,300426 MY Daryl M8 LEADS Andromeda,080526 MY Daryl M8 Leads Lookalike,110526 MY Daryl M8 LAL Video 007,37.68,1.0,29.0,859.0,756.0,43.864959,Average,Average,Above average
2026-05-19,2026-05-19,180526 MY Daryl BRK SALES,180526 MY Daryl BRK SALES,180526 MY Daryl BRK Image 008,14.51,,11.0,447.0,395.0,32.46085,-,-,-
2026-05-19,2026-05-19,180526 MY Daryl BRK SALES,180526 MY Daryl BRK SALES,180526 MY Daryl BRK Video 001,2.98,,11.0,116.0,107.0,25.689655,-,-,-
2026-05-19,2026-05-19,180526 MY Daryl BRK SALES,180526 MY Daryl BRK SALES,180526 MY Daryl BRK Video 005,20.56,,11.0,443.0,368.0,46.410835,-,-,-
2026-05-19,2026-05-19,180526 MY Daryl BRK SALES,180526 MY Daryl BRK SALES,180526 MY Daryl BRK Video 008,49.56,,30.0,1150.0,1036.0,43.095652,Below average - Bottom 35% of ads,Average,Average
2026-05-19,2026-05-19,300426 MY Daryl M8 LEADS Andromeda,080526 MY Daryl M8 Leads Lookalike,190526 MY Daryl M8 LAL Video 001,0.17,,0.0,7.0,6.0,24.285714,-,-,-
2026-05-19,2026-05-19,010526 MY Daryl M8 LEADS ABO Test,190526 MY Daryl M8 Video 006,190526 MY Daryl M8 Video 006,30.29,,33.0,1036.0,887.0,29.237452,Average,Average,Above average
2026-05-19,2026-05-19,300426 MY Daryl M8 LEADS Andromeda,300426 MY Daryl M8 Leads,300426 MY Daryl M8 Retargeting 003,0.06,,0.0,3.0,3.0,20.0,-,-,-
2026-05-19,2026-05-19,300426 MY Daryl M8 LEADS Andromeda,300426 MY Daryl M8 Leads,300426 MY Daryl M8 Video 002,0.11,,1.0,8.0,8.0,13.75,-,-,-
2026-05-19,2026-05-19,300426 MY Daryl M8 LEADS Andromeda,300426 MY Daryl M8 Leads,300426 MY Daryl M8 Video Hook 003,0.59,,1.0,16.0,15.0,36.875,-,-,-
2026-05-19,2026-05-19,300426 MY Daryl M8 LEADS Andromeda,300426 MY Daryl M8 Leads,300426 MY Daryl M8 Video Hook 004,0.09,,0.0,2.0,2.0,45.0,-,-,-
2026-05-19,2026-05-19,300426 MY Daryl M8 LEADS Andromeda,300426 MY Daryl M8 Leads,300426 MY Daryl M8 Video Hook 007,262.49,15.0,205.0,7792.0,6750.0,33.687115,-,-,-
2026-05-20,2026-05-20,010526 MY Daryl M8 LEADS ABO Test,040526 MY Daryl M8 Test Video Hook 2,040526 MY Daryl M8 Video Hook 002,23.11,,20.0,684.0,611.0,33.78655,Average,Average,Above average
2026-05-20,2026-05-20,300426 MY Daryl M8 LEADS Andromeda,080526 MY Daryl M8 Leads Lookalike,080526 MY Daryl M8 LAL Image 013,1.34,,0.0,68.0,63.0,19.705882,-,-,-
2026-05-20,2026-05-20,300426 MY Daryl M8 LEADS Andromeda,080526 MY Daryl M8 Leads Lookalike,080526 MY Daryl M8 LAL Video 003,134.16,2.0,89.0,4628.0,4062.0,28.988764,Average,Average,Above average
2026-05-20,2026-05-20,300426 MY Daryl M8 LEADS Andromeda,080526 MY Daryl M8 Leads Lookalike,110526 MY Daryl M8 LAL Video 007,1.08,,1.0,36.0,36.0,30.0,-,-,-
2026-05-20,2026-05-20,010526 MY Daryl M8 LEADS ABO Test,160526 MY Daryl M8 Test Hook 5,160526 MY Daryl M8 Test Hook 5,0.0,,0.0,0.0,0.0,,-,-,-
2026-05-20,2026-05-20,180526 MY Daryl BRK SALES,180526 MY Daryl BRK SALES,180526 MY Daryl BRK Image 008,24.36,,39.0,943.0,852.0,25.83245,-,-,-
2026-05-20,2026-05-20,180526 MY Daryl BRK SALES,180526 MY Daryl BRK SALES,180526 MY Daryl BRK Video 001,2.38,,2.0,38.0,37.0,62.631579,-,-,-
2026-05-20,2026-05-20,180526 MY Daryl BRK SALES,180526 MY Daryl BRK SALES,180526 MY Daryl BRK Video 005,5.84,,2.0,124.0,113.0,47.096774,-,-,-
2026-05-20,2026-05-20,180526 MY Daryl BRK SALES,180526 MY Daryl BRK SALES,180526 MY Daryl BRK Video 008,65.92,,59.0,1496.0,1341.0,44.064171,Below average - Bottom 35% of ads,Above average,Average
2026-05-20,2026-05-20,010526 MY Daryl M8 LEADS ABO Test,190526 MY Daryl M8 Video 006,190526 MY Daryl M8 Video 006,14.35,,20.0,453.0,431.0,31.677704,-,-,-
2026-05-20,2026-05-20,300426 MY Daryl M8 LEADS Andromeda,300426 MY Daryl M8 Leads,300426 MY Daryl M8 Video 002,0.21,,1.0,10.0,9.0,21.0,-,-,-
2026-05-20,2026-05-20,300426 MY Daryl M8 LEADS Andromeda,300426 MY Daryl M8 Leads,300426 MY Daryl M8 Video Hook 007,234.47,4.0,168.0,6309.0,4887.0,37.164368,-,-,-
2026-05-21,2026-05-21,300426 MY Daryl M8 LEADS Andromeda,080526 MY Daryl M8 Leads Lookalike,080526 MY Daryl M8 LAL Image 013,2.8,1.0,5.0,121.0,109.0,23.140496,-,-,-
2026-05-21,2026-05-21,300426 MY Daryl M8 LEADS Andromeda,080526 MY Daryl M8 Leads Lookalike,080526 MY Daryl M8 LAL Retargeting 001 ver 2,0.57,,0.0,19.0,16.0,30.0,-,-,-
2026-05-21,2026-05-21,300426 MY Daryl M8 LEADS Andromeda,080526 MY Daryl M8 Leads Lookalike,080526 MY Daryl M8 LAL Video 003,61.17,1.0,35.0,1879.0,1756.0,32.55455,Average,Average,Above average
2026-05-21,2026-05-21,180526 MY Daryl BRK SALES,180526 MY Daryl BRK SALES,180526 MY Daryl BRK Image 008,36.93,,45.0,1212.0,1131.0,30.470297,-,-,-
2026-05-21,2026-05-21,180526 MY Daryl BRK SALES,180526 MY Daryl BRK SALES,180526 MY Daryl BRK Video 001,1.2,,2.0,22.0,21.0,54.545455,-,-,-
2026-05-21,2026-05-21,180526 MY Daryl BRK SALES,180526 MY Daryl BRK SALES,180526 MY Daryl BRK Video 005,21.98,,11.0,412.0,371.0,53.349515,-,-,-
2026-05-21,2026-05-21,180526 MY Daryl BRK SALES,180526 MY Daryl BRK SALES,180526 MY Daryl BRK Video 008,2.23,,2.0,43.0,43.0,51.860465,-,-,-
2026-05-21,2026-05-21,300426 MY Daryl M8 LEADS Andromeda,080526 MY Daryl M8 Leads Lookalike,190526 MY Daryl M8 LAL Video 001,15.65,1.0,10.0,371.0,316.0,42.183288,-,-,-
2026-05-21,2026-05-21,300426 MY Daryl M8 LEADS Andromeda,300426 MY Daryl M8 Leads,300426 MY Daryl M8 Retargeting 003,0.19,,0.0,6.0,6.0,31.666667,-,-,-
2026-05-21,2026-05-21,300426 MY Daryl M8 LEADS Andromeda,300426 MY Daryl M8 Leads,300426 MY Daryl M8 Video 002,0.6,,3.0,19.0,16.0,31.578947,-,-,-
2026-05-21,2026-05-21,300426 MY Daryl M8 LEADS Andromeda,300426 MY Daryl M8 Leads,"300426 MY Daryl M8 Video 3,5,2",0.08,,0.0,1.0,1.0,80.0,-,-,-
2026-05-21,2026-05-21,300426 MY Daryl M8 LEADS Andromeda,300426 MY Daryl M8 Leads,300426 MY Daryl M8 Video Hook 003,1.06,,0.0,25.0,25.0,42.4,-,-,-
2026-05-21,2026-05-21,300426 MY Daryl M8 LEADS Andromeda,300426 MY Daryl M8 Leads,300426 MY Daryl M8 Video Hook 004,0.13,,0.0,8.0,7.0,16.25,-,-,-
2026-05-21,2026-05-21,300426 MY Daryl M8 LEADS Andromeda,300426 MY Daryl M8 Leads,300426 MY Daryl M8 Video Hook 007,254.08,14.0,229.0,8046.0,6389.0,31.578424,-,-,-
2026-05-22,2026-05-22,300426 MY Daryl M8 LEADS Andromeda,080526 MY Daryl M8 Leads Lookalike,080526 MY Daryl M8 LAL Video 003,0.0,,0.0,0.0,0.0,,-,-,-
2026-05-22,2026-05-22,300426 MY Daryl M8 LEADS Andromeda,080526 MY Daryl M8 Leads Lookalike,190526 MY Daryl M8 LAL Video 001,45.83,1.0,22.0,1255.0,1029.0,36.517928,Below average - Bottom 35% of ads,Average,Above average
2026-05-22,2026-05-22,300426 MY Daryl M8 LEADS Andromeda,300426 MY Daryl M8 Leads,300426 MY Daryl M8 Retargeting 003,1.41,,1.0,47.0,39.0,30.0,-,-,-
2026-05-22,2026-05-22,300426 MY Daryl M8 LEADS Andromeda,300426 MY Daryl M8 Leads,"300426 MY Daryl M8 Video 3,5,2",0.19,,0.0,11.0,10.0,17.272727,-,-,-
2026-05-22,2026-05-22,300426 MY Daryl M8 LEADS Andromeda,300426 MY Daryl M8 Leads,300426 MY Daryl M8 Video Hook 003,5.35,,2.0,183.0,172.0,29.234973,-,-,-
2026-05-22,2026-05-22,300426 MY Daryl M8 LEADS Andromeda,300426 MY Daryl M8 Leads,300426 MY Daryl M8 Video Hook 007,297.54,18.0,285.0,9279.0,7859.0,32.065955,-,-,-
2026-05-23,2026-05-23,300426 MY Daryl M8 LEADS Andromeda,080526 MY Daryl M8 Leads Lookalike,080526 MY Daryl M8 LAL Image 013,48.5,,38.0,1644.0,1314.0,29.501217,Average,Average,Above average
2026-05-23,2026-05-23,300426 MY Daryl M8 LEADS Andromeda,080526 MY Daryl M8 Leads Lookalike,080526 MY Daryl M8 LAL Retargeting 001 ver 2,1.33,,1.0,26.0,22.0,51.153846,-,-,-
2026-05-23,2026-05-23,300426 MY Daryl M8 LEADS Andromeda,080526 MY Daryl M8 Leads Lookalike,190526 MY Daryl M8 LAL Video 001,1.36,,0.0,47.0,45.0,28.93617,-,-,-
2026-05-23,2026-05-23,300426 MY Daryl M8 LEADS Andromeda,300426 MY Daryl M8 Leads,300426 MY Daryl M8 Video 002,3.86,,3.0,104.0,96.0,37.115385,-,-,-
2026-05-23,2026-05-23,300426 MY Daryl M8 LEADS Andromeda,300426 MY Daryl M8 Leads,300426 MY Daryl M8 Video Hook 003,173.04,4.0,134.0,4221.0,3763.0,40.995025,Below average - Bottom 35% of ads,Average,Above average
2026-05-23,2026-05-23,300426 MY Daryl M8 LEADS Andromeda,300426 MY Daryl M8 Leads,300426 MY Daryl M8 Video Hook 004,8.2,,7.0,212.0,195.0,38.679245,-,-,-
2026-05-23,2026-05-23,300426 MY Daryl M8 LEADS Andromeda,300426 MY Daryl M8 Leads,300426 MY Daryl M8 Video Hook 007,90.5,3.0,117.0,3744.0,3379.0,24.172009,-,-,-
2026-05-24,2026-05-24,300426 MY Daryl M8 LEADS Andromeda,080526 MY Daryl M8 Leads Lookalike,080526 MY Daryl M8 LAL Image 013,10.66,,8.0,487.0,424.0,21.889117,-,-,-
2026-05-24,2026-05-24,240526 MY Daryl M8 NEW LEADS,240526 MY Daryl M8 NEW LEADS,240526 MY Daryl M8 Image 004 ver 1,41.54,6.0,67.0,2138.0,1756.0,19.429373,Average,Average,Above average
2026-05-24,2026-05-24,240526 MY Daryl M8 NEW LEADS,240526 MY Daryl M8 NEW LEADS,240526 MY Daryl M8 Image 007,14.57,,13.0,680.0,634.0,21.426471,-,-,-
2026-05-24,2026-05-24,240526 MY Daryl M8 NEW LEADS,240526 MY Daryl M8 NEW LEADS,240526 MY Daryl M8 Video 011,29.82,1.0,35.0,1006.0,883.0,29.642147,Below average - Bottom 35% of ads,Average,Above average
2026-05-24,2026-05-24,240526 MY Daryl M8 NEW LEADS,240526 MY Daryl M8 NEW LEADS,240526 MY Daryl M8 Video 013,17.08,1.0,11.0,577.0,548.0,29.601386,Below average - Bottom 35% of ads,Average,Above average
2026-05-24,2026-05-24,240526 MY Daryl M8 NEW LEADS,240526 MY Daryl M8 NEW LEADS,240526 MY Daryl M8 Video 015,11.22,,13.0,419.0,373.0,26.778043,-,-,-
2026-05-24,2026-05-24,300426 MY Daryl M8 LEADS Andromeda,300426 MY Daryl M8 Leads,300426 MY Daryl M8 Retargeting 003,0.57,,1.0,8.0,8.0,71.25,-,-,-
2026-05-24,2026-05-24,300426 MY Daryl M8 LEADS Andromeda,300426 MY Daryl M8 Leads,300426 MY Daryl M8 Video 002,0.62,,0.0,22.0,21.0,28.181818,-,-,-
2026-05-24,2026-05-24,300426 MY Daryl M8 LEADS Andromeda,300426 MY Daryl M8 Leads,"300426 MY Daryl M8 Video 3,5,2",0.15,,0.0,5.0,4.0,30.0,-,-,-
2026-05-24,2026-05-24,300426 MY Daryl M8 LEADS Andromeda,300426 MY Daryl M8 Leads,300426 MY Daryl M8 Video Hook 003,21.05,,11.0,502.0,483.0,41.932271,-,-,-
2026-05-24,2026-05-24,300426 MY Daryl M8 LEADS Andromeda,300426 MY Daryl M8 Leads,300426 MY Daryl M8 Video Hook 004,1.49,,1.0,64.0,60.0,23.28125,-,-,-
2026-05-24,2026-05-24,300426 MY Daryl M8 LEADS Andromeda,300426 MY Daryl M8 Leads,300426 MY Daryl M8 Video Hook 007,248.04,17.0,219.0,7386.0,6498.0,33.582453,-,-,-
2026-05-25,2026-05-25,010526 MY Daryl M8 LEADS ABO Test,040526 MY Daryl M8 Test Video Hook 2,040526 MY Daryl M8 Video Hook 002,0.0,,0.0,0.0,0.0,,-,-,-
2026-05-25,2026-05-25,300426 MY Daryl M8 LEADS Andromeda,080526 MY Daryl M8 Leads Lookalike,080526 MY Daryl M8 LAL Image 013,9.92,,6.0,333.0,290.0,29.78979,-,-,-
2026-05-25,2026-05-25,300426 MY Daryl M8 LEADS Andromeda,080526 MY Daryl M8 Leads Lookalike,080526 MY Daryl M8 LAL Video 003,1.3,,0.0,19.0,19.0,68.421053,-,-,-
2026-05-25,2026-05-25,240526 MY Daryl M8 NEW LEADS,240526 MY Daryl M8 NEW LEADS,240526 MY Daryl M8 Image 004 ver 1,52.61,2.0,80.0,2985.0,2490.0,17.624791,Average,Average,Above average
2026-05-25,2026-05-25,240526 MY Daryl M8 NEW LEADS,240526 MY Daryl M8 NEW LEADS,240526 MY Daryl M8 Image 007,3.01,,2.0,120.0,110.0,25.083333,-,-,-
2026-05-25,2026-05-25,240526 MY Daryl M8 NEW LEADS,240526 MY Daryl M8 NEW LEADS,240526 MY Daryl M8 Video 011,20.72,2.0,22.0,713.0,639.0,29.060309,Below average - Bottom 35% of ads,Average,Above average
2026-05-25,2026-05-25,240526 MY Daryl M8 NEW LEADS,240526 MY Daryl M8 NEW LEADS,240526 MY Daryl M8 Video 013,20.36,2.0,15.0,657.0,580.0,30.989346,Below average - Bottom 35% of ads,Average,Above average
2026-05-25,2026-05-25,240526 MY Daryl M8 NEW LEADS,240526 MY Daryl M8 NEW LEADS,240526 MY Daryl M8 Video 015,5.74,,1.0,159.0,150.0,36.100629,-,-,-
2026-05-25,2026-05-25,300426 MY Daryl M8 LEADS Andromeda,300426 MY Daryl M8 Leads,300426 MY Daryl M8 Video 002,0.8,,0.0,10.0,10.0,80.0,-,-,-
2026-05-25,2026-05-25,300426 MY Daryl M8 LEADS Andromeda,300426 MY Daryl M8 Leads,300426 MY Daryl M8 Video Hook 003,11.03,,6.0,275.0,264.0,40.109091,-,-,-
2026-05-25,2026-05-25,300426 MY Daryl M8 LEADS Andromeda,300426 MY Daryl M8 Leads,300426 MY Daryl M8 Video Hook 007,245.94,7.0,220.0,8389.0,7527.0,29.316963,-,-,-
2026-05-26,2026-05-26,300426 MY Daryl M8 LEADS Andromeda,080526 MY Daryl M8 Leads Lookalike,080526 MY Daryl M8 LAL Image 013,3.15,,1.0,80.0,77.0,39.375,-,-,-
2026-05-26,2026-05-26,300426 MY Daryl M8 LEADS Andromeda,080526 MY Daryl M8 Leads Lookalike,190526 MY Daryl M8 LAL Video 001,0.0,,0.0,0.0,0.0,,-,-,-
2026-05-26,2026-05-26,240526 MY Daryl M8 NEW LEADS,240526 MY Daryl M8 NEW LEADS,240526 MY Daryl M8 Image 004 ver 1,124.59,4.0,149.0,6368.0,5159.0,19.565013,Average,Average,Average
2026-05-26,2026-05-26,240526 MY Daryl M8 NEW LEADS,240526 MY Daryl M8 NEW LEADS,240526 MY Daryl M8 Image 007,3.37,,1.0,153.0,145.0,22.026144,-,-,-
2026-05-26,2026-05-26,240526 MY Daryl M8 NEW LEADS,240526 MY Daryl M8 NEW LEADS,240526 MY Daryl M8 Video 011,3.48,,4.0,120.0,115.0,29.0,-,-,-
2026-05-26,2026-05-26,240526 MY Daryl M8 NEW LEADS,240526 MY Daryl M8 NEW LEADS,240526 MY Daryl M8 Video 013,2.08,,1.0,56.0,53.0,37.142857,-,-,-
2026-05-26,2026-05-26,240526 MY Daryl M8 NEW LEADS,240526 MY Daryl M8 NEW LEADS,240526 MY Daryl M8 Video 015,2.93,,2.0,63.0,63.0,46.507937,-,-,-
2026-05-26,2026-05-26,300426 MY Daryl M8 LEADS Andromeda,300426 MY Daryl M8 Leads,300426 MY Daryl M8 Retargeting 003,0.0,,0.0,1.0,1.0,0.0,-,-,-
2026-05-26,2026-05-26,300426 MY Daryl M8 LEADS Andromeda,300426 MY Daryl M8 Leads,300426 MY Daryl M8 Video 002,0.46,,0.0,12.0,11.0,38.333333,-,-,-
2026-05-26,2026-05-26,300426 MY Daryl M8 LEADS Andromeda,300426 MY Daryl M8 Leads,"300426 MY Daryl M8 Video 3,5,2",0.02,,0.0,2.0,1.0,10.0,-,-,-
2026-05-26,2026-05-26,300426 MY Daryl M8 LEADS Andromeda,300426 MY Daryl M8 Leads,300426 MY Daryl M8 Video Hook 004,2.28,1.0,3.0,75.0,68.0,30.4,-,-,-
2026-05-26,2026-05-26,300426 MY Daryl M8 LEADS Andromeda,300426 MY Daryl M8 Leads,300426 MY Daryl M8 Video Hook 007,231.91,13.0,223.0,8357.0,7255.0,27.750389,-,-,-
2026-05-27,2026-05-27,300426 MY Daryl M8 LEADS Andromeda,080526 MY Daryl M8 Leads Lookalike,190526 MY Daryl M8 LAL Video 001,0.0,,0.0,0.0,0.0,,-,-,-
2026-05-27,2026-05-27,240526 MY Daryl M8 NEW LEADS,240526 MY Daryl M8 NEW LEADS,240526 MY Daryl M8 Image 004 ver 1,47.43,1.0,37.0,2177.0,2009.0,21.786863,Average,Average,Average
2026-05-27,2026-05-27,240526 MY Daryl M8 NEW LEADS,240526 MY Daryl M8 NEW LEADS,240526 MY Daryl M8 Image 007,40.73,1.0,81.0,2199.0,1958.0,18.522055,Below average - Bottom 35% of ads,Average,Average
2026-05-27,2026-05-27,240526 MY Daryl M8 NEW LEADS,240526 MY Daryl M8 NEW LEADS,240526 MY Daryl M8 Video 011,0.64,1.0,3.0,26.0,26.0,24.615385,-,-,-
2026-05-27,2026-05-27,240526 MY Daryl M8 NEW LEADS,240526 MY Daryl M8 NEW LEADS,240526 MY Daryl M8 Video 013,15.3,2.0,12.0,542.0,524.0,28.228782,Average,Average,Above average
2026-05-27,2026-05-27,240526 MY Daryl M8 NEW LEADS,240526 MY Daryl M8 NEW LEADS,240526 MY Daryl M8 Video 015,0.72,,0.0,21.0,21.0,34.285714,-,-,-
2026-05-27,2026-05-27,270526 MY Daryl BRK Engaged,270526 MY Daryl BRK Engaged,270526 MY Daryl BRK Image 003,31.46,,62.0,3016.0,2546.0,10.431034,Average,Above average,Above average
2026-05-27,2026-05-27,270526 MY Daryl BRK Engaged,270526 MY Daryl BRK Engaged,270526 MY Daryl BRK Video 008,0.37,,0.0,37.0,37.0,10.0,-,-,-
2026-05-27,2026-05-27,300426 MY Daryl M8 LEADS Andromeda,270526 MY Daryl M8 Leads NEW,270526 MY Daryl M8 Image 002,5.71,,9.0,211.0,169.0,27.061611,-,-,-
2026-05-27,2026-05-27,300426 MY Daryl M8 LEADS Andromeda,270526 MY Daryl M8 Leads NEW,270526 MY Daryl M8 Video 008,8.05,,4.0,227.0,203.0,35.462555,-,-,-
2026-05-27,2026-05-27,300426 MY Daryl M8 LEADS Andromeda,270526 MY Daryl M8 Leads NEW,270526 MY Daryl M8 Video 010,6.42,,9.0,306.0,270.0,20.980392,-,-,-
2026-05-27,2026-05-27,300426 MY Daryl M8 LEADS Andromeda,300426 MY Daryl M8 Leads,300426 MY Daryl M8 Retargeting 003,0.37,,1.0,15.0,15.0,24.666667,-,-,-
2026-05-27,2026-05-27,300426 MY Daryl M8 LEADS Andromeda,300426 MY Daryl M8 Leads,"300426 MY Daryl M8 Video 3,5,2",0.04,,0.0,2.0,2.0,20.0,-,-,-
2026-05-27,2026-05-27,300426 MY Daryl M8 LEADS Andromeda,300426 MY Daryl M8 Leads,300426 MY Daryl M8 Video Hook 007,184.67,12.0,185.0,6217.0,5655.0,29.704037,-,-,-
2026-05-28,2026-05-28,240526 MY Daryl M8 NEW LEADS,240526 MY Daryl M8 NEW LEADS,240526 MY Daryl M8 Image 004 ver 1,0.0,1.0,0.0,0.0,0.0,,-,-,-
2026-05-28,2026-05-28,240526 MY Daryl M8 NEW LEADS,240526 MY Daryl M8 NEW LEADS,240526 MY Daryl M8 Image 007,101.32,7.0,229.0,5982.0,5406.0,16.937479,Below average - Bottom 35% of ads,Average,Average
2026-05-28,2026-05-28,240526 MY Daryl M8 NEW LEADS,240526 MY Daryl M8 NEW LEADS,240526 MY Daryl M8 Video 011,19.17,1.0,37.0,677.0,657.0,28.3161,-,-,-
2026-05-28,2026-05-28,240526 MY Daryl M8 NEW LEADS,240526 MY Daryl M8 NEW LEADS,240526 MY Daryl M8 Video 013,1.0,,0.0,32.0,32.0,31.25,-,-,-
2026-05-28,2026-05-28,240526 MY Daryl M8 NEW LEADS,240526 MY Daryl M8 NEW LEADS,240526 MY Daryl M8 Video 015,1.7,,0.0,58.0,54.0,29.310345,-,-,-
2026-05-28,2026-05-28,270526 MY Daryl BRK Engaged,270526 MY Daryl BRK Engaged,270526 MY Daryl BRK Image 003,33.16,,40.0,3181.0,2799.0,10.424395,Average,Above average,Above average
2026-05-28,2026-05-28,270526 MY Daryl BRK Engaged,270526 MY Daryl BRK Engaged,270526 MY Daryl BRK Video 008,0.31,,1.0,37.0,35.0,8.378378,-,-,-
2026-05-28,2026-05-28,300426 MY Daryl M8 LEADS Andromeda,270526 MY Daryl M8 Leads NEW,270526 MY Daryl M8 Image 002,7.14,1.0,10.0,339.0,291.0,21.061947,-,-,-
2026-05-28,2026-05-28,300426 MY Daryl M8 LEADS Andromeda,270526 MY Daryl M8 Leads NEW,270526 MY Daryl M8 Video 008,1.98,,2.0,47.0,46.0,42.12766,-,-,-
2026-05-28,2026-05-28,300426 MY Daryl M8 LEADS Andromeda,270526 MY Daryl M8 Leads NEW,270526 MY Daryl M8 Video 010,3.27,,2.0,140.0,130.0,23.357143,-,-,-
2026-05-28,2026-05-28,300426 MY Daryl M8 LEADS Andromeda,300426 MY Daryl M8 Leads,300426 MY Daryl M8 Video 002,0.66,,1.0,14.0,14.0,47.142857,-,-,-
2026-05-28,2026-05-28,300426 MY Daryl M8 LEADS Andromeda,300426 MY Daryl M8 Leads,300426 MY Daryl M8 Video Hook 004,0.23,,0.0,12.0,12.0,19.166667,-,-,-
2026-05-28,2026-05-28,300426 MY Daryl M8 LEADS Andromeda,300426 MY Daryl M8 Leads,300426 MY Daryl M8 Video Hook 007,206.83,24.0,226.0,6993.0,6270.0,29.57672,-,-,-
2026-05-29,2026-05-29,240526 MY Daryl M8 NEW LEADS,240526 MY Daryl M8 NEW LEADS,240526 MY Daryl M8 Image 007,129.99,10.0,382.0,10074.0,8659.0,12.903514,Average,Above average,Above average
2026-05-29,2026-05-29,240526 MY Daryl M8 NEW LEADS,240526 MY Daryl M8 NEW LEADS,240526 MY Daryl M8 Video 011,3.66,,7.0,131.0,124.0,27.938931,-,-,-
2026-05-29,2026-05-29,240526 MY Daryl M8 NEW LEADS,240526 MY Daryl M8 NEW LEADS,240526 MY Daryl M8 Video 013,5.47,,5.0,133.0,124.0,41.12782,-,-,-
2026-05-29,2026-05-29,270526 MY Daryl BRK Engaged,270526 MY Daryl BRK Engaged,270526 MY Daryl BRK Image 003,1.99,,3.0,148.0,148.0,13.445946,-,-,-
2026-05-29,2026-05-29,270526 MY Daryl BRK Engaged,270526 MY Daryl BRK Engaged,270526 MY Daryl BRK Video 008,0.0,,0.0,2.0,2.0,0.0,-,-,-
2026-05-29,2026-05-29,300426 MY Daryl M8 LEADS Andromeda,270526 MY Daryl M8 Leads NEW,270526 MY Daryl M8 Image 002,8.27,,6.0,385.0,334.0,21.480519,-,-,-
2026-05-29,2026-05-29,300426 MY Daryl M8 LEADS Andromeda,300426 MY Daryl M8 Leads,300426 MY Daryl M8 Retargeting 003,0.28,,0.0,13.0,13.0,21.538462,-,-,-
2026-05-29,2026-05-29,300426 MY Daryl M8 LEADS Andromeda,300426 MY Daryl M8 Leads,300426 MY Daryl M8 Video 002,0.07,,1.0,8.0,8.0,8.75,-,-,-
2026-05-29,2026-05-29,300426 MY Daryl M8 LEADS Andromeda,300426 MY Daryl M8 Leads,"300426 MY Daryl M8 Video 3,5,2",0.14,,0.0,4.0,4.0,35.0,-,-,-
2026-05-29,2026-05-29,300426 MY Daryl M8 LEADS Andromeda,300426 MY Daryl M8 Leads,300426 MY Daryl M8 Video Hook 004,0.9,,1.0,48.0,47.0,18.75,-,-,-
2026-05-29,2026-05-29,300426 MY Daryl M8 LEADS Andromeda,300426 MY Daryl M8 Leads,300426 MY Daryl M8 Video Hook 007,197.48,11.0,197.0,6769.0,5831.0,29.174176,Average,Average,Above average
2026-05-30,2026-05-30,240526 MY Daryl M8 NEW LEADS,240526 MY Daryl M8 NEW LEADS,240526 MY Daryl M8 Image 007,108.83,4.0,335.0,8805.0,8101.0,12.360023,Average,Above average,Above average
2026-05-30,2026-05-30,240526 MY Daryl M8 NEW LEADS,240526 MY Daryl M8 NEW LEADS,240526 MY Daryl M8 Video 011,25.77,3.0,35.0,626.0,613.0,41.166134,-,-,-
2026-05-30,2026-05-30,240526 MY Daryl M8 NEW LEADS,240526 MY Daryl M8 NEW LEADS,240526 MY Daryl M8 Video 013,5.15,,2.0,228.0,213.0,22.587719,-,-,-
2026-05-30,2026-05-30,240526 MY Daryl M8 NEW LEADS,240526 MY Daryl M8 NEW LEADS,240526 MY Daryl M8 Video 015,0.0,,0.0,1.0,1.0,0.0,-,-,-
2026-05-30,2026-05-30,300426 MY Daryl M8 LEADS Andromeda,270526 MY Daryl M8 Leads NEW,270526 MY Daryl M8 Image 002,4.02,,4.0,196.0,177.0,20.510204,-,-,-
2026-05-30,2026-05-30,300426 MY Daryl M8 LEADS Andromeda,270526 MY Daryl M8 Leads NEW,270526 MY Daryl M8 Video 008,0.47,,0.0,14.0,13.0,33.571429,-,-,-
2026-05-30,2026-05-30,300426 MY Daryl M8 LEADS Andromeda,300426 MY Daryl M8 Leads,300426 MY Daryl M8 Video 002,0.4,,0.0,9.0,9.0,44.444444,-,-,-
2026-05-30,2026-05-30,300426 MY Daryl M8 LEADS Andromeda,300426 MY Daryl M8 Leads,300426 MY Daryl M8 Video Hook 007,184.17,11.0,180.0,5040.0,4560.0,36.541667,Average,Average,Above average
2026-05-30,2026-05-30,300526 MY Daryl BRK SALES,300526 MY Daryl BRK SALES,300526 MY Daryl BRK Image 003,29.84,,64.0,3702.0,3136.0,8.060508,Average,Average,Above average
2026-05-30,2026-05-30,300526 MY Daryl BRK SALES,300526 MY Daryl BRK SALES,300526 MY Daryl BRK Video 008,0.13,,0.0,14.0,12.0,9.285714,-,-,-
2026-05-31,2026-05-31,240526 MY Daryl M8 NEW LEADS,240526 MY Daryl M8 NEW LEADS,240526 MY Daryl M8 Image 007,59.52,1.0,165.0,4590.0,4326.0,12.96732,Average,Above average,Above average
2026-05-31,2026-05-31,240526 MY Daryl M8 NEW LEADS,240526 MY Daryl M8 NEW LEADS,240526 MY Daryl M8 Video 011,109.11,9.0,239.0,5526.0,5104.0,19.744843,Average,Above average,Above average
2026-05-31,2026-05-31,240526 MY Daryl M8 NEW LEADS,240526 MY Daryl M8 NEW LEADS,240526 MY Daryl M8 Video 015,0.12,,2.0,6.0,6.0,20.0,-,-,-
2026-05-31,2026-05-31,300426 MY Daryl M8 LEADS Andromeda,270526 MY Daryl M8 Leads NEW,270526 MY Daryl M8 Image 002,4.46,,8.0,175.0,157.0,25.485714,-,-,-
2026-05-31,2026-05-31,300426 MY Daryl M8 LEADS Andromeda,300426 MY Daryl M8 Leads,300426 MY Daryl M8 Retargeting 003,0.07,,1.0,4.0,4.0,17.5,-,-,-
2026-05-31,2026-05-31,300426 MY Daryl M8 LEADS Andromeda,300426 MY Daryl M8 Leads,300426 MY Daryl M8 Video 002,0.65,,0.0,17.0,15.0,38.235294,-,-,-
2026-05-31,2026-05-31,300426 MY Daryl M8 LEADS Andromeda,300426 MY Daryl M8 Leads,"300426 MY Daryl M8 Video 3,5,2",0.04,,0.0,2.0,2.0,20.0,-,-,-
2026-05-31,2026-05-31,300426 MY Daryl M8 LEADS Andromeda,300426 MY Daryl M8 Leads,300426 MY Daryl M8 Video Hook 004,0.07,,0.0,3.0,3.0,23.333333,-,-,-
2026-05-31,2026-05-31,300426 MY Daryl M8 LEADS Andromeda,300426 MY Daryl M8 Leads,300426 MY Daryl M8 Video Hook 007,203.17,17.0,236.0,6679.0,5937.0,30.419224,Average,Average,Above average
2026-05-31,2026-05-31,300526 MY Daryl BRK SALES,300526 MY Daryl BRK SALES,300526 MY Daryl BRK Image 003,30.07,,44.0,3408.0,2932.0,8.823357,Average,Above average,Above average
2026-05-31,2026-05-31,300526 MY Daryl BRK SALES,300526 MY Daryl BRK SALES,300526 MY Daryl BRK Video 008,0.24,,1.0,15.0,15.0,16.0,-,-,-
2026-06-01,2026-06-01,240526 MY Daryl M8 NEW LEADS,240526 MY Daryl M8 NEW LEADS,240526 MY Daryl M8 Video 011,165.88,13.0,441.0,8662.0,7525.0,19.150312,Average,Above average,Above average
2026-06-01,2026-06-01,240526 MY Daryl M8 NEW LEADS,240526 MY Daryl M8 NEW LEADS,240526 MY Daryl M8 Video 013,0.89,,1.0,29.0,28.0,30.689655,-,-,-
2026-06-01,2026-06-01,240526 MY Daryl M8 NEW LEADS,240526 MY Daryl M8 NEW LEADS,240526 MY Daryl M8 Video 015,0.13,,0.0,7.0,7.0,18.571429,-,-,-
2026-06-01,2026-06-01,300426 MY Daryl M8 LEADS Andromeda,270526 MY Daryl M8 Leads NEW,270526 MY Daryl M8 Image 002,2.88,,2.0,91.0,80.0,31.648352,-,-,-
2026-06-01,2026-06-01,300426 MY Daryl M8 LEADS Andromeda,270526 MY Daryl M8 Leads NEW,270526 MY Daryl M8 Video 008,0.09,,0.0,6.0,6.0,15.0,-,-,-
2026-06-01,2026-06-01,300426 MY Daryl M8 LEADS Andromeda,270526 MY Daryl M8 Leads NEW,270526 MY Daryl M8 Video 010,0.07,,0.0,5.0,5.0,14.0,-,-,-
2026-06-01,2026-06-01,300426 MY Daryl M8 LEADS Andromeda,300426 MY Daryl M8 Leads,300426 MY Daryl M8 Retargeting 003,0.52,2.0,4.0,19.0,17.0,27.368421,-,-,-
2026-06-01,2026-06-01,300426 MY Daryl M8 LEADS Andromeda,300426 MY Daryl M8 Leads,"300426 MY Daryl M8 Video 3,5,2",0.39,,0.0,22.0,21.0,17.727273,-,-,-
2026-06-01,2026-06-01,300426 MY Daryl M8 LEADS Andromeda,300426 MY Daryl M8 Leads,300426 MY Daryl M8 Video Hook 007,199.71,14.0,213.0,6526.0,6007.0,30.602207,-,-,-
2026-06-01,2026-06-01,300526 MY Daryl BRK SALES,300526 MY Daryl BRK SALES,300526 MY Daryl BRK Image 003,22.96,,45.0,3007.0,2402.0,7.635517,Average,Average,Average
2026-06-01,2026-06-01,300526 MY Daryl BRK SALES,300526 MY Daryl BRK SALES,300526 MY Daryl BRK Video 008,0.0,,0.0,1.0,1.0,0.0,-,-,-
2026-06-02,2026-06-02,240526 MY Daryl M8 NEW LEADS,240526 MY Daryl M8 NEW LEADS,240526 MY Daryl M8 Video 011,150.45,17.0,385.0,7440.0,6900.0,20.221774,Average,Above average,Above average
2026-06-02,2026-06-02,240526 MY Daryl M8 NEW LEADS,240526 MY Daryl M8 NEW LEADS,240526 MY Daryl M8 Video 015,0.27,,0.0,10.0,9.0,27.0,-,-,-
2026-06-02,2026-06-02,300426 MY Daryl M8 LEADS Andromeda,270526 MY Daryl M8 Leads NEW,270526 MY Daryl M8 Image 002,6.34,,7.0,325.0,288.0,19.507692,-,-,-
2026-06-02,2026-06-02,300426 MY Daryl M8 LEADS Andromeda,270526 MY Daryl M8 Leads NEW,270526 MY Daryl M8 Video 008,0.07,,0.0,5.0,5.0,14.0,-,-,-
2026-06-02,2026-06-02,300426 MY Daryl M8 LEADS Andromeda,300426 MY Daryl M8 Leads,300426 MY Daryl M8 Video Hook 007,186.23,13.0,273.0,7263.0,6459.0,25.64092,Average,Average,Above average
2026-06-02,2026-06-02,300526 MY Daryl BRK SALES,300526 MY Daryl BRK SALES,300526 MY Daryl BRK Image 003,0.0,,0.0,0.0,0.0,,-,-,-
2026-06-03,2026-06-03,240526 MY Daryl M8 NEW LEADS,240526 MY Daryl M8 NEW LEADS,240526 MY Daryl M8 Video 011,130.88,10.0,217.0,4777.0,4418.0,27.397949,Below average - Bottom 35% of ads,Above average,Above average
2026-06-03,2026-06-03,240526 MY Daryl M8 NEW LEADS,240526 MY Daryl M8 NEW LEADS,240526 MY Daryl M8 Video 013,0.06,,0.0,5.0,4.0,12.0,-,-,-
2026-06-03,2026-06-03,300426 MY Daryl M8 LEADS Andromeda,300426 MY Daryl M8 Leads,300426 MY Daryl M8 Retargeting 003,6.67,,9.0,186.0,169.0,35.860215,-,-,-
2026-06-03,2026-06-03,300426 MY Daryl M8 LEADS Andromeda,300426 MY Daryl M8 Leads,300426 MY Daryl M8 Video 002,0.64,,1.0,26.0,25.0,24.615385,-,-,-
2026-06-03,2026-06-03,300426 MY Daryl M8 LEADS Andromeda,300426 MY Daryl M8 Leads,"300426 MY Daryl M8 Video 3,5,2",4.17,,7.0,117.0,104.0,35.641026,-,-,-
2026-06-03,2026-06-03,300426 MY Daryl M8 LEADS Andromeda,300426 MY Daryl M8 Leads,300426 MY Daryl M8 Video Hook 004,4.21,,5.0,212.0,198.0,19.858491,-,-,-
2026-06-03,2026-06-03,300426 MY Daryl M8 LEADS Andromeda,300426 MY Daryl M8 Leads,300426 MY Daryl M8 Video Hook 007,142.62,17.0,223.0,5152.0,4449.0,27.682453,Average,Above average,Above average
2026-06-04,2026-06-04,240526 MY Daryl M8 NEW LEADS,240526 MY Daryl M8 NEW LEADS,240526 MY Daryl M8 Image 007,0.0,,0.0,0.0,0.0,,-,-,-
2026-06-04,2026-06-04,240526 MY Daryl M8 NEW LEADS,240526 MY Daryl M8 NEW LEADS,240526 MY Daryl M8 Video 011,172.08,13.0,308.0,5863.0,5415.0,29.350162,-,-,-
2026-06-04,2026-06-04,240526 MY Daryl M8 NEW LEADS,240526 MY Daryl M8 NEW LEADS,240526 MY Daryl M8 Video 013,0.31,,0.0,15.0,14.0,20.666667,-,-,-
2026-06-04,2026-06-04,240526 MY Daryl M8 NEW LEADS,240526 MY Daryl M8 NEW LEADS,240526 MY Daryl M8 Video 015,1.06,,2.0,27.0,24.0,39.259259,-,-,-
2026-06-04,2026-06-04,300426 MY Daryl M8 LEADS Andromeda,300426 MY Daryl M8 Leads,300426 MY Daryl M8 Video 002,0.09,,0.0,5.0,5.0,18.0,-,-,-
2026-06-04,2026-06-04,300426 MY Daryl M8 LEADS Andromeda,300426 MY Daryl M8 Leads,300426 MY Daryl M8 Video Hook 007,221.28,20.0,298.0,7439.0,6841.0,29.745934,-,-,-
2026-06-05,2026-06-05,050626 MY Daryl BRK SALES NEW,050626 MY Daryl BRK SALES NEW,050626 MY Daryl BRK Image 003,0.99,,3.0,30.0,24.0,33.0,-,-,-
2026-06-05,2026-06-05,050626 MY Daryl BRK SALES NEW,050626 MY Daryl BRK SALES NEW,050626 MY Daryl BRK Video 001,17.87,,18.0,437.0,403.0,40.892449,-,-,-
2026-06-05,2026-06-05,050626 MY Daryl BRK SALES NEW,050626 MY Daryl BRK SALES NEW,050626 MY Daryl BRK Video 008,41.3,,29.0,682.0,608.0,60.557185,-,-,-
2026-06-05,2026-06-05,240526 MY Daryl M8 NEW LEADS,240526 MY Daryl M8 NEW LEADS,240526 MY Daryl M8 Video 011,117.37,14.0,227.0,3486.0,3168.0,33.668962,-,-,-
2026-06-05,2026-06-05,300426 MY Daryl M8 LEADS Andromeda,300426 MY Daryl M8 Leads,300426 MY Daryl M8 Retargeting 003,1.16,,0.0,32.0,32.0,36.25,-,-,-
2026-06-05,2026-06-05,300426 MY Daryl M8 LEADS Andromeda,300426 MY Daryl M8 Leads,300426 MY Daryl M8 Video 002,1.24,,2.0,27.0,27.0,45.925926,-,-,-
2026-06-05,2026-06-05,300426 MY Daryl M8 LEADS Andromeda,300426 MY Daryl M8 Leads,"300426 MY Daryl M8 Video 3,5,2",0.03,,0.0,2.0,2.0,15.0,-,-,-
2026-06-05,2026-06-05,300426 MY Daryl M8 LEADS Andromeda,300426 MY Daryl M8 Leads,300426 MY Daryl M8 Video Hook 004,0.45,,0.0,22.0,19.0,20.454545,-,-,-
2026-06-05,2026-06-05,300426 MY Daryl M8 LEADS Andromeda,300426 MY Daryl M8 Leads,300426 MY Daryl M8 Video Hook 007,150.18,10.0,242.0,5136.0,4871.0,29.240654,-,-,-
2026-07-01,2026-07-01,240526 MY Daryl M8 NEW LEADS,240526 MY Daryl M8 NEW LEADS,080626 MY Daryl M8 Video 014,235.89,15.0,230.0,6284.0,5859.0,37.538192,-,-,-
2026-07-01,2026-07-01,240526 MY Daryl M8 NEW LEADS,240526 MY Daryl M8 NEW LEADS,240526 MY Daryl M8 Video 011,94.95,17.0,155.0,2834.0,2424.0,33.503881,-,-,-
2026-07-01,2026-07-01,240526 MY Daryl M8 NEW LEADS,240526 MY Daryl M8 NEW LEADS,240526 MY Daryl M8 Video 013,0.3,,0.0,12.0,11.0,25.0,-,-,-
2026-07-01,2026-07-01,300426 MY Daryl M8 LEADS Andromeda,300426 MY Daryl M8 Leads,300426 MY Daryl M8 Retargeting 003,1.68,,3.0,46.0,43.0,36.521739,-,-,-
2026-07-01,2026-07-01,300426 MY Daryl M8 LEADS Andromeda,300426 MY Daryl M8 Leads,300426 MY Daryl M8 Video Hook 007,98.28,10.0,130.0,3846.0,3433.0,25.553822,-,-,-
2026-07-02,2026-07-02,240526 MY Daryl M8 NEW LEADS,240526 MY Daryl M8 NEW LEADS,080626 MY Daryl M8 Video 014,249.49,11.0,209.0,5909.0,5727.0,42.222034,Average,Above average,Above average
2026-07-02,2026-07-02,240526 MY Daryl M8 NEW LEADS,240526 MY Daryl M8 NEW LEADS,240526 MY Daryl M8 Video 011,85.12,9.0,160.0,2707.0,2507.0,31.444403,Average,Above average,Above average
2026-07-02,2026-07-02,300426 MY Daryl M8 LEADS Andromeda,300426 MY Daryl M8 Leads,300426 MY Daryl M8 Video Hook 007,98.81,11.0,108.0,3394.0,3081.0,29.113141,-,-,-
2026-07-03,2026-07-03,240526 MY Daryl M8 NEW LEADS,240526 MY Daryl M8 NEW LEADS,080626 MY Daryl M8 Video 014,178.6,14.0,156.0,4502.0,4260.0,39.671257,Average,Above average,Above average
2026-07-03,2026-07-03,240526 MY Daryl M8 NEW LEADS,240526 MY Daryl M8 NEW LEADS,240526 MY Daryl M8 Video 011,130.11,12.0,229.0,4559.0,4060.0,28.539153,Average,Above average,Above average
2026-07-03,2026-07-03,240526 MY Daryl M8 NEW LEADS,240526 MY Daryl M8 NEW LEADS,240526 MY Daryl M8 Video 013,0.36,,0.0,6.0,6.0,60.0,-,-,-
2026-07-03,2026-07-03,300426 MY Daryl M8 LEADS Andromeda,300426 MY Daryl M8 Leads,300426 MY Daryl M8 Retargeting 003,2.73,,2.0,50.0,47.0,54.6,-,-,-
2026-07-03,2026-07-03,300426 MY Daryl M8 LEADS Andromeda,300426 MY Daryl M8 Leads,300426 MY Daryl M8 Video Hook 007,87.08,13.0,106.0,3253.0,2895.0,26.769136,Average,Above average,Above average
2026-07-04,2026-07-04,240526 MY Daryl M8 NEW LEADS,240526 MY Daryl M8 NEW LEADS,080626 MY Daryl M8 Video 014,162.71,14.0,150.0,4055.0,3958.0,40.125771,Average,Above average,Above average
2026-07-04,2026-07-04,240526 MY Daryl M8 NEW LEADS,240526 MY Daryl M8 NEW LEADS,240526 MY Daryl M8 Video 011,131.75,7.0,207.0,4182.0,3946.0,31.504065,Average,Above average,Above average
2026-07-04,2026-07-04,240526 MY Daryl M8 NEW LEADS,240526 MY Daryl M8 NEW LEADS,240526 MY Daryl M8 Video 013,0.45,,0.0,18.0,18.0,25.0,-,-,-
2026-07-04,2026-07-04,300426 MY Daryl M8 LEADS Andromeda,300426 MY Daryl M8 Leads,300426 MY Daryl M8 Retargeting 003,0.04,,0.0,1.0,1.0,40.0,-,-,-
2026-07-04,2026-07-04,300426 MY Daryl M8 LEADS Andromeda,300426 MY Daryl M8 Leads,300426 MY Daryl M8 Video Hook 007,88.29,7.0,121.0,3062.0,2830.0,28.834095,-,-,-
2026-07-05,2026-07-05,240526 MY Daryl M8 NEW LEADS,240526 MY Daryl M8 NEW LEADS,080626 MY Daryl M8 Video 014,170.72,9.0,134.0,3755.0,3534.0,45.464714,Average,Above average,Above average
2026-07-05,2026-07-05,240526 MY Daryl M8 NEW LEADS,240526 MY Daryl M8 NEW LEADS,240526 MY Daryl M8 Video 011,120.67,16.0,139.0,2535.0,2389.0,47.601578,Average,Above average,Above average
2026-07-05,2026-07-05,300426 MY Daryl M8 LEADS Andromeda,300426 MY Daryl M8 Leads,300426 MY Daryl M8 Retargeting 003,1.2,,2.0,31.0,31.0,38.709677,-,-,-
2026-07-05,2026-07-05,300426 MY Daryl M8 LEADS Andromeda,300426 MY Daryl M8 Leads,300426 MY Daryl M8 Video Hook 007,138.3,9.0,140.0,4967.0,4448.0,27.843769,Below average - Bottom 35% of ads,Average,Above average
2026-07-06,2026-07-06,240526 MY Daryl M8 NEW LEADS,240526 MY Daryl M8 NEW LEADS,080626 MY Daryl M8 Video 014,178.19,12.0,154.0,4276.0,4031.0,41.672123,Average,Above average,Above average
2026-07-06,2026-07-06,240526 MY Daryl M8 NEW LEADS,240526 MY Daryl M8 NEW LEADS,240526 MY Daryl M8 Video 011,120.19,5.0,190.0,2816.0,2681.0,42.681108,Below average - Bottom 35% of ads,Above average,Above average
2026-07-06,2026-07-06,240526 MY Daryl M8 NEW LEADS,240526 MY Daryl M8 NEW LEADS,240526 MY Daryl M8 Video 013,2.06,,1.0,41.0,38.0,50.243902,-,-,-
2026-07-06,2026-07-06,300426 MY Daryl M8 LEADS Andromeda,300426 MY Daryl M8 Leads,300426 MY Daryl M8 Retargeting 003,0.79,,0.0,22.0,22.0,35.909091,-,-,-
2026-07-06,2026-07-06,300426 MY Daryl M8 LEADS Andromeda,300426 MY Daryl M8 Leads,300426 MY Daryl M8 Video Hook 007,137.59,14.0,176.0,5173.0,4735.0,26.597719,-,-,-
2026-07-07,2026-07-07,240526 MY Daryl M8 NEW LEADS,240526 MY Daryl M8 NEW LEADS,070726 MY Daryl M8 Image 015,3.06,,3.0,90.0,86.0,34.0,-,-,-
2026-07-07,2026-07-07,240526 MY Daryl M8 NEW LEADS,240526 MY Daryl M8 NEW LEADS,080626 MY Daryl M8 Video 014,163.03,18.0,196.0,4511.0,4140.0,36.140545,Average,Above average,Above average
2026-07-07,2026-07-07,240526 MY Daryl M8 NEW LEADS,240526 MY Daryl M8 NEW LEADS,240526 MY Daryl M8 Video 011,122.43,5.0,185.0,2715.0,2539.0,45.093923,Below average - Bottom 35% of ads,Above average,Above average
2026-07-07,2026-07-07,240526 MY Daryl M8 NEW LEADS,240526 MY Daryl M8 NEW LEADS,240526 MY Daryl M8 Video 013,0.04,,0.0,2.0,2.0,20.0,-,-,-
2026-07-07,2026-07-07,300426 MY Daryl M8 LEADS Andromeda,300426 MY Daryl M8 Leads,300426 MY Daryl M8 Retargeting 003,0.17,,2.0,3.0,3.0,56.666667,-,-,-
2026-07-07,2026-07-07,300426 MY Daryl M8 LEADS Andromeda,300426 MY Daryl M8 Leads,300426 MY Daryl M8 Video Hook 007,149.97,12.0,180.0,5595.0,5036.0,26.80429,-,-,-
2026-07-08,2026-07-08,240526 MY Daryl M8 NEW LEADS,240526 MY Daryl M8 NEW LEADS,070726 MY Daryl M8 Image 015,47.57,2.0,53.0,1949.0,1601.0,24.407388,Average,Average,Above average
2026-07-08,2026-07-08,240526 MY Daryl M8 NEW LEADS,240526 MY Daryl M8 NEW LEADS,080626 MY Daryl M8 Video 014,148.03,12.0,173.0,4804.0,4577.0,30.813905,Below average - Bottom 35% of ads,Above average,Above average
2026-07-08,2026-07-08,240526 MY Daryl M8 NEW LEADS,240526 MY Daryl M8 NEW LEADS,240526 MY Daryl M8 Video 011,79.66,6.0,117.0,1908.0,1837.0,41.750524,Below average - Bottom 35% of ads,Above average,Above average
2026-07-08,2026-07-08,240526 MY Daryl M8 NEW LEADS,240526 MY Daryl M8 NEW LEADS,240526 MY Daryl M8 Video 013,0.03,,0.0,1.0,1.0,30.0,-,-,-
2026-07-08,2026-07-08,300426 MY Daryl M8 LEADS Andromeda,300426 MY Daryl M8 Leads,300426 MY Daryl M8 Retargeting 003,0.23,,0.0,9.0,9.0,25.555556,-,-,-
2026-07-08,2026-07-08,300426 MY Daryl M8 LEADS Andromeda,300426 MY Daryl M8 Leads,300426 MY Daryl M8 Video Hook 007,154.65,11.0,207.0,6222.0,5576.0,24.855352,Average,Above average,Above average
2026-07-09,2026-07-09,240526 MY Daryl M8 NEW LEADS,240526 MY Daryl M8 NEW LEADS,070726 MY Daryl M8 Image 015,36.28,6.0,72.0,1846.0,1535.0,19.653304,Average,Average,Above average
2026-07-09,2026-07-09,240526 MY Daryl M8 NEW LEADS,240526 MY Daryl M8 NEW LEADS,080626 MY Daryl M8 Video 014,96.51,8.0,98.0,2955.0,2877.0,32.659898,Average,Above average,Above average
2026-07-09,2026-07-09,240526 MY Daryl M8 NEW LEADS,240526 MY Daryl M8 NEW LEADS,240526 MY Daryl M8 Video 011,103.41,11.0,155.0,2315.0,2127.0,44.669546,Below average - Bottom 35% of ads,Above average,Above average
2026-07-09,2026-07-09,240526 MY Daryl M8 NEW LEADS,240526 MY Daryl M8 NEW LEADS,240526 MY Daryl M8 Video 013,0.65,,0.0,18.0,18.0,36.111111,-,-,-
2026-07-09,2026-07-09,300426 MY Daryl M8 LEADS Andromeda,300426 MY Daryl M8 Leads,300426 MY Daryl M8 Video Hook 007,130.84,5.0,186.0,4564.0,4334.0,28.667835,Average,Above average,Above average
2026-07-10,2026-07-10,240526 MY Daryl M8 NEW LEADS,240526 MY Daryl M8 NEW LEADS,070726 MY Daryl M8 Image 015,27.62,4.0,56.0,1611.0,1452.0,17.144631,Below average - Bottom 35% of ads,Average,Above average
2026-07-10,2026-07-10,240526 MY Daryl M8 NEW LEADS,240526 MY Daryl M8 NEW LEADS,080626 MY Daryl M8 Video 014,132.22,24.0,176.0,4616.0,4450.0,28.643847,Average,Above average,Above average
2026-07-10,2026-07-10,240526 MY Daryl M8 NEW LEADS,240526 MY Daryl M8 NEW LEADS,240526 MY Daryl M8 Video 011,122.9,13.0,210.0,3125.0,2895.0,39.328,Below average - Bottom 35% of ads,Above average,Above average
2026-07-10,2026-07-10,300426 MY Daryl M8 LEADS Andromeda,300426 MY Daryl M8 Leads,300426 MY Daryl M8 Video Hook 007,165.98,15.0,257.0,6622.0,6151.0,25.064935,-,-,-
2026-07-11,2026-07-11,240526 MY Daryl M8 NEW LEADS,240526 MY Daryl M8 NEW LEADS,070726 MY Daryl M8 Image 015,14.28,,23.0,701.0,667.0,20.370899,Average,Average,Above average
2026-07-11,2026-07-11,240526 MY Daryl M8 NEW LEADS,240526 MY Daryl M8 NEW LEADS,080626 MY Daryl M8 Video 014,132.13,11.0,128.0,4020.0,3807.0,32.868159,Average,Above average,Above average
2026-07-11,2026-07-11,240526 MY Daryl M8 NEW LEADS,240526 MY Daryl M8 NEW LEADS,240526 MY Daryl M8 Video 011,103.4,13.0,160.0,2293.0,2187.0,45.093764,Below average - Bottom 35% of ads,Above average,Above average
2026-07-11,2026-07-11,240526 MY Daryl M8 NEW LEADS,240526 MY Daryl M8 NEW LEADS,240526 MY Daryl M8 Video 013,0.31,,1.0,13.0,12.0,23.846154,-,-,-
2026-07-11,2026-07-11,300426 MY Daryl M8 LEADS Andromeda,300426 MY Daryl M8 Leads,300426 MY Daryl M8 Retargeting 003,0.18,,0.0,11.0,10.0,16.363636,-,-,-
2026-07-11,2026-07-11,300426 MY Daryl M8 LEADS Andromeda,300426 MY Daryl M8 Leads,300426 MY Daryl M8 Video Hook 007,143.88,9.0,195.0,5606.0,5286.0,25.665359,Average,Average,Above average
2026-07-12,2026-07-12,240526 MY Daryl M8 NEW LEADS,240526 MY Daryl M8 NEW LEADS,070726 MY Daryl M8 Image 015,24.44,1.0,55.0,1330.0,1193.0,18.37594,Below average - Bottom 35% of ads,Average,Above average
2026-07-12,2026-07-12,240526 MY Daryl M8 NEW LEADS,240526 MY Daryl M8 NEW LEADS,080626 MY Daryl M8 Video 014,160.54,7.0,162.0,4591.0,4318.0,34.968416,Average,Average,Above average
2026-07-12,2026-07-12,300426 MY Daryl M8 LEADS Andromeda,300426 MY Daryl M8 Leads,130726 MY Daryl M8 Image 016,0.45,,0.0,18.0,18.0,25.0,-,-,-
2026-07-12,2026-07-12,240526 MY Daryl M8 NEW LEADS,240526 MY Daryl M8 NEW LEADS,240526 MY Daryl M8 Video 011,129.65,12.0,256.0,3501.0,3293.0,37.032276,Below average - Bottom 35% of ads,Above average,Above average
2026-07-12,2026-07-12,300426 MY Daryl M8 LEADS Andromeda,300426 MY Daryl M8 Leads,300426 MY Daryl M8 Video Hook 007,177.43,15.0,307.0,6992.0,6526.0,25.376144,-,-,-
2026-07-13,2026-07-13,240526 MY Daryl M8 NEW LEADS,240526 MY Daryl M8 NEW LEADS,070726 MY Daryl M8 Image 015,16.3,2.0,35.0,949.0,838.0,17.175975,Average,Average,Above average
2026-07-13,2026-07-13,240526 MY Daryl M8 NEW LEADS,240526 MY Daryl M8 NEW LEADS,080626 MY Daryl M8 Video 014,133.14,11.0,162.0,4472.0,4311.0,29.771914,Average,Above average,Above average
2026-07-13,2026-07-13,130726 MY Daryl M8 DT LEADS,130726 MY Daryl M8 DT LEADS (Home Schooling),130726 MY Daryl M8 DT Video 011 (Home Schooling),31.76,3.0,62.0,963.0,937.0,32.98027,-,-,-
2026-07-13,2026-07-13,130726 MY Daryl M8 DT LEADS,130726 MY Daryl M8 DT LEADS (Neuro),130726 MY Daryl M8 DT Video 011 (Neuro),27.43,1.0,55.0,877.0,840.0,31.277081,-,-,-
2026-07-13,2026-07-13,130726 MY Daryl M8 DT LEADS,130726 MY Daryl M8 DT LEADS (Parent with Children),130726 MY Daryl M8 DT Video 011 (Parent with Children),30.64,2.0,62.0,813.0,801.0,37.687577,-,-,-
2026-07-13,2026-07-13,130726 MY Daryl M8 DT LEADS,130726 MY Daryl M8 DT LEADS (Parent with Children),130726 MY Daryl M8 DT Video Hook 007,7.24,,6.0,220.0,207.0,32.909091,-,-,-
2026-07-13,2026-07-13,130726 MY Daryl M8 DT LEADS,130726 MY Daryl M8 DT LEADS (Neuro),130726 MY Daryl M8 DT Video Hook 007 (Home Schooling),9.11,2.0,17.0,337.0,315.0,27.032641,-,-,-
2026-07-13,2026-07-13,300426 MY Daryl M8 LEADS Andromeda,300426 MY Daryl M8 Leads,130726 MY Daryl M8 Image 016,21.09,1.0,34.0,1037.0,850.0,20.337512,-,-,-
2026-07-13,2026-07-13,240526 MY Daryl M8 NEW LEADS,240526 MY Daryl M8 NEW LEADS,240526 MY Daryl M8 Video 011,126.56,19.0,283.0,3843.0,3630.0,32.932605,Below average - Bottom 35% of ads,Above average,Above average
2026-07-13,2026-07-13,240526 MY Daryl M8 NEW LEADS,240526 MY Daryl M8 NEW LEADS,240526 MY Daryl M8 Video 013,0.23,,0.0,5.0,5.0,46.0,-,-,-
2026-07-13,2026-07-13,300426 MY Daryl M8 LEADS Andromeda,300426 MY Daryl M8 Leads,300426 MY Daryl M8 Retargeting 003,0.06,,0.0,4.0,4.0,15.0,-,-,-
2026-07-13,2026-07-13,300426 MY Daryl M8 LEADS Andromeda,300426 MY Daryl M8 Leads,300426 MY Daryl M8 Video Hook 007,140.29,13.0,206.0,6207.0,5785.0,22.601901,-,-,-
2026-07-14,2026-07-14,240526 MY Daryl M8 NEW LEADS,240526 MY Daryl M8 NEW LEADS,070726 MY Daryl M8 Image 015,7.65,,20.0,404.0,390.0,18.935644,-,-,-
2026-07-14,2026-07-14,240526 MY Daryl M8 NEW LEADS,240526 MY Daryl M8 NEW LEADS,080626 MY Daryl M8 Video 014,125.36,12.0,132.0,4079.0,4017.0,30.733023,Average,Above average,Above average
2026-07-14,2026-07-14,130726 MY Daryl M8 DT LEADS,130726 MY Daryl M8 DT LEADS (Home Schooling),130726 MY Daryl M8 DT Video 011 (Home Schooling),28.58,1.0,55.0,1111.0,1100.0,25.724572,Below average - Bottom 35% of ads,Above average,Above average
2026-07-14,2026-07-14,130726 MY Daryl M8 DT LEADS,130726 MY Daryl M8 DT LEADS (Neuro),130726 MY Daryl M8 DT Video 011 (Neuro),26.87,2.0,57.0,999.0,974.0,26.896897,-,-,-
2026-07-14,2026-07-14,130726 MY Daryl M8 DT LEADS,130726 MY Daryl M8 DT LEADS (Parent with Children),130726 MY Daryl M8 DT Video 011 (Parent with Children),25.83,1.0,53.0,881.0,822.0,29.318956,-,-,-
2026-07-14,2026-07-14,130726 MY Daryl M8 DT LEADS,130726 MY Daryl M8 DT LEADS (Parent with Children),130726 MY Daryl M8 DT Video Hook 007,6.45,1.0,7.0,230.0,218.0,28.043478,-,-,-
2026-07-14,2026-07-14,130726 MY Daryl M8 DT LEADS,130726 MY Daryl M8 DT LEADS (Neuro),130726 MY Daryl M8 DT Video Hook 007 (Home Schooling),5.45,,9.0,215.0,212.0,25.348837,-,-,-
2026-07-14,2026-07-14,300426 MY Daryl M8 LEADS Andromeda,300426 MY Daryl M8 Leads,130726 MY Daryl M8 Image 016,26.16,1.0,34.0,1360.0,1138.0,19.235294,-,-,-
2026-07-14,2026-07-14,240526 MY Daryl M8 NEW LEADS,240526 MY Daryl M8 NEW LEADS,240526 MY Daryl M8 Video 011,134.65,7.0,238.0,3290.0,3072.0,40.927052,Below average - Bottom 35% of ads,Above average,Above average
2026-07-14,2026-07-14,240526 MY Daryl M8 NEW LEADS,240526 MY Daryl M8 NEW LEADS,240526 MY Daryl M8 Video 013,0.72,,0.0,12.0,9.0,60.0,-,-,-
2026-07-14,2026-07-14,300426 MY Daryl M8 LEADS Andromeda,300426 MY Daryl M8 Leads,300426 MY Daryl M8 Video Hook 007,115.15,6.0,142.0,4598.0,4453.0,25.043497,-,-,-
2026-07-15,2026-07-15,240526 MY Daryl M8 NEW LEADS,240526 MY Daryl M8 NEW LEADS,070726 MY Daryl M8 Image 015,11.68,,17.0,512.0,483.0,22.8125,-,-,-
2026-07-15,2026-07-15,240526 MY Daryl M8 NEW LEADS,240526 MY Daryl M8 NEW LEADS,080626 MY Daryl M8 Video 014,180.98,8.0,166.0,6053.0,5630.0,29.899224,Average,Above average,Above average
2026-07-15,2026-07-15,130726 MY Daryl M8 DT LEADS,130726 MY Daryl M8 DT LEADS (Home Schooling),130726 MY Daryl M8 DT Video 011 (Home Schooling),27.73,2.0,64.0,983.0,942.0,28.209563,-,-,-
2026-07-15,2026-07-15,130726 MY Daryl M8 DT LEADS,130726 MY Daryl M8 DT LEADS (Neuro),130726 MY Daryl M8 DT Video 011 (Neuro),28.07,1.0,60.0,771.0,731.0,36.407263,-,-,-
2026-07-15,2026-07-15,130726 MY Daryl M8 DT LEADS,130726 MY Daryl M8 DT LEADS (Parent with Children),130726 MY Daryl M8 DT Video 011 (Parent with Children),12.8,,24.0,335.0,335.0,38.208955,-,-,-
2026-07-15,2026-07-15,130726 MY Daryl M8 DT LEADS,130726 MY Daryl M8 DT LEADS (Parent with Children),130726 MY Daryl M8 DT Video Hook 007,10.85,1.0,18.0,357.0,348.0,30.392157,-,-,-
2026-07-15,2026-07-15,130726 MY Daryl M8 DT LEADS,130726 MY Daryl M8 DT LEADS (Neuro),130726 MY Daryl M8 DT Video Hook 007 (Home Schooling),0.77,1.0,6.0,25.0,25.0,30.8,-,-,-
2026-07-15,2026-07-15,300426 MY Daryl M8 LEADS Andromeda,300426 MY Daryl M8 Leads,130726 MY Daryl M8 Image 016,3.7,,5.0,222.0,204.0,16.666667,-,-,-
2026-07-15,2026-07-15,130726 MY Daryl M8 DT LEADS,130726 MY Daryl M8 DT LEADS (Parent with Children),150726 MY Daryl M8 DT Image 003,2.45,,0.0,105.0,92.0,23.333333,-,-,-
2026-07-15,2026-07-15,130726 MY Daryl M8 DT LEADS,130726 MY Daryl M8 DT LEADS (Neuro),160726 MY Daryl M8 DT Image 003 (Neuro),0.07,,1.0,4.0,4.0,17.5,-,-,-
2026-07-15,2026-07-15,130726 MY Daryl M8 DT LEADS,130726 MY Daryl M8 DT LEADS (Parent with Children),160726 MY Daryl M8 DT Video 014,0.08,,0.0,7.0,7.0,11.428571,-,-,-
2026-07-15,2026-07-15,130726 MY Daryl M8 DT LEADS,130726 MY Daryl M8 DT LEADS (Neuro),160726 MY Daryl M8 DT Video 014 (Neuro),0.53,,0.0,4.0,4.0,132.5,-,-,-
2026-07-15,2026-07-15,240526 MY Daryl M8 NEW LEADS,240526 MY Daryl M8 NEW LEADS,240526 MY Daryl M8 Video 011,69.63,2.0,106.0,1650.0,1610.0,42.2,Below average - Bottom 35% of ads,Above average,Above average
2026-07-15,2026-07-15,300426 MY Daryl M8 LEADS Andromeda,300426 MY Daryl M8 Leads,300426 MY Daryl M8 Retargeting 003,0.11,,1.0,4.0,4.0,27.5,-,-,-
2026-07-15,2026-07-15,300426 MY Daryl M8 LEADS Andromeda,300426 MY Daryl M8 Leads,300426 MY Daryl M8 Video Hook 007,128.85,17.0,193.0,5275.0,4877.0,24.42654,-,-,-
2026-07-16,2026-07-16,240526 MY Daryl M8 NEW LEADS,240526 MY Daryl M8 NEW LEADS,070726 MY Daryl M8 Image 015,4.69,,11.0,240.0,229.0,19.541667,-,-,-
2026-07-16,2026-07-16,240526 MY Daryl M8 NEW LEADS,240526 MY Daryl M8 NEW LEADS,080626 MY Daryl M8 Video 014,177.2,17.0,181.0,6273.0,5919.0,28.248047,Average,Above average,Above average
2026-07-16,2026-07-16,130726 MY Daryl M8 DT LEADS,130726 MY Daryl M8 DT LEADS (Home Schooling),130726 MY Daryl M8 DT Video 011 (Home Schooling),0.0,,0.0,0.0,0.0,,-,-,-
2026-07-16,2026-07-16,130726 MY Daryl M8 DT LEADS,130726 MY Daryl M8 DT LEADS (Neuro),130726 MY Daryl M8 DT Video 011 (Neuro),0.0,,0.0,0.0,0.0,,-,-,-
2026-07-16,2026-07-16,130726 MY Daryl M8 DT LEADS,130726 MY Daryl M8 DT LEADS (Parent with Children),130726 MY Daryl M8 DT Video Hook 007,21.38,1.0,22.0,724.0,720.0,29.530387,-,-,-
2026-07-16,2026-07-16,130726 MY Daryl M8 DT LEADS,130726 MY Daryl M8 DT LEADS (Neuro),130726 MY Daryl M8 DT Video Hook 007 (Home Schooling),25.7,1.0,33.0,893.0,854.0,28.779395,-,-,-
2026-07-16,2026-07-16,300426 MY Daryl M8 LEADS Andromeda,300426 MY Daryl M8 Leads,130726 MY Daryl M8 Image 016,1.82,,3.0,83.0,79.0,21.927711,-,-,-
2026-07-16,2026-07-16,130726 MY Daryl M8 DT LEADS,130726 MY Daryl M8 DT LEADS (Parent with Children),150726 MY Daryl M8 DT Image 003,0.1,,0.0,6.0,6.0,16.666667,-,-,-
2026-07-16,2026-07-16,130726 MY Daryl M8 DT LEADS,130726 MY Daryl M8 DT LEADS (Home Schooling),160726 MY Daryl M8 DT Image 003 (Home Schooling),1.33,1.0,4.0,60.0,58.0,22.166667,-,-,-
2026-07-16,2026-07-16,130726 MY Daryl M8 DT LEADS,130726 MY Daryl M8 DT LEADS (Neuro),160726 MY Daryl M8 DT Image 003 (Neuro),0.0,,0.0,1.0,1.0,0.0,-,-,-
2026-07-16,2026-07-16,130726 MY Daryl M8 DT LEADS,130726 MY Daryl M8 DT LEADS (Parent with Children),160726 MY Daryl M8 DT Video 014,7.37,1.0,3.0,200.0,196.0,36.85,-,-,-
2026-07-16,2026-07-16,130726 MY Daryl M8 DT LEADS,130726 MY Daryl M8 DT LEADS (Home Schooling),160726 MY Daryl M8 DT Video 014 (Home Schooling),25.91,2.0,23.0,914.0,861.0,28.347921,Average,Average,Above average
2026-07-16,2026-07-16,130726 MY Daryl M8 DT LEADS,130726 MY Daryl M8 DT LEADS (Neuro),160726 MY Daryl M8 DT Video 014 (Neuro),0.26,,0.0,18.0,18.0,14.444444,-,-,-
2026-07-16,2026-07-16,240526 MY Daryl M8 NEW LEADS,240526 MY Daryl M8 NEW LEADS,240526 MY Daryl M8 Video 011,69.1,6.0,110.0,1804.0,1704.0,38.303769,Below average - Bottom 35% of ads,Above average,Above average
2026-07-16,2026-07-16,240526 MY Daryl M8 NEW LEADS,240526 MY Daryl M8 NEW LEADS,240526 MY Daryl M8 Video 013,0.33,,1.0,8.0,7.0,41.25,-,-,-
2026-07-16,2026-07-16,300426 MY Daryl M8 LEADS Andromeda,300426 MY Daryl M8 Leads,300426 MY Daryl M8 Retargeting 003,0.68,,1.0,16.0,16.0,42.5,-,-,-
2026-07-16,2026-07-16,300426 MY Daryl M8 LEADS Andromeda,300426 MY Daryl M8 Leads,300426 MY Daryl M8 Video Hook 007,145.93,12.0,236.0,6523.0,5847.0,22.371608,-,-,-
2026-07-17,2026-07-17,240526 MY Daryl M8 NEW LEADS,240526 MY Daryl M8 NEW LEADS,070726 MY Daryl M8 Image 015,7.99,,14.0,393.0,359.0,20.330789,-,-,-
2026-07-17,2026-07-17,240526 MY Daryl M8 NEW LEADS,240526 MY Daryl M8 NEW LEADS,080626 MY Daryl M8 Video 014,172.51,16.0,197.0,5886.0,5629.0,29.308529,Average,Above average,Above average
2026-07-17,2026-07-17,130726 MY Daryl M8 DT LEADS,130726 MY Daryl M8 DT LEADS (Parent with Children),130726 MY Daryl M8 DT Video Hook 007,12.28,1.0,13.0,411.0,392.0,29.878346,-,-,-
2026-07-17,2026-07-17,130726 MY Daryl M8 DT LEADS,130726 MY Daryl M8 DT LEADS (Neuro),130726 MY Daryl M8 DT Video Hook 007 (Home Schooling),9.5,2.0,13.0,300.0,294.0,31.666667,-,-,-
2026-07-17,2026-07-17,300426 MY Daryl M8 LEADS Andromeda,300426 MY Daryl M8 Leads,130726 MY Daryl M8 Image 016,0.55,,0.0,19.0,17.0,28.947368,-,-,-
2026-07-17,2026-07-17,130726 MY Daryl M8 DT LEADS,130726 MY Daryl M8 DT LEADS (Parent with Children),150726 MY Daryl M8 DT Image 003,2.14,,5.0,110.0,103.0,19.454545,-,-,-
2026-07-17,2026-07-17,130726 MY Daryl M8 DT LEADS,130726 MY Daryl M8 DT LEADS (Home Schooling),160726 MY Daryl M8 DT Image 003 (Home Schooling),0.35,,0.0,25.0,23.0,14.0,-,-,-
2026-07-17,2026-07-17,130726 MY Daryl M8 DT LEADS,130726 MY Daryl M8 DT LEADS (Neuro),160726 MY Daryl M8 DT Image 003 (Neuro),1.3,,1.0,61.0,54.0,21.311475,-,-,-
2026-07-17,2026-07-17,130726 MY Daryl M8 DT LEADS,130726 MY Daryl M8 DT LEADS (Parent with Children),160726 MY Daryl M8 DT Video 014,17.63,1.0,16.0,486.0,483.0,36.27572,-,-,-
2026-07-17,2026-07-17,130726 MY Daryl M8 DT LEADS,130726 MY Daryl M8 DT LEADS (Home Schooling),160726 MY Daryl M8 DT Video 014 (Home Schooling),29.57,4.0,35.0,935.0,884.0,31.625668,Average,Average,Above average
2026-07-17,2026-07-17,130726 MY Daryl M8 DT LEADS,130726 MY Daryl M8 DT LEADS (Neuro),160726 MY Daryl M8 DT Video 014 (Neuro),23.2,2.0,24.0,700.0,693.0,33.142857,Average,Average,Above average
2026-07-17,2026-07-17,240526 MY Daryl M8 NEW LEADS,240526 MY Daryl M8 NEW LEADS,240526 MY Daryl M8 Video 011,84.7,6.0,142.0,2184.0,1992.0,38.782051,Below average - Bottom 35% of ads,Above average,Above average
2026-07-17,2026-07-17,300426 MY Daryl M8 LEADS Andromeda,300426 MY Daryl M8 Leads,300426 MY Daryl M8 Video Hook 007,151.41,6.0,202.0,6541.0,6035.0,23.147837,-,-,-
2026-07-18,2026-07-18,240526 MY Daryl M8 NEW LEADS,240526 MY Daryl M8 NEW LEADS,070726 MY Daryl M8 Image 015,5.28,1.0,16.0,248.0,232.0,21.290323,-,-,-
2026-07-18,2026-07-18,240526 MY Daryl M8 NEW LEADS,240526 MY Daryl M8 NEW LEADS,080626 MY Daryl M8 Video 014,169.4,14.0,188.0,5444.0,5020.0,31.116826,Average,Average,Above average
2026-07-18,2026-07-18,130726 MY Daryl M8 DT LEADS,130726 MY Daryl M8 DT LEADS (Parent with Children),130726 MY Daryl M8 DT Video Hook 007,2.57,,1.0,101.0,99.0,25.445545,-,-,-
2026-07-18,2026-07-18,130726 MY Daryl M8 DT LEADS,130726 MY Daryl M8 DT LEADS (Neuro),130726 MY Daryl M8 DT Video Hook 007 (Home Schooling),5.65,,4.0,194.0,192.0,29.123711,-,-,-
2026-07-18,2026-07-18,130726 MY Daryl M8 DT LEADS,130726 MY Daryl M8 DT LEADS (Parent with Children),150726 MY Daryl M8 DT Image 003,0.03,,0.0,2.0,2.0,15.0,-,-,-
2026-07-18,2026-07-18,130726 MY Daryl M8 DT LEADS,130726 MY Daryl M8 DT LEADS (Home Schooling),160726 MY Daryl M8 DT Image 003 (Home Schooling),0.03,,0.0,5.0,5.0,6.0,-,-,-
2026-07-18,2026-07-18,130726 MY Daryl M8 DT LEADS,130726 MY Daryl M8 DT LEADS (Parent with Children),160726 MY Daryl M8 DT Video 014,20.05,1.0,15.0,568.0,550.0,35.299296,Average,Average,Above average
2026-07-18,2026-07-18,130726 MY Daryl M8 DT LEADS,130726 MY Daryl M8 DT LEADS (Home Schooling),160726 MY Daryl M8 DT Video 014 (Home Schooling),24.92,2.0,34.0,822.0,798.0,30.316302,Average,Average,Above average
2026-07-18,2026-07-18,130726 MY Daryl M8 DT LEADS,130726 MY Daryl M8 DT LEADS (Neuro),160726 MY Daryl M8 DT Video 014 (Neuro),15.94,,14.0,503.0,503.0,31.689861,Average,Average,Above average
2026-07-18,2026-07-18,240526 MY Daryl M8 NEW LEADS,240526 MY Daryl M8 NEW LEADS,240526 MY Daryl M8 Video 011,63.21,2.0,108.0,1777.0,1630.0,35.571187,Below average - Bottom 35% of ads,Above average,Above average
2026-07-18,2026-07-18,240526 MY Daryl M8 NEW LEADS,240526 MY Daryl M8 NEW LEADS,240526 MY Daryl M8 Video 013,0.02,,0.0,1.0,1.0,20.0,-,-,-
2026-07-18,2026-07-18,300426 MY Daryl M8 LEADS Andromeda,300426 MY Daryl M8 Leads,300426 MY Daryl M8 Retargeting 003,0.28,,0.0,7.0,7.0,40.0,-,-,-
2026-07-18,2026-07-18,300426 MY Daryl M8 LEADS Andromeda,300426 MY Daryl M8 Leads,300426 MY Daryl M8 Video Hook 007,136.03,18.0,205.0,5512.0,5061.0,24.678882,-,-,-
2026-07-19,2026-07-19,240526 MY Daryl M8 NEW LEADS,240526 MY Daryl M8 NEW LEADS,070726 MY Daryl M8 Image 015,12.65,,23.0,746.0,640.0,16.957105,-,-,-
2026-07-19,2026-07-19,240526 MY Daryl M8 NEW LEADS,240526 MY Daryl M8 NEW LEADS,080626 MY Daryl M8 Video 014,179.07,9.0,196.0,6328.0,6074.0,28.29804,Average,Average,Above average
2026-07-19,2026-07-19,130726 MY Daryl M8 DT LEADS,130726 MY Daryl M8 DT LEADS (Parent with Children),130726 MY Daryl M8 DT Video Hook 007,0.99,,0.0,35.0,34.0,28.285714,-,-,-
2026-07-19,2026-07-19,130726 MY Daryl M8 DT LEADS,130726 MY Daryl M8 DT LEADS (Neuro),130726 MY Daryl M8 DT Video Hook 007 (Home Schooling),1.37,,1.0,31.0,30.0,44.193548,-,-,-
2026-07-19,2026-07-19,300426 MY Daryl M8 LEADS Andromeda,300426 MY Daryl M8 Leads,130726 MY Daryl M8 Image 016,0.04,,0.0,5.0,5.0,8.0,-,-,-
2026-07-19,2026-07-19,130726 MY Daryl M8 DT LEADS,130726 MY Daryl M8 DT LEADS (Parent with Children),150726 MY Daryl M8 DT Image 003,0.05,,0.0,5.0,5.0,10.0,-,-,-
2026-07-19,2026-07-19,130726 MY Daryl M8 DT LEADS,130726 MY Daryl M8 DT LEADS (Home Schooling),160726 MY Daryl M8 DT Image 003 (Home Schooling),0.79,,3.0,34.0,30.0,23.235294,-,-,-
2026-07-19,2026-07-19,130726 MY Daryl M8 DT LEADS,130726 MY Daryl M8 DT LEADS (Neuro),160726 MY Daryl M8 DT Image 003 (Neuro),1.33,,0.0,64.0,61.0,20.78125,-,-,-
2026-07-19,2026-07-19,130726 MY Daryl M8 DT LEADS,130726 MY Daryl M8 DT LEADS (Parent with Children),160726 MY Daryl M8 DT Video 014,13.86,,12.0,475.0,475.0,29.178947,-,-,-
2026-07-19,2026-07-19,130726 MY Daryl M8 DT LEADS,130726 MY Daryl M8 DT LEADS (Home Schooling),160726 MY Daryl M8 DT Video 014 (Home Schooling),29.68,4.0,36.0,1069.0,1048.0,27.764266,Average,Average,Above average
2026-07-19,2026-07-19,130726 MY Daryl M8 DT LEADS,130726 MY Daryl M8 DT LEADS (Neuro),160726 MY Daryl M8 DT Video 014 (Neuro),34.72,1.0,39.0,1172.0,1157.0,29.624573,Average,Average,Above average
2026-07-19,2026-07-19,300426 MY Daryl M8 LEADS Andromeda,300426 MY Daryl M8 Leads,200726 MY Daryl M8 Image 015,0.09,,0.0,8.0,8.0,11.25,-,-,-
2026-07-19,2026-07-19,240526 MY Daryl M8 NEW LEADS,240526 MY Daryl M8 NEW LEADS,240526 MY Daryl M8 Video 011,107.79,9.0,188.0,3025.0,2762.0,35.633058,Below average - Bottom 35% of ads,Average,Above average
2026-07-19,2026-07-19,300426 MY Daryl M8 LEADS Andromeda,300426 MY Daryl M8 Leads,300426 MY Daryl M8 Video Hook 007,185.77,17.0,254.0,7293.0,6649.0,25.472371,-,-,-
2026-07-20,2026-07-20,240526 MY Daryl M8 NEW LEADS,240526 MY Daryl M8 NEW LEADS,080626 MY Daryl M8 Video 014,148.19,12.0,206.0,5868.0,5375.0,25.25392,Average,Average,Above average
2026-07-20,2026-07-20,130726 MY Daryl M8 DT LEADS,130726 MY Daryl M8 DT LEADS (Neuro),130726 MY Daryl M8 DT Video Hook 007 (Home Schooling),27.52,1.0,17.0,765.0,706.0,35.973856,Average,Average,Above average
2026-07-20,2026-07-20,130726 MY Daryl M8 DT LEADS,130726 MY Daryl M8 DT LEADS (Home Schooling),160726 MY Daryl M8 DT Image 003 (Home Schooling),0.0,,0.0,0.0,0.0,,-,-,-
2026-07-20,2026-07-20,130726 MY Daryl M8 DT LEADS,130726 MY Daryl M8 DT LEADS (Neuro),160726 MY Daryl M8 DT Image 003 (Neuro),1.08,,0.0,49.0,45.0,22.040816,-,-,-
2026-07-20,2026-07-20,130726 MY Daryl M8 DT LEADS,130726 MY Daryl M8 DT LEADS (Home Schooling),160726 MY Daryl M8 DT Video 014 (Home Schooling),32.03,4.0,61.0,1340.0,1243.0,23.902985,Average,Average,Above average
2026-07-20,2026-07-20,300426 MY Daryl M8 LEADS Andromeda,300426 MY Daryl M8 Leads,200726 MY Daryl M8 Image 015,14.36,1.0,40.0,986.0,849.0,14.563895,Below average - Bottom 35% of ads,Above average,Above average
2026-07-20,2026-07-20,240526 MY Daryl M8 NEW LEADS,240526 MY Daryl M8 NEW LEADS,240526 MY Daryl M8 Video 011,100.63,9.0,210.0,3393.0,3314.0,29.65812,Below average - Bottom 35% of ads,Average,Above average
2026-07-20,2026-07-20,300426 MY Daryl M8 LEADS Andromeda,300426 MY Daryl M8 Leads,300426 MY Daryl M8 Retargeting 003,0.03,,0.0,3.0,2.0,10.0,-,-,-
2026-07-20,2026-07-20,300426 MY Daryl M8 LEADS Andromeda,300426 MY Daryl M8 Leads,300426 MY Daryl M8 Video Hook 007,128.02,13.0,198.0,6080.0,5846.0,21.055921,-,-,-
2026-07-21,2026-07-21,240526 MY Daryl M8 NEW LEADS,240526 MY Daryl M8 NEW LEADS,080626 MY Daryl M8 Video 014,197.2,9.0,222.0,7626.0,7288.0,25.858904,Average,Average,Above average
2026-07-21,2026-07-21,130726 MY Daryl M8 DT LEADS,130726 MY Daryl M8 DT LEADS (Neuro),130726 MY Daryl M8 DT Video Hook 007 (Home Schooling),15.96,1.0,24.0,458.0,446.0,34.847162,-,-,-
2026-07-21,2026-07-21,130726 MY Daryl M8 DT LEADS,130726 MY Daryl M8 DT LEADS (Home Schooling),160726 MY Daryl M8 DT Image 003 (Home Schooling),0.64,1.0,1.0,24.0,23.0,26.666667,-,-,-
2026-07-21,2026-07-21,130726 MY Daryl M8 DT LEADS,130726 MY Daryl M8 DT LEADS (Neuro),160726 MY Daryl M8 DT Image 003 (Neuro),1.22,,2.0,32.0,30.0,38.125,-,-,-
2026-07-21,2026-07-21,130726 MY Daryl M8 DT LEADS,130726 MY Daryl M8 DT LEADS (Home Schooling),160726 MY Daryl M8 DT Video 014 (Home Schooling),43.17,2.0,63.0,1687.0,1641.0,25.589804,Average,Average,Above average
2026-07-21,2026-07-21,300426 MY Daryl M8 LEADS Andromeda,300426 MY Daryl M8 Leads,200726 MY Daryl M8 Image 015,14.77,,28.0,989.0,909.0,14.934277,Average,Above average,Above average
2026-07-21,2026-07-21,130726 MY Daryl M8 DT LEADS,130726 MY Daryl M8 DT LEADS (Neuro),210726 MY Daryl M8 Image 016,20.32,3.0,31.0,801.0,683.0,25.36829,-,-,-
2026-07-21,2026-07-21,240526 MY Daryl M8 NEW LEADS,240526 MY Daryl M8 NEW LEADS,240526 MY Daryl M8 Video 011,86.17,7.0,185.0,2829.0,2597.0,30.459526,Below average - Bottom 35% of ads,Average,Above average
2026-07-21,2026-07-21,240526 MY Daryl M8 NEW LEADS,240526 MY Daryl M8 NEW LEADS,240526 MY Daryl M8 Video 013,0.13,,0.0,6.0,6.0,21.666667,-,-,-
2026-07-21,2026-07-21,300426 MY Daryl M8 LEADS Andromeda,300426 MY Daryl M8 Leads,300426 MY Daryl M8 Retargeting 003,0.06,,0.0,6.0,6.0,10.0,-,-,-
2026-07-21,2026-07-21,300426 MY Daryl M8 LEADS Andromeda,300426 MY Daryl M8 Leads,300426 MY Daryl M8 Video Hook 007,147.04,11.0,212.0,5998.0,5476.0,24.514838,-,-,-
2026-07-22,2026-07-22,240526 MY Daryl M8 NEW LEADS,240526 MY Daryl M8 NEW LEADS,080626 MY Daryl M8 Video 014,138.54,12.0,130.0,3902.0,3710.0,35.504869,Average,Above average,Above average
2026-07-22,2026-07-22,130726 MY Daryl M8 DT LEADS,130726 MY Daryl M8 DT LEADS (Neuro),130726 MY Daryl M8 DT Video Hook 007 (Home Schooling),0.54,,1.0,16.0,15.0,33.75,-,-,-
2026-07-22,2026-07-22,130726 MY Daryl M8 DT LEADS,130726 MY Daryl M8 DT LEADS (Home Schooling),160726 MY Daryl M8 DT Image 003 (Home Schooling),0.08,,0.0,6.0,6.0,13.333333,-,-,-
2026-07-22,2026-07-22,130726 MY Daryl M8 DT LEADS,130726 MY Daryl M8 DT LEADS (Neuro),160726 MY Daryl M8 DT Image 003 (Neuro),0.53,,0.0,29.0,28.0,18.275862,-,-,-
2026-07-22,2026-07-22,130726 MY Daryl M8 DT LEADS,130726 MY Daryl M8 DT LEADS (Home Schooling),160726 MY Daryl M8 DT Video 014 (Home Schooling),31.88,1.0,31.0,936.0,918.0,34.059829,Average,Average,Above average
2026-07-22,2026-07-22,300426 MY Daryl M8 LEADS Andromeda,300426 MY Daryl M8 Leads,200726 MY Daryl M8 Image 015,14.2,2.0,19.0,533.0,468.0,26.641651,-,-,-
2026-07-22,2026-07-22,130726 MY Daryl M8 DT LEADS,130726 MY Daryl M8 DT LEADS (Neuro),210726 MY Daryl M8 Image 016,25.16,1.0,32.0,1085.0,955.0,23.18894,Below average - Bottom 35% of ads,Average,Above average
2026-07-22,2026-07-22,240526 MY Daryl M8 NEW LEADS,240526 MY Daryl M8 NEW LEADS,240526 MY Daryl M8 Video 011,77.53,6.0,110.0,1664.0,1591.0,46.592548,Below average - Bottom 35% of ads,Average,Above average
2026-07-22,2026-07-22,240526 MY Daryl M8 NEW LEADS,240526 MY Daryl M8 NEW LEADS,240526 MY Daryl M8 Video 013,0.07,,0.0,4.0,4.0,17.5,-,-,-
2026-07-22,2026-07-22,300426 MY Daryl M8 LEADS Andromeda,300426 MY Daryl M8 Leads,300426 MY Daryl M8 Video Hook 007,148.68,9.0,178.0,4630.0,4382.0,32.112311,-,-,-
2026-07-23,2026-07-23,240526 MY Daryl M8 NEW LEADS,240526 MY Daryl M8 NEW LEADS,080626 MY Daryl M8 Video 014,98.2,3.0,84.0,2721.0,2714.0,36.089673,Average,Average,Above average
2026-07-23,2026-07-23,130726 MY Daryl M8 DT LEADS,130726 MY Daryl M8 DT LEADS (Neuro),130726 MY Daryl M8 DT Video Hook 007 (Home Schooling),0.01,,0.0,1.0,1.0,10.0,-,-,-
2026-07-23,2026-07-23,130726 MY Daryl M8 DT LEADS,130726 MY Daryl M8 DT LEADS (Home Schooling),160726 MY Daryl M8 DT Image 003 (Home Schooling),0.01,,0.0,1.0,1.0,10.0,-,-,-
2026-07-23,2026-07-23,130726 MY Daryl M8 DT LEADS,130726 MY Daryl M8 DT LEADS (Home Schooling),160726 MY Daryl M8 DT Video 014 (Home Schooling),38.72,4.0,37.0,1049.0,1001.0,36.911344,Average,Above average,Above average
2026-07-23,2026-07-23,300426 MY Daryl M8 LEADS Andromeda,300426 MY Daryl M8 Leads,200726 MY Daryl M8 Image 015,10.39,,10.0,464.0,430.0,22.392241,-,-,-
2026-07-23,2026-07-23,130726 MY Daryl M8 DT LEADS,130726 MY Daryl M8 DT LEADS (Neuro),210726 MY Daryl M8 Image 016,24.76,2.0,33.0,851.0,721.0,29.095182,Average,Average,Above average
2026-07-23,2026-07-23,240526 MY Daryl M8 NEW LEADS,240526 MY Daryl M8 NEW LEADS,240526 MY Daryl M8 Video 011,116.53,9.0,139.0,2347.0,2135.0,49.650618,Below average - Bottom 35% of ads,Above average,Above average
2026-07-23,2026-07-23,240526 MY Daryl M8 NEW LEADS,240526 MY Daryl M8 NEW LEADS,240526 MY Daryl M8 Video 013,0.07,,0.0,1.0,1.0,70.0,-,-,-
2026-07-23,2026-07-23,300426 MY Daryl M8 LEADS Andromeda,300426 MY Daryl M8 Leads,300426 MY Daryl M8 Retargeting 003,1.77,,0.0,24.0,22.0,73.75,-,-,-
2026-07-23,2026-07-23,300426 MY Daryl M8 LEADS Andromeda,300426 MY Daryl M8 Leads,300426 MY Daryl M8 Video Hook 007,187.95,8.0,199.0,5627.0,5131.0,33.401457,-,-,-
2026-07-24,2026-07-24,240526 MY Daryl M8 NEW LEADS,240526 MY Daryl M8 NEW LEADS,080626 MY Daryl M8 Video 014,78.37,8.0,79.0,2141.0,2062.0,36.60439,Average,Above average,Above average
2026-07-24,2026-07-24,130726 MY Daryl M8 DT LEADS,130726 MY Daryl M8 DT LEADS (Neuro),130726 MY Daryl M8 DT Video Hook 007 (Home Schooling),0.06,,0.0,3.0,3.0,20.0,-,-,-
2026-07-24,2026-07-24,130726 MY Daryl M8 DT LEADS,130726 MY Daryl M8 DT LEADS (Home Schooling),160726 MY Daryl M8 DT Image 003 (Home Schooling),0.73,,2.0,25.0,25.0,29.2,-,-,-
2026-07-24,2026-07-24,130726 MY Daryl M8 DT LEADS,130726 MY Daryl M8 DT LEADS (Neuro),160726 MY Daryl M8 DT Image 003 (Neuro),0.59,,1.0,39.0,38.0,15.128205,-,-,-
2026-07-24,2026-07-24,130726 MY Daryl M8 DT LEADS,130726 MY Daryl M8 DT LEADS (Home Schooling),160726 MY Daryl M8 DT Video 014 (Home Schooling),41.16,7.0,45.0,1110.0,1096.0,37.081081,Average,Above average,Above average
2026-07-24,2026-07-24,300426 MY Daryl M8 LEADS Andromeda,300426 MY Daryl M8 Leads,200726 MY Daryl M8 Image 015,1.67,,4.0,88.0,86.0,18.977273,-,-,-
2026-07-24,2026-07-24,130726 MY Daryl M8 DT LEADS,130726 MY Daryl M8 DT LEADS (Neuro),210726 MY Daryl M8 Image 016,27.43,5.0,35.0,920.0,854.0,29.815217,Below average - Bottom 35% of ads,Average,Above average
2026-07-24,2026-07-24,240526 MY Daryl M8 NEW LEADS,240526 MY Daryl M8 NEW LEADS,240526 MY Daryl M8 Video 011,136.62,9.0,167.0,3022.0,2773.0,45.208471,Below average - Bottom 35% of ads,Above average,Above average
2026-07-24,2026-07-24,240526 MY Daryl M8 NEW LEADS,240526 MY Daryl M8 NEW LEADS,240526 MY Daryl M8 Video 013,0.09,,0.0,6.0,6.0,15.0,-,-,-
2026-07-24,2026-07-24,300426 MY Daryl M8 LEADS Andromeda,300426 MY Daryl M8 Leads,300426 MY Daryl M8 Video Hook 007,198.04,15.0,198.0,5517.0,4891.0,35.89632,-,-,-
2026-07-25,2026-07-25,240526 MY Daryl M8 NEW LEADS,240526 MY Daryl M8 NEW LEADS,080626 MY Daryl M8 Video 014,43.41,1.0,32.0,1215.0,1162.0,35.728395,Average,Average,Above average
2026-07-25,2026-07-25,130726 MY Daryl M8 DT LEADS,130726 MY Daryl M8 DT LEADS (Home Schooling),130726 MY Daryl M8 DT Video Hook 007 (Home Schooling),0.34,,0.0,3.0,3.0,113.333333,-,-,-
2026-07-25,2026-07-25,130726 MY Daryl M8 DT LEADS,130726 MY Daryl M8 DT LEADS (Neuro),160726 MY Daryl M8 DT Image 003 (Neuro),0.11,,0.0,10.0,10.0,11.0,-,-,-
2026-07-25,2026-07-25,130726 MY Daryl M8 DT LEADS,130726 MY Daryl M8 DT LEADS (Home Schooling),160726 MY Daryl M8 DT Video 014 (Home Schooling),44.43,8.0,50.0,1150.0,1126.0,38.634783,Average,Above average,Above average
2026-07-25,2026-07-25,300426 MY Daryl M8 LEADS Andromeda,300426 MY Daryl M8 Leads,200726 MY Daryl M8 Image 015,0.27,,1.0,13.0,13.0,20.769231,-,-,-
2026-07-25,2026-07-25,130726 MY Daryl M8 DT LEADS,130726 MY Daryl M8 DT LEADS (Neuro),210726 MY Daryl M8 Image 016,36.32,1.0,33.0,1081.0,1001.0,33.59852,Average,Average,Above average
2026-07-25,2026-07-25,240526 MY Daryl M8 NEW LEADS,240526 MY Daryl M8 NEW LEADS,240526 MY Daryl M8 Video 011,144.52,5.0,186.0,3212.0,3020.0,44.993773,Below average - Bottom 35% of ads,Above average,Above average
2026-07-25,2026-07-25,130726 MY Daryl M8 DT LEADS,130726 MY Daryl M8 DT LEADS (Neuro),250726 MY Daryl M8 Video 008,1.49,,1.0,47.0,43.0,31.702128,-,-,-
2026-07-25,2026-07-25,300426 MY Daryl M8 LEADS Andromeda,300426 MY Daryl M8 Leads,300426 MY Daryl M8 Retargeting 003,0.26,,0.0,4.0,4.0,65.0,-,-,-
2026-07-25,2026-07-25,300426 MY Daryl M8 LEADS Andromeda,300426 MY Daryl M8 Leads,300426 MY Daryl M8 Video Hook 007,182.47,15.0,177.0,4755.0,4414.0,38.374343,-,-,-
2026-07-26,2026-07-26,240526 MY Daryl M8 NEW LEADS,240526 MY Daryl M8 NEW LEADS,080626 MY Daryl M8 Video 014,66.61,5.0,52.0,1616.0,1556.0,41.219059,Average,Average,Above average
2026-07-26,2026-07-26,130726 MY Daryl M8 DT LEADS,130726 MY Daryl M8 DT LEADS (Home Schooling),130726 MY Daryl M8 DT Video Hook 007 (Home Schooling),0.07,,0.0,3.0,3.0,23.333333,-,-,-
2026-07-26,2026-07-26,130726 MY Daryl M8 DT LEADS,130726 MY Daryl M8 DT LEADS (Home Schooling),160726 MY Daryl M8 DT Image 003 (Home Schooling),0.0,,0.0,2.0,2.0,0.0,-,-,-
2026-07-26,2026-07-26,130726 MY Daryl M8 DT LEADS,130726 MY Daryl M8 DT LEADS (Neuro),160726 MY Daryl M8 DT Image 003 (Neuro),1.2,,3.0,31.0,28.0,38.709677,-,-,-
2026-07-26,2026-07-26,130726 MY Daryl M8 DT LEADS,130726 MY Daryl M8 DT LEADS (Home Schooling),160726 MY Daryl M8 DT Video 014 (Home Schooling),53.47,4.0,39.0,1235.0,1235.0,43.295547,Average,Above average,Above average
2026-07-26,2026-07-26,300426 MY Daryl M8 LEADS Andromeda,300426 MY Daryl M8 Leads,200726 MY Daryl M8 Image 015,0.04,,0.0,3.0,3.0,13.333333,-,-,-
2026-07-26,2026-07-26,130726 MY Daryl M8 DT LEADS,130726 MY Daryl M8 DT LEADS (Neuro),210726 MY Daryl M8 Image 016,30.96,6.0,37.0,1113.0,1014.0,27.816712,Average,Average,Above average
2026-07-26,2026-07-26,240526 MY Daryl M8 NEW LEADS,240526 MY Daryl M8 NEW LEADS,240526 MY Daryl M8 Video 011,138.61,11.0,196.0,3397.0,3211.0,40.80365,Below average - Bottom 35% of ads,Above average,Above average
2026-07-26,2026-07-26,240526 MY Daryl M8 NEW LEADS,240526 MY Daryl M8 NEW LEADS,240526 MY Daryl M8 Video 013,0.51,,0.0,18.0,16.0,28.333333,-,-,-
2026-07-26,2026-07-26,130726 MY Daryl M8 DT LEADS,130726 MY Daryl M8 DT LEADS (Neuro),250726 MY Daryl M8 Video 008,13.48,2.0,8.0,178.0,164.0,75.730337,-,-,-
2026-07-26,2026-07-26,300426 MY Daryl M8 LEADS Andromeda,300426 MY Daryl M8 Leads,300426 MY Daryl M8 Retargeting 003,0.34,1.0,1.0,5.0,5.0,68.0,-,-,-
2026-07-26,2026-07-26,300426 MY Daryl M8 LEADS Andromeda,300426 MY Daryl M8 Leads,300426 MY Daryl M8 Video Hook 007,205.33,13.0,179.0,5567.0,4959.0,36.88342,-,-,-
2026-07-27,2026-07-27,240526 MY Daryl M8 NEW LEADS,240526 MY Daryl M8 NEW LEADS,080626 MY Daryl M8 Video 014,55.87,5.0,58.0,1301.0,1245.0,42.943889,Average,Above average,Above average
2026-07-27,2026-07-27,130726 MY Daryl M8 DT LEADS,130726 MY Daryl M8 DT LEADS (Home Schooling),130726 MY Daryl M8 DT Video Hook 007 (Home Schooling),0.04,,0.0,2.0,2.0,20.0,-,-,-
2026-07-27,2026-07-27,130726 MY Daryl M8 DT LEADS,130726 MY Daryl M8 DT LEADS (Home Schooling),160726 MY Daryl M8 DT Image 003 (Home Schooling),0.93,,0.0,24.0,24.0,38.75,-,-,-
2026-07-27,2026-07-27,130726 MY Daryl M8 DT LEADS,130726 MY Daryl M8 DT LEADS (Neuro),160726 MY Daryl M8 DT Image 003 (Neuro),0.4,,0.0,16.0,16.0,25.0,-,-,-
2026-07-27,2026-07-27,130726 MY Daryl M8 DT LEADS,130726 MY Daryl M8 DT LEADS (Home Schooling),160726 MY Daryl M8 DT Video 014 (Home Schooling),47.04,,32.0,1047.0,1018.0,44.928367,Average,Above average,Above average
2026-07-27,2026-07-27,300426 MY Daryl M8 LEADS Andromeda,300426 MY Daryl M8 Leads,200726 MY Daryl M8 Image 015,2.11,,10.0,106.0,100.0,19.90566,-,-,-
2026-07-27,2026-07-27,130726 MY Daryl M8 DT LEADS,130726 MY Daryl M8 DT LEADS (Neuro),210726 MY Daryl M8 Image 016,33.69,1.0,44.0,1271.0,1180.0,26.506688,Below average - Bottom 35% of ads,Average,Above average
2026-07-27,2026-07-27,240526 MY Daryl M8 NEW LEADS,240526 MY Daryl M8 NEW LEADS,240526 MY Daryl M8 Video 011,127.67,9.0,190.0,3188.0,2956.0,40.047051,Below average - Bottom 35% of ads,Above average,Above average
2026-07-27,2026-07-27,130726 MY Daryl M8 DT LEADS,130726 MY Daryl M8 DT LEADS (Neuro),250726 MY Daryl M8 Video 008,5.27,,3.0,77.0,70.0,68.441558,-,-,-
2026-07-27,2026-07-27,300426 MY Daryl M8 LEADS Andromeda,300426 MY Daryl M8 Leads,300426 MY Daryl M8 Video Hook 007,189.46,20.0,200.0,5524.0,5109.0,34.29761,-,-,-
2026-07-28,2026-07-28,240526 MY Daryl M8 NEW LEADS,240526 MY Daryl M8 NEW LEADS,080626 MY Daryl M8 Video 014,58.6,11.0,57.0,1426.0,1400.0,41.093969,Average,Above average,Above average
2026-07-28,2026-07-28,130726 MY Daryl M8 DT LEADS,130726 MY Daryl M8 DT LEADS (Home Schooling),130726 MY Daryl M8 DT Video Hook 007 (Home Schooling),0.31,,0.0,8.0,8.0,38.75,-,-,-
2026-07-28,2026-07-28,130726 MY Daryl M8 DT LEADS,130726 MY Daryl M8 DT LEADS (Home Schooling),160726 MY Daryl M8 DT Image 003 (Home Schooling),0.09,,0.0,6.0,6.0,15.0,-,-,-
2026-07-28,2026-07-28,130726 MY Daryl M8 DT LEADS,130726 MY Daryl M8 DT LEADS (Home Schooling),160726 MY Daryl M8 DT Video 014 (Home Schooling),47.87,,47.0,1143.0,1081.0,41.881015,Average,Above average,Above average
2026-07-28,2026-07-28,300426 MY Daryl M8 LEADS Andromeda,300426 MY Daryl M8 Leads,200726 MY Daryl M8 Image 015,1.61,,4.0,129.0,127.0,12.48062,-,-,-
2026-07-28,2026-07-28,130726 MY Daryl M8 DT LEADS,130726 MY Daryl M8 DT LEADS (Neuro),210726 MY Daryl M8 Image 016,40.0,1.0,58.0,1779.0,1586.0,22.484542,Average,Average,Above average
2026-07-28,2026-07-28,240526 MY Daryl M8 NEW LEADS,240526 MY Daryl M8 NEW LEADS,240526 MY Daryl M8 Video 011,104.46,9.0,153.0,2656.0,2492.0,39.329819,Below average - Bottom 35% of ads,Above average,Above average
2026-07-28,2026-07-28,240526 MY Daryl M8 NEW LEADS,240526 MY Daryl M8 NEW LEADS,240526 MY Daryl M8 Video 013,0.16,,0.0,4.0,4.0,40.0,-,-,-
2026-07-28,2026-07-28,130726 MY Daryl M8 DT LEADS,130726 MY Daryl M8 DT LEADS (Neuro),250726 MY Daryl M8 Video 008,0.55,,0.0,10.0,10.0,55.0,-,-,-
2026-07-28,2026-07-28,300426 MY Daryl M8 LEADS Andromeda,300426 MY Daryl M8 Leads,300426 MY Daryl M8 Retargeting 003,0.89,,2.0,21.0,18.0,42.380952,-,-,-
2026-07-28,2026-07-28,300426 MY Daryl M8 LEADS Andromeda,300426 MY Daryl M8 Leads,300426 MY Daryl M8 Video Hook 007,192.63,8.0,194.0,5488.0,4942.0,35.100219,-,-,-
2026-07-29,2026-07-29,240526 MY Daryl M8 NEW LEADS,240526 MY Daryl M8 NEW LEADS,080626 MY Daryl M8 Video 014,28.7,1.0,36.0,820.0,807.0,35.0,Average,Above average,Above average
2026-07-29,2026-07-29,130726 MY Daryl M8 DT LEADS,130726 MY Daryl M8 DT LEADS (Home Schooling),160726 MY Daryl M8 DT Image 003 (Home Schooling),0.48,,0.0,23.0,23.0,20.869565,-,-,-
2026-07-29,2026-07-29,130726 MY Daryl M8 DT LEADS,130726 MY Daryl M8 DT LEADS (Neuro),160726 MY Daryl M8 DT Image 003 (Neuro),0.8,,2.0,29.0,28.0,27.586207,-,-,-
2026-07-29,2026-07-29,130726 MY Daryl M8 DT LEADS,130726 MY Daryl M8 DT LEADS (Home Schooling),160726 MY Daryl M8 DT Video 014 (Home Schooling),31.63,1.0,23.0,766.0,726.0,41.292428,Average,Above average,Above average
2026-07-29,2026-07-29,300426 MY Daryl M8 LEADS Andromeda,300426 MY Daryl M8 Leads,200726 MY Daryl M8 Image 015,0.79,,0.0,38.0,38.0,20.789474,-,-,-
2026-07-29,2026-07-29,130726 MY Daryl M8 DT LEADS,130726 MY Daryl M8 DT LEADS (Neuro),210726 MY Daryl M8 Image 016,35.37,5.0,48.0,1448.0,1324.0,24.426796,Below average - Bottom 35% of ads,Average,Above average
2026-07-29,2026-07-29,240526 MY Daryl M8 NEW LEADS,240526 MY Daryl M8 NEW LEADS,240526 MY Daryl M8 Video 011,118.44,4.0,161.0,2990.0,2738.0,39.61204,Below average - Bottom 35% of ads,Above average,Above average
2026-07-29,2026-07-29,240526 MY Daryl M8 NEW LEADS,240526 MY Daryl M8 NEW LEADS,240526 MY Daryl M8 Video 013,0.09,,0.0,6.0,5.0,15.0,-,-,-
2026-07-29,2026-07-29,130726 MY Daryl M8 DT LEADS,130726 MY Daryl M8 DT LEADS (Home Schooling),290726 MY Daryl M8 Video 010,7.18,3.0,10.0,290.0,261.0,24.758621,-,-,-
2026-07-29,2026-07-29,300426 MY Daryl M8 LEADS Andromeda,300426 MY Daryl M8 Leads,290726 MY Daryl M8 Video 011,32.07,2.0,30.0,882.0,860.0,36.360544,Below average - Bottom 35% of ads,Above average,Above average
2026-07-29,2026-07-29,300426 MY Daryl M8 LEADS Andromeda,300426 MY Daryl M8 Leads,290726 MY Daryl M8 Video 014,15.92,,13.0,479.0,463.0,33.235908,-,-,-
2026-07-29,2026-07-29,300426 MY Daryl M8 LEADS Andromeda,300426 MY Daryl M8 Leads,300426 MY Daryl M8 Video Hook 007,127.71,6.0,127.0,3634.0,3243.0,35.143093,-,-,-
2026-07-30,2026-07-30,240526 MY Daryl M8 NEW LEADS,240526 MY Daryl M8 NEW LEADS,080626 MY Daryl M8 Video 014,15.16,1.0,10.0,428.0,419.0,35.420561,-,-,-
2026-07-30,2026-07-30,130726 MY Daryl M8 DT LEADS,130726 MY Daryl M8 DT LEADS (Home Schooling),130726 MY Daryl M8 DT Video Hook 007 (Home Schooling),1.66,,3.0,38.0,36.0,43.684211,-,-,-
2026-07-30,2026-07-30,130726 MY Daryl M8 DT LEADS,130726 MY Daryl M8 DT LEADS (Neuro),160726 MY Daryl M8 DT Image 003 (Neuro),2.23,,0.0,86.0,83.0,25.930233,-,-,-
2026-07-30,2026-07-30,130726 MY Daryl M8 DT LEADS,130726 MY Daryl M8 DT LEADS (Home Schooling),160726 MY Daryl M8 DT Video 014 (Home Schooling),9.47,3.0,9.0,240.0,240.0,39.458333,-,-,-
2026-07-30,2026-07-30,300426 MY Daryl M8 LEADS Andromeda,300426 MY Daryl M8 Leads,200726 MY Daryl M8 Image 015,1.78,,3.0,75.0,64.0,23.733333,-,-,-
2026-07-30,2026-07-30,130726 MY Daryl M8 DT LEADS,130726 MY Daryl M8 DT LEADS (Neuro),210726 MY Daryl M8 Image 016,33.02,2.0,46.0,1182.0,1081.0,27.935702,Below average - Bottom 35% of ads,Average,Above average
2026-07-30,2026-07-30,240526 MY Daryl M8 NEW LEADS,240526 MY Daryl M8 NEW LEADS,240526 MY Daryl M8 Video 011,112.09,6.0,171.0,2988.0,2799.0,37.513387,Below average - Bottom 35% of ads,Above average,Above average
2026-07-30,2026-07-30,130726 MY Daryl M8 DT LEADS,130726 MY Daryl M8 DT LEADS (Neuro),250726 MY Daryl M8 Video 008,0.01,,0.0,2.0,2.0,5.0,-,-,-
2026-07-30,2026-07-30,130726 MY Daryl M8 DT LEADS,130726 MY Daryl M8 DT LEADS (Home Schooling),290726 MY Daryl M8 Video 010,29.39,4.0,29.0,878.0,760.0,33.473804,Below average - Bottom 35% of ads,Average,Above average
2026-07-30,2026-07-30,300426 MY Daryl M8 LEADS Andromeda,300426 MY Daryl M8 Leads,290726 MY Daryl M8 Video 011,70.51,2.0,65.0,1662.0,1619.0,42.424789,Below average - Bottom 35% of ads,Above average,Above average
2026-07-30,2026-07-30,300426 MY Daryl M8 LEADS Andromeda,300426 MY Daryl M8 Leads,290726 MY Daryl M8 Video 014,58.13,5.0,56.0,1405.0,1326.0,41.373665,Below average - Bottom 35% of ads,Average,Above average
2026-07-30,2026-07-30,300426 MY Daryl M8 LEADS Andromeda,300426 MY Daryl M8 Leads,300426 MY Daryl M8 Retargeting 003,0.38,,3.0,7.0,7.0,54.285714,-,-,-
2026-07-30,2026-07-30,300426 MY Daryl M8 LEADS Andromeda,300426 MY Daryl M8 Leads,300426 MY Daryl M8 Video Hook 007,52.22,1.0,64.0,1545.0,1424.0,33.799353,-,-,-
2026-07-31,2026-07-31,240526 MY Daryl M8 NEW LEADS,240526 MY Daryl M8 NEW LEADS,080626 MY Daryl M8 Video 014,9.17,,8.0,296.0,296.0,30.97973,-,-,-
2026-07-31,2026-07-31,130726 MY Daryl M8 DT LEADS,130726 MY Daryl M8 DT LEADS (Home Schooling),130726 MY Daryl M8 DT Video Hook 007 (Home Schooling),1.52,,2.0,41.0,41.0,37.073171,-,-,-
2026-07-31,2026-07-31,130726 MY Daryl M8 DT LEADS,130726 MY Daryl M8 DT LEADS (Home Schooling),160726 MY Daryl M8 DT Image 003 (Home Schooling),1.22,,0.0,33.0,33.0,36.969697,-,-,-
2026-07-31,2026-07-31,130726 MY Daryl M8 DT LEADS,130726 MY Daryl M8 DT LEADS (Neuro),160726 MY Daryl M8 DT Image 003 (Neuro),0.48,,0.0,34.0,34.0,14.117647,-,-,-
2026-07-31,2026-07-31,130726 MY Daryl M8 DT LEADS,130726 MY Daryl M8 DT LEADS (Home Schooling),160726 MY Daryl M8 DT Video 014 (Home Schooling),24.27,,16.0,412.0,404.0,58.907767,-,-,-
2026-07-31,2026-07-31,130726 MY Daryl M8 DT LEADS,130726 MY Daryl M8 DT LEADS (Neuro),210726 MY Daryl M8 Image 016,37.97,1.0,39.0,1308.0,1207.0,29.029052,Below average - Bottom 35% of ads,Average,Above average
2026-07-31,2026-07-31,240526 MY Daryl M8 NEW LEADS,240526 MY Daryl M8 NEW LEADS,240526 MY Daryl M8 Video 011,99.61,4.0,133.0,2426.0,2276.0,41.059357,Below average - Bottom 35% of ads,Above average,Above average
2026-07-31,2026-07-31,240526 MY Daryl M8 NEW LEADS,240526 MY Daryl M8 NEW LEADS,240526 MY Daryl M8 Video 013,0.42,,2.0,5.0,5.0,84.0,-,-,-
2026-07-31,2026-07-31,130726 MY Daryl M8 DT LEADS,130726 MY Daryl M8 DT LEADS (Home Schooling),290726 MY Daryl M8 Video 010,32.22,3.0,28.0,804.0,749.0,40.074627,Below average - Bottom 35% of ads,Average,Above average
2026-07-31,2026-07-31,300426 MY Daryl M8 LEADS Andromeda,300426 MY Daryl M8 Leads,290726 MY Daryl M8 Video 011,64.01,3.0,80.0,1709.0,1619.0,37.454652,Below average - Bottom 35% of ads,Above average,Above average
2026-07-31,2026-07-31,300426 MY Daryl M8 LEADS Andromeda,300426 MY Daryl M8 Leads,290726 MY Daryl M8 Video 014,31.18,,23.0,858.0,814.0,36.340326,Below average - Bottom 35% of ads,Above average,Above average
2026-07-31,2026-07-31,300426 MY Daryl M8 LEADS Andromeda,300426 MY Daryl M8 Leads,300426 MY Daryl M8 Retargeting 003,0.91,,1.0,34.0,31.0,26.764706,-,-,-
2026-07-31,2026-07-31,300426 MY Daryl M8 LEADS Andromeda,300426 MY Daryl M8 Leads,300426 MY Daryl M8 Video Hook 007,79.18,5.0,96.0,2171.0,2045.0,36.471672,-,-,-
2026-08-01,2026-08-01,240526 MY Daryl M8 NEW LEADS,240526 MY Daryl M8 NEW LEADS,080626 MY Daryl M8 Video 014,23.67,2.0,21.0,598.0,581.0,39.58194,Average,Above average,Above average
2026-08-01,2026-08-01,130726 MY Daryl M8 DT LEADS,130726 MY Daryl M8 DT LEADS (Home Schooling),130726 MY Daryl M8 DT Video Hook 007 (Home Schooling),0.43,,1.0,21.0,21.0,20.47619,-,-,-
2026-08-01,2026-08-01,130726 MY Daryl M8 DT LEADS,130726 MY Daryl M8 DT LEADS (Home Schooling),160726 MY Daryl M8 DT Image 003 (Home Schooling),0.5,,0.0,10.0,10.0,50.0,-,-,-
2026-08-01,2026-08-01,130726 MY Daryl M8 DT LEADS,130726 MY Daryl M8 DT LEADS (Neuro),160726 MY Daryl M8 DT Image 003 (Neuro),0.18,,1.0,8.0,7.0,22.5,-,-,-
2026-08-01,2026-08-01,130726 MY Daryl M8 DT LEADS,130726 MY Daryl M8 DT LEADS (Home Schooling),160726 MY Daryl M8 DT Video 014 (Home Schooling),17.03,3.0,15.0,446.0,438.0,38.183857,-,-,-
2026-08-01,2026-08-01,130726 MY Daryl M8 DT LEADS,130726 MY Daryl M8 DT LEADS (Neuro),210726 MY Daryl M8 Image 016,29.57,1.0,33.0,1233.0,1177.0,23.982157,Below average - Bottom 35% of ads,Average,Above average
2026-08-01,2026-08-01,240526 MY Daryl M8 NEW LEADS,240526 MY Daryl M8 NEW LEADS,240526 MY Daryl M8 Video 011,78.42,3.0,127.0,2288.0,2094.0,34.274476,Below average - Bottom 35% of ads,Above average,Above average
2026-08-01,2026-08-01,130726 MY Daryl M8 DT LEADS,130726 MY Daryl M8 DT LEADS (Neuro),250726 MY Daryl M8 Video 008,0.27,,0.0,7.0,7.0,38.571429,-,-,-
2026-08-01,2026-08-01,130726 MY Daryl M8 DT LEADS,130726 MY Daryl M8 DT LEADS (Home Schooling),290726 MY Daryl M8 Video 010,32.54,1.0,30.0,736.0,662.0,44.211957,Below average - Bottom 35% of ads,Average,Above average
2026-08-01,2026-08-01,300426 MY Daryl M8 LEADS Andromeda,300426 MY Daryl M8 Leads,290726 MY Daryl M8 Video 011,39.56,6.0,51.0,1032.0,1016.0,38.333333,Below average - Bottom 35% of ads,Above average,Above average
2026-08-01,2026-08-01,300426 MY Daryl M8 LEADS Andromeda,300426 MY Daryl M8 Leads,290726 MY Daryl M8 Video 014,20.37,2.0,15.0,494.0,483.0,41.234818,-,-,-
2026-08-01,2026-08-01,300426 MY Daryl M8 LEADS Andromeda,300426 MY Daryl M8 Leads,300426 MY Daryl M8 Video Hook 007,125.64,9.0,119.0,3561.0,3200.0,35.282224,Below average - Bottom 35% of ads,Above average,Above average
2026-08-02,2026-08-02,240526 MY Daryl M8 NEW LEADS,240526 MY Daryl M8 NEW LEADS,080626 MY Daryl M8 Video 014,67.63,5.0,65.0,2042.0,1992.0,33.119491,Average,Average,Above average
2026-08-02,2026-08-02,130726 MY Daryl M8 DT LEADS,130726 MY Daryl M8 DT LEADS (Home Schooling),130726 MY Daryl M8 DT Video Hook 007 (Home Schooling),0.27,,1.0,12.0,12.0,22.5,-,-,-
2026-08-02,2026-08-02,130726 MY Daryl M8 DT LEADS,130726 MY Daryl M8 DT LEADS (Home Schooling),160726 MY Daryl M8 DT Image 003 (Home Schooling),0.11,,1.0,7.0,7.0,15.714286,-,-,-
2026-08-02,2026-08-02,130726 MY Daryl M8 DT LEADS,130726 MY Daryl M8 DT LEADS (Home Schooling),160726 MY Daryl M8 DT Video 014 (Home Schooling),45.58,3.0,45.0,1144.0,1085.0,39.842657,Average,Above average,Above average
2026-08-02,2026-08-02,130726 MY Daryl M8 DT LEADS,130726 MY Daryl M8 DT LEADS (Neuro),210726 MY Daryl M8 Image 016,0.96,,1.0,53.0,52.0,18.113208,-,-,-
2026-08-02,2026-08-02,240526 MY Daryl M8 NEW LEADS,240526 MY Daryl M8 NEW LEADS,240526 MY Daryl M8 Video 011,1.37,,4.0,41.0,41.0,33.414634,-,-,-
2026-08-02,2026-08-02,240526 MY Daryl M8 NEW LEADS,240526 MY Daryl M8 NEW LEADS,240526 MY Daryl M8 Video 013,0.55,,2.0,13.0,12.0,42.307692,-,-,-
2026-08-02,2026-08-02,130726 MY Daryl M8 DT LEADS,130726 MY Daryl M8 DT LEADS (Neuro),250726 MY Daryl M8 Video 008,30.84,1.0,20.0,659.0,559.0,46.798179,Below average - Bottom 35% of ads,Average,Above average
2026-08-02,2026-08-02,130726 MY Daryl M8 DT LEADS,130726 MY Daryl M8 DT LEADS (Home Schooling),290726 MY Daryl M8 Video 010,13.36,,8.0,420.0,409.0,31.809524,-,-,-
2026-08-02,2026-08-02,300426 MY Daryl M8 LEADS Andromeda,300426 MY Daryl M8 Leads,290726 MY Daryl M8 Video 011,60.87,3.0,73.0,1633.0,1537.0,37.274954,Below average - Bottom 35% of ads,Above average,Above average
2026-08-02,2026-08-02,300426 MY Daryl M8 LEADS Andromeda,300426 MY Daryl M8 Leads,290726 MY Daryl M8 Video 014,4.65,,2.0,141.0,138.0,32.978723,-,-,-
2026-08-02,2026-08-02,300426 MY Daryl M8 LEADS Andromeda,300426 MY Daryl M8 Leads,300426 MY Daryl M8 Retargeting 003,2.91,,2.0,54.0,48.0,53.888889,-,-,-
2026-08-02,2026-08-02,300426 MY Daryl M8 LEADS Andromeda,300426 MY Daryl M8 Leads,300426 MY Daryl M8 Video Hook 007,125.89,11.0,143.0,3686.0,3312.0,34.153554,Below average - Bottom 35% of ads,Above average,Above average
2026-08-03,2026-08-03,240526 MY Daryl M8 NEW LEADS,240526 MY Daryl M8 NEW LEADS,080626 MY Daryl M8 Video 014,108.78,5.0,107.0,3043.0,2954.0,35.747617,Average,Above average,Above average
2026-08-03,2026-08-03,130726 MY Daryl M8 DT LEADS,130726 MY Daryl M8 DT LEADS (Home Schooling),130726 MY Daryl M8 DT Video Hook 007 (Home Schooling),0.0,,0.0,0.0,0.0,,-,-,-
2026-08-03,2026-08-03,130726 MY Daryl M8 DT LEADS,130726 MY Daryl M8 DT LEADS (Home Schooling),160726 MY Daryl M8 DT Image 003 (Home Schooling),6.65,,8.0,222.0,211.0,29.954955,-,-,-
2026-08-03,2026-08-03,130726 MY Daryl M8 DT LEADS,130726 MY Daryl M8 DT LEADS (Neuro),160726 MY Daryl M8 DT Image 003 (Neuro),30.52,2.0,51.0,1381.0,1253.0,22.099928,Average,Average,Above average
2026-08-03,2026-08-03,240526 MY Daryl M8 NEW LEADS,240526 MY Daryl M8 NEW LEADS,240526 MY Daryl M8 Video 013,0.08,,0.0,5.0,5.0,16.0,-,-,-
2026-08-03,2026-08-03,130726 MY Daryl M8 DT LEADS,130726 MY Daryl M8 DT LEADS (Neuro),250726 MY Daryl M8 Video 008,11.76,,8.0,214.0,202.0,54.953271,-,-,-
2026-08-03,2026-08-03,130726 MY Daryl M8 DT LEADS,130726 MY Daryl M8 DT LEADS (Home Schooling),290726 MY Daryl M8 Video 010,77.99,4.0,53.0,1953.0,1718.0,39.933436,Below average - Bottom 35% of ads,Average,Above average
2026-08-03,2026-08-03,300426 MY Daryl M8 LEADS Andromeda,300426 MY Daryl M8 Leads,290726 MY Daryl M8 Video 011,71.51,6.0,111.0,2010.0,1908.0,35.577114,Below average - Bottom 35% of ads,Above average,Above average
2026-08-03,2026-08-03,300426 MY Daryl M8 LEADS Andromeda,300426 MY Daryl M8 Leads,290726 MY Daryl M8 Video 014,3.19,,4.0,95.0,95.0,33.578947,-,-,-
2026-08-03,2026-08-03,300426 MY Daryl M8 LEADS Andromeda,300426 MY Daryl M8 Leads,300426 MY Daryl M8 Retargeting 003,1.89,,1.0,48.0,43.0,39.375,-,-,-
2026-08-03,2026-08-03,300426 MY Daryl M8 LEADS Andromeda,300426 MY Daryl M8 Leads,300426 MY Daryl M8 Video Hook 007,97.82,4.0,96.0,3077.0,2765.0,31.790705,-,-,-
2026-08-04,2026-08-04,240526 MY Daryl M8 NEW LEADS,240526 MY Daryl M8 NEW LEADS,040826 MY Daryl M8 Video 002,2.55,,5.0,58.0,52.0,43.965517,-,-,-
2026-08-04,2026-08-04,240526 MY Daryl M8 NEW LEADS,240526 MY Daryl M8 NEW LEADS,040826 MY Daryl M8 Video 005,2.93,,6.0,86.0,84.0,34.069767,-,-,-
2026-08-04,2026-08-04,240526 MY Daryl M8 NEW LEADS,240526 MY Daryl M8 NEW LEADS,050826 MY Daryl M8 Video 008 Re-edit,13.34,1.0,10.0,432.0,378.0,30.87963,-,-,-
2026-08-04,2026-08-04,240526 MY Daryl M8 NEW LEADS,240526 MY Daryl M8 NEW LEADS,080626 MY Daryl M8 Video 014,93.24,6.0,103.0,3052.0,2901.0,30.550459,Average,Above average,Above average
2026-08-04,2026-08-04,130726 MY Daryl M8 DT LEADS,130726 MY Daryl M8 DT LEADS (Home Schooling),130726 MY Daryl M8 DT Video Hook 007 (Home Schooling),23.18,,11.0,442.0,418.0,52.443439,-,-,-
2026-08-04,2026-08-04,130726 MY Daryl M8 DT LEADS,130726 MY Daryl M8 DT LEADS (Home Schooling),160726 MY Daryl M8 DT Image 003 (Home Schooling),3.91,,9.0,222.0,210.0,17.612613,-,-,-
2026-08-04,2026-08-04,130726 MY Daryl M8 DT LEADS,130726 MY Daryl M8 DT LEADS (Home Schooling),290726 MY Daryl M8 Video 010,46.54,1.0,64.0,1522.0,1316.0,30.578187,Average,Average,Above average
2026-08-04,2026-08-04,300426 MY Daryl M8 LEADS Andromeda,300426 MY Daryl M8 Leads,290726 MY Daryl M8 Video 011,36.0,,55.0,1151.0,1081.0,31.27715,Average,Above average,Above average
2026-08-04,2026-08-04,300426 MY Daryl M8 LEADS Andromeda,300426 MY Daryl M8 Leads,300426 MY Daryl M8 Retargeting 003,0.08,,0.0,5.0,5.0,16.0,-,-,-
2026-08-04,2026-08-04,300426 MY Daryl M8 LEADS Andromeda,300426 MY Daryl M8 Leads,300426 MY Daryl M8 Video Hook 007,98.13,6.0,121.0,3841.0,3673.0,25.548034,-,-,-
2026-08-05,2026-08-05,240526 MY Daryl M8 NEW LEADS,240526 MY Daryl M8 NEW LEADS,040826 MY Daryl M8 Video 002,6.41,,7.0,213.0,194.0,30.093897,-,-,-
2026-08-05,2026-08-05,240526 MY Daryl M8 NEW LEADS,240526 MY Daryl M8 NEW LEADS,040826 MY Daryl M8 Video 005,9.92,1.0,6.0,228.0,206.0,43.508772,-,-,-
2026-08-05,2026-08-05,240526 MY Daryl M8 NEW LEADS,240526 MY Daryl M8 NEW LEADS,050826 MY Daryl M8 Video 008 Re-edit,6.34,,7.0,210.0,191.0,30.190476,-,-,-
2026-08-05,2026-08-05,240526 MY Daryl M8 NEW LEADS,240526 MY Daryl M8 NEW LEADS,080626 MY Daryl M8 Video 014,49.14,3.0,53.0,1624.0,1558.0,30.258621,Average,Above average,Above average
2026-08-05,2026-08-05,130726 MY Daryl M8 DT LEADS,130726 MY Daryl M8 DT LEADS (Home Schooling),130726 MY Daryl M8 DT Video Hook 007 (Home Schooling),0.0,,0.0,0.0,0.0,,-,-,-
2026-08-05,2026-08-05,130726 MY Daryl M8 DT LEADS,130726 MY Daryl M8 DT LEADS (Home Schooling),160726 MY Daryl M8 DT Image 003 (Home Schooling),18.95,1.0,40.0,913.0,831.0,20.75575,Average,Average,Above average
2026-08-05,2026-08-05,240526 MY Daryl M8 NEW LEADS,240526 MY Daryl M8 NEW LEADS,240526 MY Daryl M8 Video 013,0.32,,0.0,10.0,10.0,32.0,-,-,-
2026-08-05,2026-08-05,130726 MY Daryl M8 DT LEADS,130726 MY Daryl M8 DT LEADS (Home Schooling),290726 MY Daryl M8 Video 010,30.28,3.0,33.0,966.0,887.0,31.345756,Below average - Bottom 35% of ads,Average,Above average
2026-08-05,2026-08-05,300426 MY Daryl M8 LEADS Andromeda,300426 MY Daryl M8 Leads,290726 MY Daryl M8 Video 011,28.13,,41.0,780.0,723.0,36.064103,Average,Above average,Above average
2026-08-05,2026-08-05,300426 MY Daryl M8 LEADS Andromeda,300426 MY Daryl M8 Leads,300426 MY Daryl M8 Retargeting 003,0.88,,1.0,32.0,29.0,27.5,-,-,-
2026-08-05,2026-08-05,300426 MY Daryl M8 LEADS Andromeda,300426 MY Daryl M8 Leads,300426 MY Daryl M8 Video Hook 007,81.68,4.0,110.0,2811.0,2561.0,29.057275,-,-,-
2026-08-06,2026-08-06,240526 MY Daryl M8 NEW LEADS,240526 MY Daryl M8 NEW LEADS,040826 MY Daryl M8 Video 002,0.4,,1.0,13.0,13.0,30.769231,-,-,-
2026-08-06,2026-08-06,240526 MY Daryl M8 NEW LEADS,240526 MY Daryl M8 NEW LEADS,040826 MY Daryl M8 Video 005,20.21,1.0,8.0,324.0,316.0,62.376543,-,-,-
2026-08-06,2026-08-06,240526 MY Daryl M8 NEW LEADS,240526 MY Daryl M8 NEW LEADS,050826 MY Daryl M8 Video 008 Re-edit,1.27,,1.0,31.0,30.0,40.967742,-,-,-
2026-08-06,2026-08-06,240526 MY Daryl M8 NEW LEADS,240526 MY Daryl M8 NEW LEADS,060826 MY Daryl M8 Image 005,79.48,1.0,103.0,2438.0,2096.0,32.600492,Below average - Bottom 35% of ads,Above average,Above average
2026-08-06,2026-08-06,130726 MY Daryl M8 DT LEADS,130726 MY Daryl M8 DT LEADS (Home Schooling),160726 MY Daryl M8 DT Image 003 (Home Schooling),7.23,1.0,12.0,357.0,326.0,20.252101,-,-,-
2026-08-06,2026-08-06,240526 MY Daryl M8 NEW LEADS,240526 MY Daryl M8 NEW LEADS,240526 MY Daryl M8 Video 015,5.11,,0.0,124.0,109.0,41.209677,-,-,-
2026-08-06,2026-08-06,130726 MY Daryl M8 DT LEADS,130726 MY Daryl M8 DT LEADS (Home Schooling),290726 MY Daryl M8 Video 010,50.78,4.0,35.0,1377.0,1194.0,36.877269,Below average - Bottom 35% of ads,Average,Above average
2026-08-06,2026-08-06,300426 MY Daryl M8 LEADS Andromeda,300426 MY Daryl M8 Leads,290726 MY Daryl M8 Video 011,11.23,,18.0,295.0,285.0,38.067797,-,-,-
2026-08-06,2026-08-06,300426 MY Daryl M8 LEADS Andromeda,300426 MY Daryl M8 Leads,300426 MY Daryl M8 Video Hook 007,94.81,6.0,99.0,3037.0,2855.0,31.218308,-,-,-
2026-08-07,2026-08-07,240526 MY Daryl M8 NEW LEADS,240526 MY Daryl M8 NEW LEADS,040826 MY Daryl M8 Video 002,5.44,1.0,3.0,113.0,105.0,48.141593,-,-,-
2026-08-07,2026-08-07,240526 MY Daryl M8 NEW LEADS,240526 MY Daryl M8 NEW LEADS,040826 MY Daryl M8 Video 005,138.28,9.0,87.0,2995.0,2636.0,46.170284,Below average - Bottom 35% of ads,Average,Above average
2026-08-07,2026-08-07,240526 MY Daryl M8 NEW LEADS,240526 MY Daryl M8 NEW LEADS,050826 MY Daryl M8 Video 008 Re-edit,1.36,,2.0,48.0,44.0,28.333333,-,-,-
2026-08-07,2026-08-07,130726 MY Daryl M8 DT LEADS,070826 MY Daryl M8 DT LEADS (Emotional),070826 MY Daryl M8 DT Video 002 (Emotional),5.29,,3.0,114.0,107.0,46.403509,-,-,-
2026-08-07,2026-08-07,130726 MY Daryl M8 DT LEADS,070826 MY Daryl M8 DT LEADS (Emotional),070826 MY Daryl M8 DT Video 013 (Emotional),6.6,,0.0,100.0,91.0,66.0,-,-,-
2026-08-07,2026-08-07,130726 MY Daryl M8 DT LEADS,070826 MY Daryl M8 DT LEADS (Emotional),070826 MY Daryl M8 DT Video Hook 007 (Emotional),18.15,1.0,13.0,327.0,316.0,55.504587,-,-,-
2026-08-07,2026-08-07,130726 MY Daryl M8 DT LEADS,070826 MY Daryl M8 DT LEADS (Emotional),070826 MY Daryl M8 Video 010 (Emotional),21.69,1.0,18.0,520.0,483.0,41.711538,Average,Average,Above average
2026-08-07,2026-08-07,130726 MY Daryl M8 DT LEADS,130726 MY Daryl M8 DT LEADS (Home Schooling),160726 MY Daryl M8 DT Image 003 (Home Schooling),4.62,1.0,4.0,277.0,273.0,16.6787,-,-,-
2026-08-07,2026-08-07,240526 MY Daryl M8 NEW LEADS,240526 MY Daryl M8 NEW LEADS,240526 MY Daryl M8 Video 013,0.41,,0.0,17.0,13.0,24.117647,-,-,-
2026-08-07,2026-08-07,130726 MY Daryl M8 DT LEADS,130726 MY Daryl M8 DT LEADS (Home Schooling),290726 MY Daryl M8 Video 010,39.99,,36.0,1115.0,1061.0,35.865471,Below average - Bottom 35% of ads,Average,Above average
2026-08-07,2026-08-07,300426 MY Daryl M8 LEADS Andromeda,300426 MY Daryl M8 Leads,290726 MY Daryl M8 Video 011,7.62,,2.0,154.0,148.0,49.480519,-,-,-
2026-08-07,2026-08-07,300426 MY Daryl M8 LEADS Andromeda,300426 MY Daryl M8 Leads,300426 MY Daryl M8 Retargeting 003,0.7,,0.0,11.0,10.0,63.636364,-,-,-
2026-08-07,2026-08-07,300426 MY Daryl M8 LEADS Andromeda,300426 MY Daryl M8 Leads,300426 MY Daryl M8 Video Hook 007,102.3,4.0,108.0,3034.0,2842.0,33.717864,-,-,-
2026-08-08,2026-08-08,240526 MY Daryl M8 NEW LEADS,240526 MY Daryl M8 NEW LEADS,040826 MY Daryl M8 Video 002,2.23,,2.0,67.0,67.0,33.283582,-,-,-
2026-08-08,2026-08-08,240526 MY Daryl M8 NEW LEADS,240526 MY Daryl M8 NEW LEADS,040826 MY Daryl M8 Video 005,116.8,5.0,92.0,2761.0,2566.0,42.303513,Below average - Bottom 35% of ads,Average,Above average
2026-08-08,2026-08-08,130726 MY Daryl M8 DT LEADS,070826 MY Daryl M8 DT LEADS (Emotional),070826 MY Daryl M8 DT Video 002 (Emotional),7.53,,6.0,118.0,108.0,63.813559,-,-,-
2026-08-08,2026-08-08,130726 MY Daryl M8 DT LEADS,070826 MY Daryl M8 DT LEADS (Emotional),070826 MY Daryl M8 DT Video 013 (Emotional),0.69,,1.0,31.0,28.0,22.258065,-,-,-
2026-08-08,2026-08-08,130726 MY Daryl M8 DT LEADS,070826 MY Daryl M8 DT LEADS (Emotional),070826 MY Daryl M8 DT Video Hook 007 (Emotional),16.22,1.0,7.0,263.0,255.0,61.673004,-,-,-
2026-08-08,2026-08-08,130726 MY Daryl M8 DT LEADS,070826 MY Daryl M8 DT LEADS (Emotional),070826 MY Daryl M8 Video 010 (Emotional),23.24,1.0,20.0,521.0,489.0,44.606526,Below average - Bottom 35% of ads,Average,Above average
2026-08-08,2026-08-08,130726 MY Daryl M8 DT LEADS,130726 MY Daryl M8 DT LEADS (Home Schooling),160726 MY Daryl M8 DT Image 003 (Home Schooling),7.05,1.0,11.0,389.0,359.0,18.123393,-,-,-
2026-08-08,2026-08-08,240526 MY Daryl M8 NEW LEADS,240526 MY Daryl M8 NEW LEADS,240526 MY Daryl M8 Video 013,0.34,,0.0,13.0,11.0,26.153846,-,-,-
2026-08-08,2026-08-08,240526 MY Daryl M8 NEW LEADS,240526 MY Daryl M8 NEW LEADS,240526 MY Daryl M8 Video 015,2.32,,2.0,36.0,32.0,64.444444,-,-,-
2026-08-08,2026-08-08,130726 MY Daryl M8 DT LEADS,130726 MY Daryl M8 DT LEADS (Home Schooling),290726 MY Daryl M8 Video 010,39.13,3.0,22.0,988.0,909.0,39.605263,Below average - Bottom 35% of ads,Average,Above average
2026-08-08,2026-08-08,300426 MY Daryl M8 LEADS Andromeda,300426 MY Daryl M8 Leads,290726 MY Daryl M8 Video 011,13.8,1.0,14.0,293.0,272.0,47.098976,-,-,-
2026-08-08,2026-08-08,300426 MY Daryl M8 LEADS Andromeda,300426 MY Daryl M8 Leads,300426 MY Daryl M8 Video Hook 007,92.0,8.0,99.0,2380.0,2168.0,38.655462,-,-,-
2026-08-09,2026-08-09,240526 MY Daryl M8 NEW LEADS,240526 MY Daryl M8 NEW LEADS,040826 MY Daryl M8 Video 002,0.72,,1.0,33.0,32.0,21.818182,-,-,-
2026-08-09,2026-08-09,240526 MY Daryl M8 NEW LEADS,240526 MY Daryl M8 NEW LEADS,040826 MY Daryl M8 Video 005,110.23,5.0,61.0,2670.0,2632.0,41.284644,Below average - Bottom 35% of ads,Average,Above average
2026-08-09,2026-08-09,240526 MY Daryl M8 NEW LEADS,240526 MY Daryl M8 NEW LEADS,050826 MY Daryl M8 Video 008 Re-edit,4.19,,2.0,61.0,59.0,68.688525,-,-,-
2026-08-09,2026-08-09,130726 MY Daryl M8 DT LEADS,070826 MY Daryl M8 DT LEADS (Emotional),070826 MY Daryl M8 DT Video 002 (Emotional),4.93,,4.0,101.0,99.0,48.811881,-,-,-
2026-08-09,2026-08-09,130726 MY Daryl M8 DT LEADS,070826 MY Daryl M8 DT LEADS (Emotional),070826 MY Daryl M8 DT Video 013 (Emotional),0.05,,0.0,4.0,3.0,12.5,-,-,-
2026-08-09,2026-08-09,130726 MY Daryl M8 DT LEADS,070826 MY Daryl M8 DT LEADS (Emotional),070826 MY Daryl M8 DT Video Hook 007 (Emotional),15.47,,3.0,197.0,193.0,78.527919,-,-,-
2026-08-09,2026-08-09,130726 MY Daryl M8 DT LEADS,070826 MY Daryl M8 DT LEADS (Emotional),070826 MY Daryl M8 Video 010 (Emotional),33.14,,14.0,738.0,686.0,44.905149,Below average - Bottom 35% of ads,Average,Above average
2026-08-09,2026-08-09,090826 MY Daryl M8 NEW LEADS 2,090826 MY Daryl M8 NEW LEADS 2,090826 MY Daryl M8 Video BRK 001 + M8 014,9.84,1.0,8.0,239.0,225.0,41.171548,-,-,-
2026-08-09,2026-08-09,090826 MY Daryl M8 NEW LEADS 2,090826 MY Daryl M8 NEW LEADS 2,090826 MY Daryl M8 Video BRK 003 + M8 013,75.06,2.0,51.0,1493.0,1368.0,50.274615,Below average - Bottom 35% of ads,Average,Above average
2026-08-09,2026-08-09,090826 MY Daryl M8 NEW LEADS 2,090826 MY Daryl M8 NEW LEADS 2,090826 MY Daryl M8 Video BRK 005 + M8 007,44.36,2.0,32.0,1033.0,889.0,42.942885,Below average - Bottom 35% of ads,Average,Above average
2026-08-09,2026-08-09,130726 MY Daryl M8 DT LEADS,130726 MY Daryl M8 DT LEADS (Home Schooling),160726 MY Daryl M8 DT Image 003 (Home Schooling),8.09,,20.0,457.0,448.0,17.702407,-,-,-
2026-08-09,2026-08-09,240526 MY Daryl M8 NEW LEADS,240526 MY Daryl M8 NEW LEADS,240526 MY Daryl M8 Video 015,1.69,1.0,2.0,30.0,28.0,56.333333,-,-,-
2026-08-09,2026-08-09,130726 MY Daryl M8 DT LEADS,130726 MY Daryl M8 DT LEADS (Home Schooling),290726 MY Daryl M8 Video 010,48.78,1.0,46.0,1094.0,1041.0,44.588665,Below average - Bottom 35% of ads,Average,Above average
2026-08-09,2026-08-09,300426 MY Daryl M8 LEADS Andromeda,300426 MY Daryl M8 Leads,290726 MY Daryl M8 Video 011,12.51,1.0,13.0,271.0,261.0,46.162362,-,-,-
2026-08-09,2026-08-09,300426 MY Daryl M8 LEADS Andromeda,300426 MY Daryl M8 Leads,300426 MY Daryl M8 Retargeting 003,1.02,,0.0,25.0,25.0,40.8,-,-,-
2026-08-09,2026-08-09,300426 MY Daryl M8 LEADS Andromeda,300426 MY Daryl M8 Leads,300426 MY Daryl M8 Video Hook 007,94.95,5.0,78.0,2748.0,2646.0,34.552402,-,-,-
2026-08-10,2026-08-10,240526 MY Daryl M8 NEW LEADS,240526 MY Daryl M8 NEW LEADS,040826 MY Daryl M8 Video 002,14.37,,9.0,423.0,395.0,33.971631,-,-,-
2026-08-10,2026-08-10,240526 MY Daryl M8 NEW LEADS,240526 MY Daryl M8 NEW LEADS,040826 MY Daryl M8 Video 005,0.0,1.0,0.0,0.0,0.0,,-,-,-
2026-08-10,2026-08-10,240526 MY Daryl M8 NEW LEADS,240526 MY Daryl M8 NEW LEADS,050826 MY Daryl M8 Video 008 Re-edit,4.46,,4.0,91.0,89.0,49.010989,-,-,-
2026-08-10,2026-08-10,090826 MY Daryl M8 NEW LEADS 2,090826 MY Daryl M8 NEW LEADS 2,090826 MY Daryl M8 Video BRK 001 + M8 014,13.72,,8.0,350.0,317.0,39.2,-,-,-
2026-08-10,2026-08-10,090826 MY Daryl M8 NEW LEADS 2,090826 MY Daryl M8 NEW LEADS 2,090826 MY Daryl M8 Video BRK 003 + M8 013,40.25,2.0,25.0,874.0,822.0,46.052632,Below average - Bottom 35% of ads,Average,Above average
2026-08-10,2026-08-10,090826 MY Daryl M8 NEW LEADS 2,090826 MY Daryl M8 NEW LEADS 2,090826 MY Daryl M8 Video BRK 005 + M8 007,29.62,1.0,21.0,669.0,587.0,44.275037,Below average - Bottom 35% of ads,Average,Above average
2026-08-10,2026-08-10,130726 MY Daryl M8 DT LEADS,130726 MY Daryl M8 DT LEADS (Home Schooling),160726 MY Daryl M8 DT Image 003 (Home Schooling),36.89,3.0,65.0,2175.0,2066.0,16.96092,Average,Average,Above average
2026-08-10,2026-08-10,240526 MY Daryl M8 NEW LEADS,240526 MY Daryl M8 NEW LEADS,240526 MY Daryl M8 Video 013,0.9,,0.0,16.0,14.0,56.25,-,-,-
2026-08-10,2026-08-10,240526 MY Daryl M8 NEW LEADS,240526 MY Daryl M8 NEW LEADS,240526 MY Daryl M8 Video 015,66.03,3.0,71.0,1681.0,1376.0,39.28019,Below average - Bottom 35% of ads,Average,Above average
2026-08-10,2026-08-10,300426 MY Daryl M8 LEADS Andromeda,300426 MY Daryl M8 Leads,290726 MY Daryl M8 Video 011,29.77,3.0,34.0,867.0,816.0,34.336794,Below average - Bottom 35% of ads,Above average,Above average
2026-08-10,2026-08-10,300426 MY Daryl M8 LEADS Andromeda,300426 MY Daryl M8 Leads,300426 MY Daryl M8 Retargeting 003,0.57,,0.0,14.0,12.0,40.714286,-,-,-
2026-08-10,2026-08-10,300426 MY Daryl M8 LEADS Andromeda,300426 MY Daryl M8 Leads,300426 MY Daryl M8 Video Hook 007,49.56,4.0,59.0,1590.0,1531.0,31.169811,-,-,-
2026-08-11,2026-08-11,240526 MY Daryl M8 NEW LEADS,240526 MY Daryl M8 NEW LEADS,040826 MY Daryl M8 Video 002,3.81,1.0,5.0,118.0,112.0,32.288136,-,-,-
2026-08-11,2026-08-11,240526 MY Daryl M8 NEW LEADS,240526 MY Daryl M8 NEW LEADS,040826 MY Daryl M8 Video 005,0.0,,0.0,0.0,0.0,,-,-,-
2026-08-11,2026-08-11,240526 MY Daryl M8 NEW LEADS,240526 MY Daryl M8 NEW LEADS,050826 MY Daryl M8 Video 008 Re-edit,2.07,,0.0,24.0,24.0,86.25,-,-,-
2026-08-11,2026-08-11,090826 MY Daryl M8 NEW LEADS 2,090826 MY Daryl M8 NEW LEADS 2,090826 MY Daryl M8 Video BRK 001 + M8 014,2.85,,1.0,54.0,52.0,52.777778,-,-,-
2026-08-11,2026-08-11,090826 MY Daryl M8 NEW LEADS 2,090826 MY Daryl M8 NEW LEADS 2,090826 MY Daryl M8 Video BRK 003 + M8 013,28.8,1.0,20.0,566.0,504.0,50.883392,Below average - Bottom 35% of ads,Average,Above average
2026-08-11,2026-08-11,090826 MY Daryl M8 NEW LEADS 2,090826 MY Daryl M8 NEW LEADS 2,090826 MY Daryl M8 Video BRK 005 + M8 007,50.1,,31.0,1105.0,996.0,45.339367,Below average - Bottom 35% of ads,Average,Above average
2026-08-11,2026-08-11,240526 MY Daryl M8 NEW LEADS,240526 MY Daryl M8 NEW LEADS,110826 MY Daryl M8 Video BRK 003 + M8 013,1.08,,0.0,37.0,34.0,29.189189,-,-,-
2026-08-11,2026-08-11,130726 MY Daryl M8 DT LEADS,130726 MY Daryl M8 DT LEADS (Home Schooling),160726 MY Daryl M8 DT Image 003 (Home Schooling),26.38,2.0,29.0,1636.0,1460.0,16.124694,Average,Average,Above average
2026-08-11,2026-08-11,240526 MY Daryl M8 NEW LEADS,240526 MY Daryl M8 NEW LEADS,240526 MY Daryl M8 Video 015,100.59,5.0,97.0,2779.0,2448.0,36.196474,Below average - Bottom 35% of ads,Average,Above average
2026-08-11,2026-08-11,300426 MY Daryl M8 LEADS Andromeda,300426 MY Daryl M8 Leads,290726 MY Daryl M8 Video 011,31.56,3.0,33.0,820.0,779.0,38.487805,Below average - Bottom 35% of ads,Above average,Above average
2026-08-11,2026-08-11,300426 MY Daryl M8 LEADS Andromeda,300426 MY Daryl M8 Leads,300426 MY Daryl M8 Video Hook 007,62.5,4.0,85.0,2377.0,2261.0,26.293647,-,-,-
2026-08-12,2026-08-12,240526 MY Daryl M8 NEW LEADS,240526 MY Daryl M8 NEW LEADS,040826 MY Daryl M8 Video 002,1.05,,0.0,23.0,21.0,45.652174,-,-,-
2026-08-12,2026-08-12,240526 MY Daryl M8 NEW LEADS,240526 MY Daryl M8 NEW LEADS,040826 MY Daryl M8 Video 005,0.0,1.0,0.0,0.0,0.0,,-,-,-
2026-08-12,2026-08-12,240526 MY Daryl M8 NEW LEADS,240526 MY Daryl M8 NEW LEADS,050826 MY Daryl M8 Video 008 Re-edit,1.98,,4.0,69.0,66.0,28.695652,-,-,-
2026-08-12,2026-08-12,240526 MY Daryl M8 NEW LEADS,240526 MY Daryl M8 NEW LEADS,060826 MY Daryl M8 Image 005,0.0,,0.0,0.0,0.0,,-,-,-
2026-08-12,2026-08-12,240526 MY Daryl M8 NEW LEADS,240526 MY Daryl M8 NEW LEADS,110826 MY Daryl M8 Video BRK 003 + M8 013,71.78,1.0,44.0,1573.0,1416.0,45.632549,Below average - Bottom 35% of ads,Average,Above average
2026-08-12,2026-08-12,300426 MY Daryl M8 LEADS Andromeda,300426 MY Daryl M8 Leads,120826 MY Daryl M8 Video BRK 001 + M8 014,5.57,,8.0,151.0,132.0,36.887417,-,-,-
2026-08-12,2026-08-12,130726 MY Daryl M8 DT LEADS,130726 MY Daryl M8 DT LEADS (Home Schooling),160726 MY Daryl M8 DT Image 003 (Home Schooling),34.88,1.0,36.0,2351.0,2125.0,14.83624,Average,Average,Above average
2026-08-12,2026-08-12,240526 MY Daryl M8 NEW LEADS,240526 MY Daryl M8 NEW LEADS,240526 MY Daryl M8 Video 013,0.34,,0.0,3.0,3.0,113.333333,-,-,-
2026-08-12,2026-08-12,240526 MY Daryl M8 NEW LEADS,240526 MY Daryl M8 NEW LEADS,240526 MY Daryl M8 Video 015,44.91,1.0,50.0,1560.0,1398.0,28.788462,Below average - Bottom 35% of ads,Average,Above average
2026-08-12,2026-08-12,300426 MY Daryl M8 LEADS Andromeda,300426 MY Daryl M8 Leads,290726 MY Daryl M8 Video 011,58.86,5.0,73.0,1567.0,1472.0,37.562221,Below average - Bottom 35% of ads,Above average,Above average
2026-08-12,2026-08-12,300426 MY Daryl M8 LEADS Andromeda,300426 MY Daryl M8 Leads,300426 MY Daryl M8 Retargeting 003,2.51,,4.0,71.0,64.0,35.352113,-,-,-
2026-08-12,2026-08-12,300426 MY Daryl M8 LEADS Andromeda,300426 MY Daryl M8 Leads,300426 MY Daryl M8 Video Hook 007,25.74,1.0,28.0,872.0,849.0,29.518349,-,-,-
2026-08-13,2026-08-13,240526 MY Daryl M8 NEW LEADS,240526 MY Daryl M8 NEW LEADS,040826 MY Daryl M8 Video 002,89.96,2.0,117.0,3342.0,3072.0,26.918013,Below average - Bottom 35% of ads,Above average,Above average
2026-08-13,2026-08-13,300426 MY Daryl M8 LEADS Andromeda,300426 MY Daryl M8 Leads,120826 MY Daryl M8 Video BRK 001 + M8 014,19.02,2.0,8.0,390.0,362.0,48.769231,-,-,-
2026-08-13,2026-08-13,130726 MY Daryl M8 DT LEADS,130726 MY Daryl M8 DT LEADS (Home Schooling),160726 MY Daryl M8 DT Image 003 (Home Schooling),35.9,,35.0,2024.0,1889.0,17.737154,Average,Average,Above average
2026-08-13,2026-08-13,240526 MY Daryl M8 NEW LEADS,240526 MY Daryl M8 NEW LEADS,240526 MY Daryl M8 Video 013,0.35,,0.0,10.0,9.0,35.0,-,-,-
2026-08-13,2026-08-13,240526 MY Daryl M8 NEW LEADS,240526 MY Daryl M8 NEW LEADS,240526 MY Daryl M8 Video 015,56.7,2.0,40.0,1183.0,1081.0,47.928994,Below average - Bottom 35% of ads,Average,Above average
2026-08-13,2026-08-13,300426 MY Daryl M8 LEADS Andromeda,300426 MY Daryl M8 Leads,290726 MY Daryl M8 Video 011,129.26,10.0,140.0,3272.0,3049.0,39.50489,Average,Above average,Above average
2026-08-13,2026-08-13,300426 MY Daryl M8 LEADS Andromeda,300426 MY Daryl M8 Leads,300426 MY Daryl M8 Video Hook 007,19.05,1.0,18.0,594.0,573.0,32.070707,-,-,-
2026-08-14,2026-08-14,240526 MY Daryl M8 NEW LEADS,240526 MY Daryl M8 NEW LEADS,040826 MY Daryl M8 Video 002,105.6,2.0,134.0,3099.0,2776.0,34.075508,Below average - Bottom 35% of ads,Above average,Above average
2026-08-14,2026-08-14,240526 MY Daryl M8 NEW LEADS,240526 MY Daryl M8 NEW LEADS,050826 MY Daryl M8 Video 008 Re-edit,1.74,,0.0,42.0,40.0,41.428571,-,-,-
2026-08-14,2026-08-14,300426 MY Daryl M8 LEADS Andromeda,300426 MY Daryl M8 Leads,120826 MY Daryl M8 Video BRK 001 + M8 014,0.58,1.0,1.0,13.0,13.0,44.615385,-,-,-
2026-08-14,2026-08-14,130726 MY Daryl M8 DT LEADS,130726 MY Daryl M8 DT LEADS (Home Schooling),140826 MY Daryl M8 Video BRK 001 + M8 014,4.57,,3.0,129.0,127.0,35.426357,-,-,-
2026-08-14,2026-08-14,130726 MY Daryl M8 DT LEADS,130726 MY Daryl M8 DT LEADS (Home Schooling),150826 MY Daryl M8 Video 013 (Home Schooling),0.25,,1.0,10.0,10.0,25.0,-,-,-
2026-08-14,2026-08-14,130726 MY Daryl M8 DT LEADS,130726 MY Daryl M8 DT LEADS (Home Schooling),150826 MY Daryl M8 Video 013 (Social),0.25,,1.0,10.0,10.0,25.0,-,-,-
2026-08-14,2026-08-14,130726 MY Daryl M8 DT LEADS,130726 MY Daryl M8 DT LEADS (Home Schooling),160726 MY Daryl M8 DT Image 003 (Home Schooling),34.33,1.0,24.0,1491.0,1392.0,23.024816,Average,Average,Above average
2026-08-14,2026-08-14,300426 MY Daryl M8 LEADS Andromeda,300426 MY Daryl M8 Leads,290726 MY Daryl M8 Video 011,123.15,6.0,133.0,3412.0,3172.0,36.0932,Below average - Bottom 35% of ads,Above average,Above average
2026-08-14,2026-08-14,300426 MY Daryl M8 LEADS Andromeda,300426 MY Daryl M8 Leads,300426 MY Daryl M8 Retargeting 003,0.06,,0.0,4.0,3.0,15.0,-,-,-
2026-08-14,2026-08-14,300426 MY Daryl M8 LEADS Andromeda,300426 MY Daryl M8 Leads,300426 MY Daryl M8 Video Hook 007,10.0,,6.0,264.0,243.0,37.878788,-,-,-
2026-08-15,2026-08-15,300426 MY Daryl M8 LEADS Andromeda,300426 MY Daryl M8 Leads,120826 MY Daryl M8 Video BRK 001 + M8 014,0.24,,2.0,13.0,13.0,18.461538,-,-,-
2026-08-15,2026-08-15,130726 MY Daryl M8 DT LEADS,130726 MY Daryl M8 DT LEADS (Home Schooling),140826 MY Daryl M8 Video BRK 001 + M8 014,36.31,2.0,15.0,875.0,837.0,41.497143,Below average - Bottom 35% of ads,Average,Above average
2026-08-15,2026-08-15,130726 MY Daryl M8 DT LEADS,150826 MY Daryl M8 DT LEADS (Peaceful),150826 MY Daryl M8 DT Video 011 (Peaceful),49.24,1.0,34.0,1014.0,915.0,48.560158,Below average - Bottom 35% of ads,Average,Above average
2026-08-15,2026-08-15,130726 MY Daryl M8 DT LEADS,150826 MY Daryl M8 DT LEADS (Peaceful),150826 MY Daryl M8 Video 006 (Peace),0.45,,0.0,29.0,28.0,15.517241,-,-,-
2026-08-15,2026-08-15,130726 MY Daryl M8 DT LEADS,130726 MY Daryl M8 DT LEADS (Home Schooling),150826 MY Daryl M8 Video 013 (Home Schooling),3.26,,3.0,80.0,75.0,40.75,-,-,-
2026-08-15,2026-08-15,130726 MY Daryl M8 DT LEADS,130726 MY Daryl M8 DT LEADS (Home Schooling),150826 MY Daryl M8 Video 013 (Social),3.26,,3.0,79.0,74.0,41.265823,-,-,-
2026-08-15,2026-08-15,130726 MY Daryl M8 DT LEADS,150826 MY Daryl M8 DT LEADS (Social Concept),150826 MY Daryl M8 Video 015 (Social),14.31,,12.0,321.0,305.0,44.579439,-,-,-
2026-08-15,2026-08-15,130726 MY Daryl M8 DT LEADS,150826 MY Daryl M8 DT LEADS (Peaceful),150826 MY Daryl M8 Video BRK 001 + M8 014,0.04,,0.0,4.0,4.0,10.0,-,-,-
2026-08-15,2026-08-15,130726 MY Daryl M8 DT LEADS,150826 MY Daryl M8 DT LEADS (Social Concept),150826 MY Daryl M8 Video BRK 003 + M8 013,15.0,,8.0,327.0,314.0,45.87156,-,-,-
2026-08-15,2026-08-15,130726 MY Daryl M8 DT LEADS,150826 MY Daryl M8 DT LEADS (Social Concept),150826 MY Daryl M8 Video Hook 007 (Social),20.34,3.0,14.0,360.0,340.0,56.5,-,-,-
2026-08-15,2026-08-15,240526 MY Daryl M8 NEW LEADS,240526 MY Daryl M8 NEW LEADS,150826 MY Daryl Video BRK 005 + M8 007,38.63,1.0,23.0,798.0,704.0,48.408521,Below average - Bottom 35% of ads,Average,Above average
2026-08-15,2026-08-15,130726 MY Daryl M8 DT LEADS,130726 MY Daryl M8 DT LEADS (Home Schooling),160726 MY Daryl M8 DT Image 003 (Home Schooling),0.0,,0.0,0.0,0.0,,-,-,-
2026-08-15,2026-08-15,300426 MY Daryl M8 LEADS Andromeda,300426 MY Daryl M8 Leads,290726 MY Daryl M8 Video 011,161.0,12.0,134.0,4065.0,3914.0,39.606396,Average,Above average,Above average
2026-08-15,2026-08-15,300426 MY Daryl M8 LEADS Andromeda,300426 MY Daryl M8 Leads,300426 MY Daryl M8 Retargeting 003,0.44,,1.0,21.0,21.0,20.952381,-,-,-
2026-08-15,2026-08-15,300426 MY Daryl M8 LEADS Andromeda,300426 MY Daryl M8 Leads,300426 MY Daryl M8 Video Hook 007,4.1,,4.0,151.0,145.0,27.152318,-,-,-
2026-08-16,2026-08-16,300426 MY Daryl M8 LEADS Andromeda,300426 MY Daryl M8 Leads,120826 MY Daryl M8 Video BRK 001 + M8 014,0.09,,0.0,3.0,3.0,30.0,-,-,-
2026-08-16,2026-08-16,130726 MY Daryl M8 DT LEADS,130726 MY Daryl M8 DT LEADS (Home Schooling),140826 MY Daryl M8 Video BRK 001 + M8 014,26.96,,16.0,746.0,716.0,36.13941,Below average - Bottom 35% of ads,Average,Above average
2026-08-16,2026-08-16,130726 MY Daryl M8 DT LEADS,150826 MY Daryl M8 DT LEADS (Peaceful),150826 MY Daryl M8 DT Video 011 (Peaceful),38.33,2.0,36.0,912.0,867.0,42.028509,Below average - Bottom 35% of ads,Average,Above average
2026-08-16,2026-08-16,130726 MY Daryl M8 DT LEADS,150826 MY Daryl M8 DT LEADS (Peaceful),150826 MY Daryl M8 Video 006 (Peace),0.27,,1.0,20.0,19.0,13.5,-,-,-
2026-08-16,2026-08-16,130726 MY Daryl M8 DT LEADS,130726 MY Daryl M8 DT LEADS (Home Schooling),150826 MY Daryl M8 Video 013 (Home Schooling),5.52,,7.0,131.0,123.0,42.137405,-,-,-
2026-08-16,2026-08-16,130726 MY Daryl M8 DT LEADS,150826 MY Daryl M8 DT LEADS (Social Concept),150826 MY Daryl M8 Video 015 (Social),6.84,,5.0,185.0,170.0,36.972973,-,-,-
2026-08-16,2026-08-16,130726 MY Daryl M8 DT LEADS,150826 MY Daryl M8 DT LEADS (Peaceful),150826 MY Daryl M8 Video BRK 001 + M8 014,0.06,,0.0,6.0,6.0,10.0,-,-,-
2026-08-16,2026-08-16,130726 MY Daryl M8 DT LEADS,150826 MY Daryl M8 DT LEADS (Social Concept),150826 MY Daryl M8 Video BRK 003 + M8 013,7.86,1.0,2.0,157.0,147.0,50.063694,-,-,-
2026-08-16,2026-08-16,130726 MY Daryl M8 DT LEADS,150826 MY Daryl M8 DT LEADS (Social Concept),150826 MY Daryl M8 Video Hook 007 (Social),37.13,2.0,35.0,884.0,841.0,42.002262,Below average - Bottom 35% of ads,Average,Above average
2026-08-16,2026-08-16,240526 MY Daryl M8 NEW LEADS,240526 MY Daryl M8 NEW LEADS,150826 MY Daryl Video BRK 005 + M8 007,27.75,1.0,13.0,593.0,535.0,46.795953,Below average - Bottom 35% of ads,Average,Above average
2026-08-16,2026-08-16,130726 MY Daryl M8 DT LEADS,150826 MY Daryl M8 DT LEADS (Social Concept),170826 MY Daryl M8 Video 008 Re-edit,3.28,,4.0,112.0,107.0,29.285714,-,-,-
2026-08-16,2026-08-16,130726 MY Daryl M8 DT LEADS,130726 MY Daryl M8 DT LEADS (Home Schooling),170826 MY Daryl Video BRK 005 + M8 007,2.11,,0.0,49.0,46.0,43.061224,-,-,-
2026-08-16,2026-08-16,300426 MY Daryl M8 LEADS Andromeda,300426 MY Daryl M8 Leads,290726 MY Daryl M8 Video 011,154.09,5.0,142.0,3948.0,3708.0,39.029889,Average,Average,Above average
2026-08-16,2026-08-16,300426 MY Daryl M8 LEADS Andromeda,300426 MY Daryl M8 Leads,300426 MY Daryl M8 Video Hook 007,3.48,,6.0,129.0,117.0,26.976744,-,-,-
2026-08-17,2026-08-17,130726 MY Daryl M8 DT LEADS,130726 MY Daryl M8 DT LEADS (Home Schooling),140826 MY Daryl M8 Video BRK 001 + M8 014,0.0,,0.0,0.0,0.0,,-,-,-
2026-08-17,2026-08-17,130726 MY Daryl M8 DT LEADS,150826 MY Daryl M8 DT LEADS (Peaceful),150826 MY Daryl M8 Video 006 (Peace),27.93,,29.0,853.0,740.0,32.743259,Below average - Bottom 35% of ads,Average,Average
2026-08-17,2026-08-17,130726 MY Daryl M8 DT LEADS,130726 MY Daryl M8 DT LEADS (Home Schooling),150826 MY Daryl M8 Video 013 (Home Schooling),10.97,,11.0,192.0,180.0,57.135417,-,-,-
2026-08-17,2026-08-17,130726 MY Daryl M8 DT LEADS,150826 MY Daryl M8 DT LEADS (Social Concept),150826 MY Daryl M8 Video 015 (Social),0.0,,0.0,0.0,0.0,,-,-,-
2026-08-17,2026-08-17,130726 MY Daryl M8 DT LEADS,150826 MY Daryl M8 DT LEADS (Social Concept),150826 MY Daryl M8 Video BRK 003 + M8 013,4.39,,0.0,96.0,90.0,45.729167,-,-,-
2026-08-17,2026-08-17,130726 MY Daryl M8 DT LEADS,150826 MY Daryl M8 DT LEADS (Social Concept),150826 MY Daryl M8 Video Hook 007 (Social),35.17,1.0,32.0,973.0,917.0,36.14594,Below average - Bottom 35% of ads,Average,Above average
2026-08-17,2026-08-17,130726 MY Daryl M8 DT LEADS,150826 MY Daryl M8 DT LEADS (Social Concept),170826 MY Daryl M8 Video 008 Re-edit,2.53,,1.0,72.0,69.0,35.138889,-,-,-
2026-08-17,2026-08-17,170826 MY Daryl M8 LEADS Test,170826 MY Daryl M8 LEADS Test 016,170826 MY Daryl M8 Video 016,31.78,3.0,34.0,1043.0,858.0,30.469799,Below average - Bottom 35% of ads,Average,Above average
2026-08-17,2026-08-17,170826 MY Daryl M8 LEADS Test,170826 MY Daryl M8 LEADS Test 017,170826 MY Daryl M8 Video 017,43.03,11.0,96.0,1676.0,1446.0,25.674224,Below average - Bottom 35% of ads,Above average,Above average
2026-08-17,2026-08-17,130726 MY Daryl M8 DT LEADS,130726 MY Daryl M8 DT LEADS (Home Schooling),170826 MY Daryl Video BRK 005 + M8 007,16.09,1.0,7.0,311.0,301.0,51.736334,-,-,-
2026-08-17,2026-08-17,300426 MY Daryl M8 LEADS Andromeda,300426 MY Daryl M8 Leads,290726 MY Daryl M8 Video 011,143.78,7.0,162.0,4258.0,3806.0,33.767027,Average,Average,Above average
2026-08-17,2026-08-17,300426 MY Daryl M8 LEADS Andromeda,300426 MY Daryl M8 Leads,300426 MY Daryl M8 Retargeting 003,3.89,,1.0,113.0,100.0,34.424779,-,-,-
2026-08-17,2026-08-17,300426 MY Daryl M8 LEADS Andromeda,300426 MY Daryl M8 Leads,300426 MY Daryl M8 Video Hook 007,4.33,1.0,7.0,135.0,126.0,32.074074,-,-,-
2026-08-18,2026-08-18,300426 MY Daryl M8 LEADS Andromeda,300426 MY Daryl M8 Leads,120826 MY Daryl M8 Video BRK 001 + M8 014,0.38,1.0,1.0,17.0,15.0,22.352941,-,-,-
2026-08-18,2026-08-18,130726 MY Daryl M8 DT LEADS,150826 MY Daryl M8 DT LEADS (Peaceful),150826 MY Daryl M8 Video 006 (Peace),0.0,,0.0,0.0,0.0,,-,-,-
2026-08-18,2026-08-18,130726 MY Daryl M8 DT LEADS,130726 MY Daryl M8 DT LEADS (Home Schooling),150826 MY Daryl M8 Video 013 (Home Schooling),0.0,,0.0,0.0,0.0,,-,-,-
2026-08-18,2026-08-18,130726 MY Daryl M8 DT LEADS,150826 MY Daryl M8 DT LEADS (Social Concept),150826 MY Daryl M8 Video BRK 003 + M8 013,1.75,,2.0,79.0,77.0,22.151899,-,-,-
2026-08-18,2026-08-18,130726 MY Daryl M8 DT LEADS,150826 MY Daryl M8 DT LEADS (Social Concept),150826 MY Daryl M8 Video Hook 007 (Social),40.59,3.0,41.0,1306.0,1234.0,31.079632,Below average - Bottom 35% of ads,Average,Above average
2026-08-18,2026-08-18,130726 MY Daryl M8 DT LEADS,150826 MY Daryl M8 DT LEADS (Social Concept),170826 MY Daryl M8 Video 008 Re-edit,7.85,,7.0,113.0,109.0,69.469027,-,-,-
2026-08-18,2026-08-18,170826 MY Daryl M8 LEADS Test,170826 MY Daryl M8 LEADS Test 016,170826 MY Daryl M8 Video 016,30.03,1.0,27.0,1053.0,936.0,28.518519,Below average - Bottom 35% of ads,Average,Above average
2026-08-18,2026-08-18,170826 MY Daryl M8 LEADS Test,170826 MY Daryl M8 LEADS Test 017,170826 MY Daryl M8 Video 017,37.13,9.0,74.0,1489.0,1357.0,24.936199,Below average - Bottom 35% of ads,Above average,Above average
2026-08-18,2026-08-18,130726 MY Daryl M8 DT LEADS,130726 MY Daryl M8 DT LEADS (Home Schooling),170826 MY Daryl Video BRK 005 + M8 007,35.91,,31.0,1013.0,863.0,35.449161,Below average - Bottom 35% of ads,Average,Average
2026-08-18,2026-08-18,300426 MY Daryl M8 LEADS Andromeda,300426 MY Daryl M8 Leads,190826 MY Daryl M8 Video 017,2.94,,4.0,57.0,56.0,51.578947,-,-,-
2026-08-18,2026-08-18,300426 MY Daryl M8 LEADS Andromeda,300426 MY Daryl M8 Leads,290726 MY Daryl M8 Video 011,165.51,13.0,234.0,5903.0,5384.0,28.038286,Average,Average,Above average
2026-08-18,2026-08-18,300426 MY Daryl M8 LEADS Andromeda,300426 MY Daryl M8 Leads,300426 MY Daryl M8 Retargeting 003,1.93,,0.0,74.0,67.0,26.081081,-,-,-
2026-08-18,2026-08-18,300426 MY Daryl M8 LEADS Andromeda,300426 MY Daryl M8 Leads,300426 MY Daryl M8 Video Hook 007,16.62,4.0,22.0,463.0,422.0,35.896328,-,-,-
2026-08-19,2026-08-19,130726 MY Daryl M8 DT LEADS,150826 MY Daryl M8 DT LEADS (Social Concept),150826 MY Daryl M8 Video BRK 003 + M8 013,0.86,,0.0,50.0,50.0,17.2,-,-,-
2026-08-19,2026-08-19,130726 MY Daryl M8 DT LEADS,150826 MY Daryl M8 DT LEADS (Social Concept),150826 MY Daryl M8 Video Hook 007 (Social),54.1,1.0,59.0,1859.0,1744.0,29.101668,Below average - Bottom 35% of ads,Average,Above average
2026-08-19,2026-08-19,130726 MY Daryl M8 DT LEADS,150826 MY Daryl M8 DT LEADS (Social Concept),170826 MY Daryl M8 Video 008 Re-edit,3.43,,6.0,64.0,63.0,53.59375,-,-,-
2026-08-19,2026-08-19,170826 MY Daryl M8 LEADS Test,170826 MY Daryl M8 LEADS Test 016,170826 MY Daryl M8 Video 016,27.65,,41.0,941.0,760.0,29.383634,Below average - Bottom 35% of ads,Average,Above average
2026-08-19,2026-08-19,170826 MY Daryl M8 LEADS Test,170826 MY Daryl M8 LEADS Test 017,170826 MY Daryl M8 Video 017,32.27,4.0,58.0,1132.0,1064.0,28.507067,Below average - Bottom 35% of ads,Above average,Above average
2026-08-19,2026-08-19,300426 MY Daryl M8 LEADS Andromeda,300426 MY Daryl M8 Leads,190826 MY Daryl M8 Video 017,228.44,21.0,368.0,7711.0,6894.0,29.625211,Below average - Bottom 35% of ads,Above average,Above average
2026-08-19,2026-08-19,300426 MY Daryl M8 LEADS Andromeda,300426 MY Daryl M8 Leads,290726 MY Daryl M8 Video 011,20.09,1.0,32.0,783.0,749.0,25.657727,Average,Above average,Above average
2026-08-19,2026-08-19,300426 MY Daryl M8 LEADS Andromeda,300426 MY Daryl M8 Leads,300426 MY Daryl M8 Retargeting 003,0.29,,2.0,9.0,9.0,32.222222,-,-,-
2026-08-19,2026-08-19,300426 MY Daryl M8 LEADS Andromeda,300426 MY Daryl M8 Leads,300426 MY Daryl M8 Video Hook 007,1.31,,1.0,43.0,39.0,30.465116,-,-,-
2026-08-20,2026-08-20,130726 MY Daryl M8 DT LEADS,150826 MY Daryl M8 DT LEADS (Social Concept),150826 MY Daryl M8 Video Hook 007 (Social),36.49,1.0,49.0,1063.0,996.0,34.327375,Below average - Bottom 35% of ads,Average,Above average
2026-08-20,2026-08-20,130726 MY Daryl M8 DT LEADS,150826 MY Daryl M8 DT LEADS (Social Concept),170826 MY Daryl M8 Video 008 Re-edit,4.45,,0.0,50.0,44.0,89.0,-,-,-
2026-08-20,2026-08-20,170826 MY Daryl M8 LEADS Test,170826 MY Daryl M8 LEADS Test 016,170826 MY Daryl M8 Video 016,26.51,,29.0,823.0,687.0,32.211422,Below average - Bottom 35% of ads,Average,Above average
2026-08-20,2026-08-20,170826 MY Daryl M8 LEADS Test,170826 MY Daryl M8 LEADS Test 017,170826 MY Daryl M8 Video 017,48.36,10.0,88.0,1717.0,1655.0,28.165405,Average,Above average,Above average
2026-08-20,2026-08-20,300426 MY Daryl M8 LEADS Andromeda,300426 MY Daryl M8 Leads,190826 MY Daryl M8 Video 017,204.91,26.0,429.0,7685.0,6969.0,26.66363,Average,Above average,Above average
2026-08-20,2026-08-20,300426 MY Daryl M8 LEADS Andromeda,300426 MY Daryl M8 Leads,290726 MY Daryl M8 Video 011,5.54,,12.0,215.0,202.0,25.767442,-,-,-
2026-08-20,2026-08-20,300426 MY Daryl M8 LEADS Andromeda,300426 MY Daryl M8 Leads,300426 MY Daryl M8 Retargeting 003,0.03,,0.0,4.0,4.0,7.5,-,-,-
2026-08-20,2026-08-20,300426 MY Daryl M8 LEADS Andromeda,300426 MY Daryl M8 Leads,300426 MY Daryl M8 Video Hook 007,0.78,,1.0,27.0,25.0,28.888889,-,-,-
2026-08-21,2026-08-21,300426 MY Daryl M8 LEADS Andromeda,300426 MY Daryl M8 Leads,120826 MY Daryl M8 Video BRK 001 + M8 014,0.55,,0.0,9.0,6.0,61.111111,-,-,-
2026-08-21,2026-08-21,130726 MY Daryl M8 DT LEADS,150826 MY Daryl M8 DT LEADS (Social Concept),150826 MY Daryl M8 Video Hook 007 (Social),0.0,,0.0,0.0,0.0,,-,-,-
2026-08-21,2026-08-21,170826 MY Daryl M8 LEADS Test,170826 MY Daryl M8 LEADS Test 016,170826 MY Daryl M8 Video 016,0.0,,0.0,0.0,0.0,,-,-,-
2026-08-21,2026-08-21,170826 MY Daryl M8 LEADS Test,170826 MY Daryl M8 LEADS Test 017,170826 MY Daryl M8 Video 017,27.96,3.0,40.0,969.0,915.0,28.854489,Below average - Bottom 35% of ads,Above average,Above average
2026-08-21,2026-08-21,300426 MY Daryl M8 LEADS Andromeda,300426 MY Daryl M8 Leads,190826 MY Daryl M8 Video 017,246.92,25.0,441.0,8766.0,7779.0,28.167922,Average,Above average,Above average
2026-08-21,2026-08-21,300426 MY Daryl M8 LEADS Andromeda,300426 MY Daryl M8 Leads,290726 MY Daryl M8 Video 011,2.8,,7.0,70.0,65.0,40.0,-,-,-
2026-08-21,2026-08-21,300426 MY Daryl M8 LEADS Andromeda,300426 MY Daryl M8 Leads,300426 MY Daryl M8 Video Hook 007,0.02,,0.0,1.0,1.0,20.0,-,-,-
2026-08-22,2026-08-22,170826 MY Daryl M8 LEADS Test,170826 MY Daryl M8 LEADS Test 017,170826 MY Daryl M8 Video 017,43.11,3.0,65.0,1404.0,1290.0,30.705128,Below average - Bottom 35% of ads,Above average,Above average
2026-08-22,2026-08-22,300426 MY Daryl M8 LEADS Andromeda,300426 MY Daryl M8 Leads,190826 MY Daryl M8 Video 017,236.23,30.0,425.0,7946.0,6964.0,29.729424,Below average - Bottom 35% of ads,Above average,Above average
2026-08-22,2026-08-22,300426 MY Daryl M8 LEADS Andromeda,300426 MY Daryl M8 Leads,290726 MY Daryl M8 Video 011,6.2,,10.0,156.0,140.0,39.74359,-,-,-
2026-08-22,2026-08-22,300426 MY Daryl M8 LEADS Andromeda,300426 MY Daryl M8 Leads,300426 MY Daryl M8 Retargeting 003,0.21,,0.0,8.0,6.0,26.25,-,-,-
2026-08-22,2026-08-22,300426 MY Daryl M8 LEADS Andromeda,300426 MY Daryl M8 Leads,300426 MY Daryl M8 Video Hook 007,0.02,,0.0,1.0,1.0,20.0,-,-,-
2026-08-23,2026-08-23,300426 MY Daryl M8 LEADS Andromeda,300426 MY Daryl M8 Leads,120826 MY Daryl M8 Video BRK 001 + M8 014,0.51,,2.0,7.0,5.0,72.857143,-,-,-
2026-08-23,2026-08-23,170826 MY Daryl M8 LEADS Test,170826 MY Daryl M8 LEADS Test 017,170826 MY Daryl M8 Video 017,39.74,1.0,53.0,1014.0,943.0,39.191322,Below average - Bottom 35% of ads,Above average,Above average
2026-08-23,2026-08-23,300426 MY Daryl M8 LEADS Andromeda,300426 MY Daryl M8 Leads,190826 MY Daryl M8 Video 017,293.07,25.0,427.0,8977.0,7933.0,32.646764,Below average - Bottom 35% of ads,Above average,Above average
2026-08-23,2026-08-23,300426 MY Daryl M8 LEADS Andromeda,300426 MY Daryl M8 Leads,290726 MY Daryl M8 Video 011,7.43,,10.0,172.0,160.0,43.197674,-,-,-
2026-08-23,2026-08-23,300426 MY Daryl M8 LEADS Andromeda,300426 MY Daryl M8 Leads,300426 MY Daryl M8 Video Hook 007,0.39,,0.0,5.0,5.0,78.0,-,-,-
2026-08-24,2026-08-24,170826 MY Daryl M8 LEADS Test,170826 MY Daryl M8 LEADS Test 017,170826 MY Daryl M8 Video 017,47.18,2.0,64.0,1274.0,1209.0,37.032967,-,-,-
2026-08-24,2026-08-24,300426 MY Daryl M8 LEADS Andromeda,300426 MY Daryl M8 Leads,190826 MY Daryl M8 Video 017,273.86,26.0,509.0,9135.0,8524.0,29.979201,-,-,-
2026-08-24,2026-08-24,170826 MY Daryl M8 LEADS Test,240826 MY Daryl M8 LEADS Test 019,240826 MY Daryl M8 Video 019,36.32,3.0,49.0,1280.0,1121.0,28.375,-,-,-
2026-08-24,2026-08-24,170826 MY Daryl M8 LEADS Test,240826 MY Daryl M8 LEADS Test 021,240826 MY Daryl M8 Video 021,39.33,1.0,40.0,945.0,798.0,41.619048,-,-,-
2026-08-24,2026-08-24,300426 MY Daryl M8 LEADS Andromeda,300426 MY Daryl M8 Leads,290726 MY Daryl M8 Video 011,2.57,,2.0,98.0,92.0,26.22449,-,-,-
2026-08-25,2026-08-25,170826 MY Daryl M8 LEADS Test,170826 MY Daryl M8 LEADS Test 017,170826 MY Daryl M8 Video 017,41.5,6.0,64.0,1035.0,1028.0,40.096618,-,-,-
2026-08-25,2026-08-25,300426 MY Daryl M8 LEADS Andromeda,300426 MY Daryl M8 Leads,190826 MY Daryl M8 Video 017,233.77,19.0,414.0,7923.0,7300.0,29.505238,-,-,-
2026-08-25,2026-08-25,170826 MY Daryl M8 LEADS Test,240826 MY Daryl M8 LEADS Test 019,240826 MY Daryl M8 Video 019,33.84,1.0,45.0,1331.0,1242.0,25.424493,-,-,-
2026-08-25,2026-08-25,170826 MY Daryl M8 LEADS Test,240826 MY Daryl M8 LEADS Test 021,240826 MY Daryl M8 Video 021,27.37,,28.0,628.0,555.0,43.582803,-,-,-
2026-08-25,2026-08-25,300426 MY Daryl M8 LEADS Andromeda,300426 MY Daryl M8 Leads,290726 MY Daryl M8 Video 011,4.55,1.0,5.0,116.0,104.0,39.224138,-,-,-
2026-08-25,2026-08-25,300426 MY Daryl M8 LEADS Andromeda,300426 MY Daryl M8 Leads,300426 MY Daryl M8 Retargeting 003,0.02,,0.0,2.0,2.0,10.0,-,-,-
2026-08-25,2026-08-25,300426 MY Daryl M8 LEADS Andromeda,300426 MY Daryl M8 Leads,300426 MY Daryl M8 Video Hook 007,0.65,1.0,2.0,15.0,15.0,43.333333,-,-,-
2026-08-26,2026-08-26,300426 MY Daryl M8 LEADS Andromeda,300426 MY Daryl M8 Leads,120826 MY Daryl M8 Video BRK 001 + M8 014,1.02,,1.0,17.0,16.0,60.0,-,-,-
2026-08-26,2026-08-26,170826 MY Daryl M8 LEADS Test,170826 MY Daryl M8 LEADS Test 017,170826 MY Daryl M8 Video 017,29.34,3.0,43.0,792.0,764.0,37.045455,-,-,-
2026-08-26,2026-08-26,300426 MY Daryl M8 LEADS Andromeda,300426 MY Daryl M8 Leads,190826 MY Daryl M8 Video 017,179.02,10.0,268.0,6055.0,5575.0,29.565648,-,-,-
2026-08-26,2026-08-26,170826 MY Daryl M8 LEADS Test,240826 MY Daryl M8 LEADS Test 019,240826 MY Daryl M8 Video 019,23.63,2.0,33.0,1010.0,934.0,23.39604,-,-,-
2026-08-26,2026-08-26,170826 MY Daryl M8 LEADS Test,240826 MY Daryl M8 LEADS Test 021,240826 MY Daryl M8 Video 021,33.87,2.0,39.0,756.0,707.0,44.801587,-,-,-
2026-08-26,2026-08-26,300426 MY Daryl M8 LEADS Andromeda,300426 MY Daryl M8 Leads,290726 MY Daryl M8 Video 011,12.41,2.0,26.0,429.0,401.0,28.927739,-,-,-
2026-08-26,2026-08-26,300426 MY Daryl M8 LEADS Andromeda,300426 MY Daryl M8 Leads,300426 MY Daryl M8 Video Hook 007,0.94,,3.0,24.0,21.0,39.166667,-,-,-
2026-08-27,2026-08-27,170826 MY Daryl M8 LEADS Test,170826 MY Daryl M8 LEADS Test 017,170826 MY Daryl M8 Video 017,38.29,1.0,48,957,886,40.010449,Below average - Bottom 35% of ads,Above average,Above average
2026-08-27,2026-08-27,300426 MY Daryl M8 LEADS Andromeda,300426 MY Daryl M8 Leads,190826 MY Daryl M8 Video 017,237.49,18.0,333,7497,6372,31.678005,Below average - Bottom 35% of ads,Above average,Above average
2026-08-27,2026-08-27,170826 MY Daryl M8 LEADS Test,240826 MY Daryl M8 LEADS Test 019,240826 MY Daryl M8 Video 019,30.5,3.0,33,950,857,32.105263,Below average - Bottom 35% of ads,Above average,Above average
2026-08-27,2026-08-27,170826 MY Daryl M8 LEADS Test,240826 MY Daryl M8 LEADS Test 021,240826 MY Daryl M8 Video 021,25.17,1.0,29,694,609,36.268012,Below average - Bottom 35% of ads,Average,Above average
2026-08-27,2026-08-27,300426 MY Daryl M8 LEADS Andromeda,300426 MY Daryl M8 Leads,280826 MY Daryl M8 Video 019,0.12,,1,3,3,40,-,-,-
2026-08-27,2026-08-27,300426 MY Daryl M8 LEADS Andromeda,300426 MY Daryl M8 Leads,290726 MY Daryl M8 Video 011,23.22,,25,645,585,36,Below average - Bottom 35% of ads,Above average,Above average
2026-08-27,2026-08-27,300426 MY Daryl M8 LEADS Andromeda,300426 MY Daryl M8 Leads,300426 MY Daryl M8 Retargeting 003,0.12,,0,4,3,30,-,-,-
2026-08-27,2026-08-27,300426 MY Daryl M8 LEADS Andromeda,300426 MY Daryl M8 Leads,300426 MY Daryl M8 Video Hook 007,0.13,,0,5,5,26,-,-,-
2026-08-28,2026-08-28,300426 MY Daryl M8 LEADS Andromeda,300426 MY Daryl M8 Leads,120826 MY Daryl M8 Video BRK 001 + M8 014,0.11,,0,5,5,22,-,-,-
2026-08-28,2026-08-28,170826 MY Daryl M8 LEADS Test,170826 MY Daryl M8 LEADS Test 017,170826 MY Daryl M8 Video 017,35.42,1.0,46,1001,943,35.384615,Below average - Bottom 35% of ads,Above average,Above average
2026-08-28,2026-08-28,300426 MY Daryl M8 LEADS Andromeda,300426 MY Daryl M8 Leads,190826 MY Daryl M8 Video 017,201.11,12.0,276,6134,5513,32.78611,Below average - Bottom 35% of ads,Above average,Above average
2026-08-28,2026-08-28,170826 MY Daryl M8 LEADS Test,240826 MY Daryl M8 LEADS Test 019,240826 MY Daryl M8 Video 019,27.18,1.0,35,1049,998,25.910391,Average,Above average,Above average
2026-08-28,2026-08-28,170826 MY Daryl M8 LEADS Test,240826 MY Daryl M8 LEADS Test 021,240826 MY Daryl M8 Video 021,0,,0,0,0,,-,-,-
2026-08-28,2026-08-28,300426 MY Daryl M8 LEADS Andromeda,300426 MY Daryl M8 Leads,280826 MY Daryl M8 Video 019,4.97,,4,168,160,29.583333,-,-,-
2026-08-28,2026-08-28,300426 MY Daryl M8 LEADS Andromeda,300426 MY Daryl M8 Leads,290726 MY Daryl M8 Video 011,40.63,4.0,77,1411,1258,28.795181,Below average - Bottom 35% of ads,Above average,Above average
2026-08-28,2026-08-28,300426 MY Daryl M8 LEADS Andromeda,300426 MY Daryl M8 Leads,300426 MY Daryl M8 Video Hook 007,1.39,,2,54,50,25.740741,-,-,-
2026-08-29,2026-08-29,170826 MY Daryl M8 LEADS Test,170826 MY Daryl M8 LEADS Test 017,170826 MY Daryl M8 Video 017,34.26,2.0,43,1058,1029,32.381853,Average,Above average,Above average
2026-08-29,2026-08-29,300426 MY Daryl M8 LEADS Andromeda,300426 MY Daryl M8 Leads,190826 MY Daryl M8 Video 017,194.3,10.0,305,6323,5765,30.729084,Average,Above average,Above average
2026-08-29,2026-08-29,170826 MY Daryl M8 LEADS Test,240826 MY Daryl M8 LEADS Test 019,240826 MY Daryl M8 Video 019,28.35,2.0,38,979,912,28.958121,Average,Above average,Above average
2026-08-29,2026-08-29,300426 MY Daryl M8 LEADS Andromeda,300426 MY Daryl M8 Leads,280826 MY Daryl M8 Video 019,1.03,,0,27,25,38.148148,-,-,-
2026-08-29,2026-08-29,300426 MY Daryl M8 LEADS Andromeda,300426 MY Daryl M8 Leads,290726 MY Daryl M8 Video 011,35.14,1.0,52,1092,1016,32.179487,Below average - Bottom 35% of ads,Above average,Above average
2026-08-29,2026-08-29,170826 MY Daryl M8 LEADS Test,290826 MY Daryl M8 LEADS Test 022,290826 MY Daryl M8 Test Video 022,29.53,1.0,39,888,782,33.254505,Below average - Bottom 35% of ads,Above average,Above average
2026-08-30,2026-08-30,300426 MY Daryl M8 LEADS Andromeda,300426 MY Daryl M8 Leads,120826 MY Daryl M8 Video BRK 001 + M8 014,0.01,,0,1,1,10,-,-,-
2026-08-30,2026-08-30,170826 MY Daryl M8 LEADS Test,170826 MY Daryl M8 LEADS Test 017,170826 MY Daryl M8 Video 017,41,3.0,52,1102,1053,37.205082,Below average - Bottom 35% of ads,Above average,Above average
2026-08-30,2026-08-30,300426 MY Daryl M8 LEADS Andromeda,300426 MY Daryl M8 Leads,190826 MY Daryl M8 Video 017,214.53,15.0,314,7010,6330,30.603424,Average,Above average,Above average
2026-08-30,2026-08-30,170826 MY Daryl M8 LEADS Test,240826 MY Daryl M8 LEADS Test 019,240826 MY Daryl M8 Video 019,32.24,4.0,32,1065,979,30.2723,Average,Above average,Above average
2026-08-30,2026-08-30,300426 MY Daryl M8 LEADS Andromeda,300426 MY Daryl M8 Leads,280826 MY Daryl M8 Video 019,0.12,,0,4,3,30,-,-,-
2026-08-30,2026-08-30,300426 MY Daryl M8 LEADS Andromeda,300426 MY Daryl M8 Leads,290726 MY Daryl M8 Video 011,36.26,1.0,48,946,867,38.32981,Below average - Bottom 35% of ads,Above average,Above average
2026-08-30,2026-08-30,170826 MY Daryl M8 LEADS Test,290826 MY Daryl M8 LEADS Test 022,290826 MY Daryl M8 Test Video 022,32.25,3.0,36,1043,904,30.920422,Below average - Bottom 35% of ads,Above average,Above average
2026-08-30,2026-08-30,300426 MY Daryl M8 LEADS Andromeda,300426 MY Daryl M8 Leads,300426 MY Daryl M8 Retargeting 003,0.18,,1,4,4,45,-,-,-
2026-08-30,2026-08-30,300426 MY Daryl M8 LEADS Andromeda,300426 MY Daryl M8 Leads,300426 MY Daryl M8 Video Hook 007,1.4,,2,29,25,48.275862,-,-,-
2026-08-30,2026-08-30,300426 MY Daryl M8 LEADS Andromeda,300426 MY Daryl M8 Leads,310826 MY Daryl M8 Test Video 022,0.42,,0,18,17,23.333333,-,-,-
2026-08-31,2026-08-31,300426 MY Daryl M8 LEADS Andromeda,300426 MY Daryl M8 Leads,120826 MY Daryl M8 Video BRK 001 + M8 014,0.19,,0,8,6,23.75,-,-,-
2026-08-31,2026-08-31,170826 MY Daryl M8 LEADS Test,170826 MY Daryl M8 LEADS Test 017,170826 MY Daryl M8 Video 017,43.4,4.0,59,1324,1262,32.779456,Below average - Bottom 35% of ads,Above average,Above average
2026-08-31,2026-08-31,300426 MY Daryl M8 LEADS Andromeda,300426 MY Daryl M8 Leads,190826 MY Daryl M8 Video 017,217.49,11.0,354,7464,6413,29.138532,Average,Above average,Above average
2026-08-31,2026-08-31,170826 MY Daryl M8 LEADS Test,240826 MY Daryl M8 LEADS Test 019,240826 MY Daryl M8 Video 019,33.43,2.0,46,1206,1108,27.719735,Below average - Bottom 35% of ads,Above average,Above average
2026-08-31,2026-08-31,170826 MY Daryl M8 LEADS Test,240826 MY Daryl M8 LEADS Test 021,240826 MY Daryl M8 Video 021,0,,0,0,0,,-,-,-
2026-08-31,2026-08-31,300426 MY Daryl M8 LEADS Andromeda,300426 MY Daryl M8 Leads,290726 MY Daryl M8 Video 011,24.03,1.0,33,668,623,35.973054,Below average - Bottom 35% of ads,Above average,Above average
2026-08-31,2026-08-31,170826 MY Daryl M8 LEADS Test,290826 MY Daryl M8 LEADS Test 022,290826 MY Daryl M8 Test Video 022,28.14,2.0,35,966,901,29.130435,Below average - Bottom 35% of ads,Above average,Above average
2026-08-31,2026-08-31,300426 MY Daryl M8 LEADS Andromeda,300426 MY Daryl M8 Leads,300426 MY Daryl M8 Video Hook 007,2.5,,2,66,64,37.878788,-,-,-
2026-08-31,2026-08-31,300426 MY Daryl M8 LEADS Andromeda,300426 MY Daryl M8 Leads,310826 MY Daryl M8 Test Video 022,28.65,1.0,30,949,878,30.189673,Below average - Bottom 35% of ads,Above average,Above average
2026-09-01,2026-09-01,170826 MY Daryl M8 LEADS Test,010926 MY Daryl M8 LEADS Test 023,010926 MY Daryl M8 Test Video 023,36.63,1.0,43,1073,909,34.137931,Below average - Bottom 35% of ads,Average,Above average
2026-09-01,2026-09-01,170826 MY Daryl M8 LEADS Test,170826 MY Daryl M8 LEADS Test 017,170826 MY Daryl M8 Video 017,43.88,6.0,91,1554,1472,28.236808,Below average - Bottom 35% of ads,Above average,Above average
2026-09-01,2026-09-01,300426 MY Daryl M8 LEADS Andromeda,300426 MY Daryl M8 Leads,190826 MY Daryl M8 Video 017,231,11.0,389,9450,8146,24.444444,Average,Above average,Above average
2026-09-01,2026-09-01,170826 MY Daryl M8 LEADS Test,240826 MY Daryl M8 LEADS Test 019,240826 MY Daryl M8 Video 019,35.26,4.0,43,1533,1440,23.000652,Average,Above average,Above average
2026-09-01,2026-09-01,170826 MY Daryl M8 LEADS Test,240826 MY Daryl M8 LEADS Test 021,240826 MY Daryl M8 Video 021,0,,0,0,0,,-,-,-
2026-09-01,2026-09-01,300426 MY Daryl M8 LEADS Andromeda,300426 MY Daryl M8 Leads,280826 MY Daryl M8 Video 019,0.29,,0,7,7,41.428571,-,-,-
2026-09-01,2026-09-01,300426 MY Daryl M8 LEADS Andromeda,300426 MY Daryl M8 Leads,290726 MY Daryl M8 Video 011,27.24,1.0,52,893,869,30.503919,Average,Above average,Above average
2026-09-01,2026-09-01,170826 MY Daryl M8 LEADS Test,290826 MY Daryl M8 LEADS Test 022,290826 MY Daryl M8 Test Video 022,34.38,2.0,61,1283,1194,26.796571,Below average - Bottom 35% of ads,Above average,Above average
2026-09-01,2026-09-01,300426 MY Daryl M8 LEADS Andromeda,300426 MY Daryl M8 Leads,300426 MY Daryl M8 Retargeting 003,0.37,,0,9,9,41.111111,-,-,-
2026-09-01,2026-09-01,300426 MY Daryl M8 LEADS Andromeda,300426 MY Daryl M8 Leads,300426 MY Daryl M8 Video Hook 007,5.5,1.0,4,154,140,35.714286,-,-,-
2026-09-01,2026-09-01,300426 MY Daryl M8 LEADS Andromeda,300426 MY Daryl M8 Leads,310826 MY Daryl M8 Test Video 022,71.31,4.0,74,2484,2291,28.707729,Below average - Bottom 35% of ads,Above average,Above average
2026-09-02,2026-09-02,170826 MY Daryl M8 LEADS Test,010926 MY Daryl M8 LEADS Test 023,010926 MY Daryl M8 Test Video 023,32.28,1.0,42,897,800,35.986622,Below average - Bottom 35% of ads,Above average,Above average
2026-09-02,2026-09-02,300426 MY Daryl M8 LEADS Andromeda,300426 MY Daryl M8 Leads,120826 MY Daryl M8 Video BRK 001 + M8 014,0.18,,0,3,3,60,-,-,-
2026-09-02,2026-09-02,170826 MY Daryl M8 LEADS Test,170826 MY Daryl M8 LEADS Test 017,170826 MY Daryl M8 Video 017,36.68,3.0,65,1660,1550,22.096386,Below average - Bottom 35% of ads,Above average,Above average
2026-09-02,2026-09-02,300426 MY Daryl M8 LEADS Andromeda,300426 MY Daryl M8 Leads,190826 MY Daryl M8 Video 017,315.69,20.0,493,12232,11326,25.808535,Average,Above average,Above average
2026-09-02,2026-09-02,170826 MY Daryl M8 LEADS Test,240826 MY Daryl M8 LEADS Test 019,240826 MY Daryl M8 Video 019,32.67,2.0,38,1425,1330,22.926316,Average,Above average,Above average
2026-09-02,2026-09-02,300426 MY Daryl M8 LEADS Andromeda,300426 MY Daryl M8 Leads,280826 MY Daryl M8 Video 019,0.19,,0,8,8,23.75,-,-,-
2026-09-02,2026-09-02,300426 MY Daryl M8 LEADS Andromeda,300426 MY Daryl M8 Leads,290726 MY Daryl M8 Video 011,13.83,1.0,25,445,423,31.078652,-,-,-
2026-09-02,2026-09-02,170826 MY Daryl M8 LEADS Test,290826 MY Daryl M8 LEADS Test 022,290826 MY Daryl M8 Test Video 022,34.64,,53,1297,1236,26.707787,Average,Above average,Above average
2026-09-02,2026-09-02,300426 MY Daryl M8 LEADS Andromeda,300426 MY Daryl M8 Leads,300426 MY Daryl M8 Video Hook 007,9.64,,12,379,340,25.435356,-,-,-
2026-09-02,2026-09-02,300426 MY Daryl M8 LEADS Andromeda,300426 MY Daryl M8 Leads,310826 MY Daryl M8 Test Video 022,10.85,,16,394,383,27.538071,-,-,-
2026-09-03,2026-09-03,170826 MY Daryl M8 LEADS Test,010926 MY Daryl M8 LEADS Test 023,010926 MY Daryl M8 Test Video 023,28.34,1.0,40,944,890,30.021186,Below average - Bottom 35% of ads,Above average,Above average
2026-09-03,2026-09-03,170826 MY Daryl M8 LEADS Test,170826 MY Daryl M8 LEADS Test 017,170826 MY Daryl M8 Video 017,32.29,3.0,56,1470,1398,21.965986,Below average - Bottom 35% of ads,Above average,Above average
2026-09-03,2026-09-03,300426 MY Daryl M8 LEADS Andromeda,300426 MY Daryl M8 Leads,190826 MY Daryl M8 Video 017,262.82,23.0,405,10214,9483,25.731349,Below average - Bottom 35% of ads,Above average,Above average
2026-09-03,2026-09-03,170826 MY Daryl M8 LEADS Test,240826 MY Daryl M8 LEADS Test 019,240826 MY Daryl M8 Video 019,24.05,2.0,34,1136,1096,21.170775,Average,Above average,Above average
2026-09-03,2026-09-03,300426 MY Daryl M8 LEADS Andromeda,300426 MY Daryl M8 Leads,280826 MY Daryl M8 Video 019,0.63,,0,13,13,48.461538,-,-,-
2026-09-03,2026-09-03,300426 MY Daryl M8 LEADS Andromeda,300426 MY Daryl M8 Leads,290726 MY Daryl M8 Video 011,5.4,1.0,13,156,154,34.615385,-,-,-
2026-09-03,2026-09-03,170826 MY Daryl M8 LEADS Test,290826 MY Daryl M8 LEADS Test 022,290826 MY Daryl M8 Test Video 022,27.55,1.0,35,995,943,27.688442,Average,Above average,Above average
2026-09-03,2026-09-03,300426 MY Daryl M8 LEADS Andromeda,300426 MY Daryl M8 Leads,300426 MY Daryl M8 Retargeting 003,0,,0,1,1,0,-,-,-
2026-09-03,2026-09-03,300426 MY Daryl M8 LEADS Andromeda,300426 MY Daryl M8 Leads,300426 MY Daryl M8 Video Hook 007,3.98,1.0,11,142,133,28.028169,-,-,-
2026-09-03,2026-09-03,300426 MY Daryl M8 LEADS Andromeda,300426 MY Daryl M8 Leads,310826 MY Daryl M8 Test Video 022,1.76,,1,73,73,24.109589,-,-,-
2026-09-04,2026-09-04,170826 MY Daryl M8 LEADS Test,010926 MY Daryl M8 LEADS Test 023,010926 MY Daryl M8 Test Video 023,14.17,,11,380,369,37.289474,-,-,-
2026-09-04,2026-09-04,170826 MY Daryl M8 LEADS Test,170826 MY Daryl M8 LEADS Test 017,170826 MY Daryl M8 Video 017,38.01,4.0,82,1429,1358,26.59902,Below average - Bottom 35% of ads,Above average,Above average
2026-09-04,2026-09-04,300426 MY Daryl M8 LEADS Andromeda,300426 MY Daryl M8 Leads,190826 MY Daryl M8 Video 017,254.57,17.0,403,9068,8675,28.073445,Average,Above average,Above average
2026-09-04,2026-09-04,170826 MY Daryl M8 LEADS Test,240826 MY Daryl M8 LEADS Test 019,240826 MY Daryl M8 Video 019,27.84,1.0,27,1167,1105,23.856041,Average,Above average,Above average
2026-09-04,2026-09-04,300426 MY Daryl M8 LEADS Andromeda,300426 MY Daryl M8 Leads,280826 MY Daryl M8 Video 019,0.47,,1,19,18,24.736842,-,-,-
2026-09-04,2026-09-04,300426 MY Daryl M8 LEADS Andromeda,300426 MY Daryl M8 Leads,290726 MY Daryl M8 Video 011,3.48,,4,94,89,37.021277,-,-,-
2026-09-04,2026-09-04,170826 MY Daryl M8 LEADS Test,290826 MY Daryl M8 LEADS Test 022,290826 MY Daryl M8 Test Video 022,10.42,,10,314,300,33.184713,-,-,-
2026-09-04,2026-09-04,300426 MY Daryl M8 LEADS Andromeda,300426 MY Daryl M8 Leads,300426 MY Daryl M8 Retargeting 003,0.26,,0,11,11,23.636364,-,-,-
2026-09-04,2026-09-04,300426 MY Daryl M8 LEADS Andromeda,300426 MY Daryl M8 Leads,300426 MY Daryl M8 Video Hook 007,31.36,1.0,30,885,814,35.435028,-,-,-
2026-09-04,2026-09-04,300426 MY Daryl M8 LEADS Andromeda,300426 MY Daryl M8 Leads,310826 MY Daryl M8 Test Video 022,1.25,,0,52,51,24.038462,-,-,-
2026-09-05,2026-09-05,300426 MY Daryl M8 LEADS Andromeda,300426 MY Daryl M8 Leads,060926 MY Daryl M8 Video 023,1.59,,1,78,76,20.384615,-,-,-
2026-09-05,2026-09-05,300426 MY Daryl M8 LEADS Andromeda,300426 MY Daryl M8 Leads,120826 MY Daryl M8 Video BRK 001 + M8 014,0.36,,2,14,14,25.714286,-,-,-
2026-09-05,2026-09-05,170826 MY Daryl M8 LEADS Test,170826 MY Daryl M8 LEADS Test 017,170826 MY Daryl M8 Video 017,30.72,3.0,43,1328,1251,23.13253,Below average - Bottom 35% of ads,Above average,Above average
2026-09-05,2026-09-05,300426 MY Daryl M8 LEADS Andromeda,300426 MY Daryl M8 Leads,190826 MY Daryl M8 Video 017,259.66,25.0,409,9121,8119,28.46837,Average,Above average,Above average
2026-09-05,2026-09-05,170826 MY Daryl M8 LEADS Test,240826 MY Daryl M8 LEADS Test 019,240826 MY Daryl M8 Video 019,24.41,1.0,23,1091,1033,22.373969,Average,Above average,Above average
2026-09-05,2026-09-05,300426 MY Daryl M8 LEADS Andromeda,300426 MY Daryl M8 Leads,290726 MY Daryl M8 Video 011,1.12,,3,11,11,101.818182,-,-,-
2026-09-05,2026-09-05,300426 MY Daryl M8 LEADS Andromeda,300426 MY Daryl M8 Leads,300426 MY Daryl M8 Video Hook 007,12.05,,11,368,342,32.744565,-,-,-
2026-09-05,2026-09-05,300426 MY Daryl M8 LEADS Andromeda,300426 MY Daryl M8 Leads,310826 MY Daryl M8 Test Video 022,0.53,,3,18,18,29.444444,-,-,-
2026-09-06,2026-09-06,300426 MY Daryl M8 LEADS Andromeda,300426 MY Daryl M8 Leads,060926 MY Daryl M8 Video 023,19.35,1.0,20,512,450,37.792969,Below average - Bottom 35% of ads,Average,Above average
2026-09-06,2026-09-06,170826 MY Daryl M8 LEADS Test,170826 MY Daryl M8 LEADS Test 017,170826 MY Daryl M8 Video 017,42.89,2.0,88,1980,1833,21.661616,Average,Above average,Above average
2026-09-06,2026-09-06,300426 MY Daryl M8 LEADS Andromeda,300426 MY Daryl M8 Leads,190826 MY Daryl M8 Video 017,289.13,16.0,415,9541,9026,30.303951,Average,Above average,Above average
2026-09-06,2026-09-06,170826 MY Daryl M8 LEADS Test,240826 MY Daryl M8 LEADS Test 019,240826 MY Daryl M8 Video 019,32,1.0,42,1439,1382,22.237665,Average,Above average,Above average
2026-09-06,2026-09-06,300426 MY Daryl M8 LEADS Andromeda,300426 MY Daryl M8 Leads,280826 MY Daryl M8 Video 019,15.71,,8,408,396,38.504902,-,-,-
2026-09-06,2026-09-06,300426 MY Daryl M8 LEADS Andromeda,300426 MY Daryl M8 Leads,290726 MY Daryl M8 Video 011,27.22,2.0,48,838,766,32.4821,Average,Above average,Above average
2026-09-06,2026-09-06,300426 MY Daryl M8 LEADS Andromeda,300426 MY Daryl M8 Leads,300426 MY Daryl M8 Retargeting 003,1.3,,0,22,21,59.090909,-,-,-
2026-09-06,2026-09-06,300426 MY Daryl M8 LEADS Andromeda,300426 MY Daryl M8 Leads,300426 MY Daryl M8 Video Hook 007,110.95,7.0,122,4179,3937,26.549414,-,-,-
2026-09-06,2026-09-06,300426 MY Daryl M8 LEADS Andromeda,300426 MY Daryl M8 Leads,310826 MY Daryl M8 Test Video 022,5.66,,8,145,137,39.034483,-,-,-
2026-09-07,2026-09-07,300426 MY Daryl M8 LEADS Andromeda,300426 MY Daryl M8 Leads,060926 MY Daryl M8 Video 023,7.41,,10,171,153,43.333333,-,-,-
2026-09-07,2026-09-07,300426 MY Daryl M8 LEADS Andromeda,300426 MY Daryl M8 Leads,120826 MY Daryl M8 Video BRK 001 + M8 014,0.18,,2,8,7,22.5,-,-,-
2026-09-07,2026-09-07,170826 MY Daryl M8 LEADS Test,170826 MY Daryl M8 LEADS Test 017,170826 MY Daryl M8 Video 017,32.51,2.0,62,1325,1267,24.535849,Below average - Bottom 35% of ads,Above average,Above average
2026-09-07,2026-09-07,300426 MY Daryl M8 LEADS Andromeda,300426 MY Daryl M8 Leads,190826 MY Daryl M8 Video 017,144.97,4.0,210,5062,4678,28.638878,Below average - Bottom 35% of ads,Above average,Above average
2026-09-07,2026-09-07,170826 MY Daryl M8 LEADS Test,240826 MY Daryl M8 LEADS Test 019,240826 MY Daryl M8 Video 019,27.3,1.0,37,1040,958,26.25,Average,Above average,Above average
2026-09-07,2026-09-07,300426 MY Daryl M8 LEADS Andromeda,300426 MY Daryl M8 Leads,280826 MY Daryl M8 Video 019,0.84,,2,47,46,17.87234,-,-,-
2026-09-07,2026-09-07,300426 MY Daryl M8 LEADS Andromeda,300426 MY Daryl M8 Leads,290726 MY Daryl M8 Video 011,27.05,2.0,60,945,872,28.624339,Average,Above average,Above average
2026-09-07,2026-09-07,300426 MY Daryl M8 LEADS Andromeda,300426 MY Daryl M8 Leads,300426 MY Daryl M8 Retargeting 003,0.07,,0,5,5,14,-,-,-
2026-09-07,2026-09-07,300426 MY Daryl M8 LEADS Andromeda,300426 MY Daryl M8 Leads,300426 MY Daryl M8 Video Hook 007,178.48,9.0,213,7610,7311,23.453351,-,-,-
2026-09-07,2026-09-07,300426 MY Daryl M8 LEADS Andromeda,300426 MY Daryl M8 Leads,310826 MY Daryl M8 Test Video 022,12.18,,9,488,450,24.959016,-,-,-
2026-09-08,2026-09-08,300426 MY Daryl M8 LEADS Andromeda,300426 MY Daryl M8 Leads,060926 MY Daryl M8 Video 023,3.49,1.0,8,88,84,39.659091,-,-,-
2026-09-08,2026-09-08,170826 MY Daryl M8 LEADS Test,170826 MY Daryl M8 LEADS Test 017,170826 MY Daryl M8 Video 017,43.1,3.0,64,1549,1478,27.824403,Average,Above average,Above average
2026-09-08,2026-09-08,300426 MY Daryl M8 LEADS Andromeda,300426 MY Daryl M8 Leads,190826 MY Daryl M8 Video 017,82.33,7.0,149,3129,2903,26.311921,Below average - Bottom 35% of ads,Above average,Above average
2026-09-08,2026-09-08,170826 MY Daryl M8 LEADS Test,240826 MY Daryl M8 LEADS Test 019,240826 MY Daryl M8 Video 019,33.77,2.0,41,1615,1468,20.910217,Average,Above average,Above average
2026-09-08,2026-09-08,300426 MY Daryl M8 LEADS Andromeda,300426 MY Daryl M8 Leads,280826 MY Daryl M8 Video 019,0.86,,0,19,19,45.263158,-,-,-
2026-09-08,2026-09-08,300426 MY Daryl M8 LEADS Andromeda,300426 MY Daryl M8 Leads,290726 MY Daryl M8 Video 011,41.27,4.0,73,1607,1450,25.681394,Average,Above average,Above average
2026-09-08,2026-09-08,300426 MY Daryl M8 LEADS Andromeda,300426 MY Daryl M8 Leads,300426 MY Daryl M8 Retargeting 003,0.07,,0,2,2,35,-,-,-
2026-09-08,2026-09-08,300426 MY Daryl M8 LEADS Andromeda,300426 MY Daryl M8 Leads,300426 MY Daryl M8 Video Hook 007,193.54,12.0,244,7789,6936,24.847862,-,-,-
2026-09-08,2026-09-08,300426 MY Daryl M8 LEADS Andromeda,300426 MY Daryl M8 Leads,310826 MY Daryl M8 Test Video 022,8.92,,11,274,273,32.554745,-,-,-
2026-09-09,2026-09-09,300426 MY Daryl M8 LEADS Andromeda,300426 MY Daryl M8 Leads,060926 MY Daryl M8 Video 023,1.08,,0,29,28,37.241379,-,-,-
2026-09-09,2026-09-09,300426 MY Daryl M8 LEADS Andromeda,300426 MY Daryl M8 Leads,120826 MY Daryl M8 Video BRK 001 + M8 014,0.08,,0,3,3,26.666667,-,-,-
2026-09-09,2026-09-09,170826 MY Daryl M8 LEADS Test,170826 MY Daryl M8 LEADS Test 017,170826 MY Daryl M8 Video 017,35.4,3.0,42,1158,1126,30.569948,Below average - Bottom 35% of ads,Above average,Above average
2026-09-09,2026-09-09,300426 MY Daryl M8 LEADS Andromeda,300426 MY Daryl M8 Leads,190826 MY Daryl M8 Video 017,122.02,6.0,176,4250,4028,28.710588,Below average - Bottom 35% of ads,Above average,Above average
2026-09-09,2026-09-09,170826 MY Daryl M8 LEADS Test,240826 MY Daryl M8 LEADS Test 019,240826 MY Daryl M8 Video 019,28.51,3.0,31,1184,1124,24.079392,Average,Above average,Above average
2026-09-09,2026-09-09,300426 MY Daryl M8 LEADS Andromeda,300426 MY Daryl M8 Leads,280826 MY Daryl M8 Video 019,0.08,,0,5,5,16,-,-,-
2026-09-09,2026-09-09,300426 MY Daryl M8 LEADS Andromeda,300426 MY Daryl M8 Leads,290726 MY Daryl M8 Video 011,53.69,5.0,65,1660,1507,32.343373,Average,Above average,Above average
2026-09-09,2026-09-09,300426 MY Daryl M8 LEADS Andromeda,300426 MY Daryl M8 Leads,300426 MY Daryl M8 Retargeting 003,0.47,,0,15,14,31.333333,-,-,-
2026-09-09,2026-09-09,300426 MY Daryl M8 LEADS Andromeda,300426 MY Daryl M8 Leads,300426 MY Daryl M8 Video Hook 007,155.02,5.0,170,5834,5302,26.57182,-,-,-
2026-09-09,2026-09-09,300426 MY Daryl M8 LEADS Andromeda,300426 MY Daryl M8 Leads,310826 MY Daryl M8 Test Video 022,6.34,,11,238,232,26.638655,-,-,-
2026-09-10,2026-09-10,300426 MY Daryl M8 LEADS Andromeda,300426 MY Daryl M8 Leads,060926 MY Daryl M8 Video 023,2.27,1.0,3,47,45,48.297872,-,-,-
2026-09-10,2026-09-10,300426 MY Daryl M8 LEADS Andromeda,300426 MY Daryl M8 Leads,120826 MY Daryl M8 Video BRK 001 + M8 014,0.25,,1,12,12,20.833333,-,-,-
2026-09-10,2026-09-10,170826 MY Daryl M8 LEADS Test,170826 MY Daryl M8 LEADS Test 017,170826 MY Daryl M8 Video 017,38.54,9.0,70,1459,1394,26.415353,Average,Above average,Above average
2026-09-10,2026-09-10,300426 MY Daryl M8 LEADS Andromeda,300426 MY Daryl M8 Leads,190826 MY Daryl M8 Video 017,169.52,12.0,244,6039,5350,28.070873,Average,Above average,Above average
2026-09-10,2026-09-10,170826 MY Daryl M8 LEADS Test,240826 MY Daryl M8 LEADS Test 019,240826 MY Daryl M8 Video 019,35.99,3.0,47,1611,1480,22.340161,Average,Above average,Above average
2026-09-10,2026-09-10,300426 MY Daryl M8 LEADS Andromeda,300426 MY Daryl M8 Leads,290726 MY Daryl M8 Video 011,47.21,2.0,58,1648,1510,28.646845,Average,Above average,Above average
2026-09-10,2026-09-10,300426 MY Daryl M8 LEADS Andromeda,300426 MY Daryl M8 Leads,300426 MY Daryl M8 Video Hook 007,148.23,10.0,193,6532,6205,22.692897,-,-,-
2026-09-11,2026-09-11,300426 MY Daryl M8 LEADS Andromeda,300426 MY Daryl M8 Leads,060926 MY Daryl M8 Video 023,0.76,,1,26,26,29.230769,-,-,-
2026-09-11,2026-09-11,170826 MY Daryl M8 LEADS Test,170826 MY Daryl M8 LEADS Test 017,170826 MY Daryl M8 Video 017,40.66,6.0,77,1534,1450,26.505867,Average,Above average,Above average
2026-09-11,2026-09-11,300426 MY Daryl M8 LEADS Andromeda,300426 MY Daryl M8 Leads,190826 MY Daryl M8 Video 017,170.95,12.0,191,4552,4258,37.554921,Average,Above average,Above average
2026-09-11,2026-09-11,170826 MY Daryl M8 LEADS Test,240826 MY Daryl M8 LEADS Test 019,240826 MY Daryl M8 Video 019,31.2,5.0,60,1284,1209,24.299065,Average,Above average,Above average
2026-09-11,2026-09-11,300426 MY Daryl M8 LEADS Andromeda,300426 MY Daryl M8 Leads,280826 MY Daryl M8 Video 019,0.06,,0,3,3,20,-,-,-
2026-09-11,2026-09-11,300426 MY Daryl M8 LEADS Andromeda,300426 MY Daryl M8 Leads,290726 MY Daryl M8 Video 011,56.88,5.0,79,1673,1497,33.998805,Average,Above average,Above average
2026-09-11,2026-09-11,300426 MY Daryl M8 LEADS Andromeda,300426 MY Daryl M8 Leads,300426 MY Daryl M8 Retargeting 003,0.25,,1,13,13,19.230769,-,-,-
2026-09-11,2026-09-11,300426 MY Daryl M8 LEADS Andromeda,300426 MY Daryl M8 Leads,300426 MY Daryl M8 Video Hook 007,142.08,12.0,177,5242,4757,27.104159,-,-,-
2026-09-12,2026-09-12,300426 MY Daryl M8 LEADS Andromeda,300426 MY Daryl M8 Leads,060926 MY Daryl M8 Video 023,0.39,,3,16,16,24.375,-,-,-
2026-09-12,2026-09-12,170826 MY Daryl M8 LEADS Test,120926 MY Daryl M8 LEADS Test Image 017,120926 MY Daryl M8 LEADS Test Image 017,31.54,,44,1025,875,30.770732,-,-,-
2026-09-12,2026-09-12,120926 MY Daryl M8 DT LEADS,120926 MY Daryl M8 DT LEADS,120926 MY Daryl M8 LEADS Test Video 016,1.39,,1,56,52,24.821429,-,-,-
2026-09-12,2026-09-12,120926 MY Daryl M8 DT LEADS,120926 MY Daryl M8 DT LEADS,120926 MY Daryl M8 Video 019,46.92,,51,1890,1820,24.825397,Average,Average,Above average
2026-09-12,2026-09-12,120926 MY Daryl M8 DT LEADS,120926 MY Daryl M8 DT LEADS,120926 MY Daryl M8 Video 021,3.91,,2,130,123,30.076923,-,-,-
2026-09-12,2026-09-12,120926 MY Daryl M8 DT LEADS,120926 MY Daryl M8 DT LEADS,120926 MY Daryl M8 Video 023,12.03,1.0,9,305,277,39.442623,-,-,-
2026-09-12,2026-09-12,120926 MY Daryl M8 DT LEADS,120926 MY Daryl M8 DT LEADS,130926 MY Daryl M8 LEADS DT2 Image 017,0.7,,0,4,4,175,-,-,-
2026-09-12,2026-09-12,170826 MY Daryl M8 LEADS Test,170826 MY Daryl M8 LEADS Test 017,170826 MY Daryl M8 Video 017,32.69,2.0,49,1311,1234,24.935164,Average,Above average,Above average
2026-09-12,2026-09-12,300426 MY Daryl M8 LEADS Andromeda,300426 MY Daryl M8 Leads,190826 MY Daryl M8 Video 017,188.78,20.0,260,5413,5146,34.8753,Average,Above average,Above average
2026-09-12,2026-09-12,170826 MY Daryl M8 LEADS Test,240826 MY Daryl M8 LEADS Test 019,240826 MY Daryl M8 Video 019,20.76,3.0,28,963,910,21.557632,Average,Above average,Above average
2026-09-12,2026-09-12,300426 MY Daryl M8 LEADS Andromeda,300426 MY Daryl M8 Leads,280826 MY Daryl M8 Video 019,0.03,,0,3,3,10,-,-,-
2026-09-12,2026-09-12,300426 MY Daryl M8 LEADS Andromeda,300426 MY Daryl M8 Leads,290726 MY Daryl M8 Video 011,28.65,2.0,39,853,781,33.587339,Average,Above average,Above average
2026-09-12,2026-09-12,300426 MY Daryl M8 LEADS Andromeda,300426 MY Daryl M8 Leads,300426 MY Daryl M8 Video Hook 007,53.86,6.0,71,2176,2047,24.751838,-,-,-
2026-09-13,2026-09-13,300426 MY Daryl M8 LEADS Andromeda,300426 MY Daryl M8 Leads,060926 MY Daryl M8 Video 023,0.61,,3,21,16,29.047619,-,-,-
2026-09-13,2026-09-13,170826 MY Daryl M8 LEADS Test,120926 MY Daryl M8 LEADS Test Image 017,120926 MY Daryl M8 LEADS Test Image 017,28.18,,60,1078,918,26.141002,-,-,-
2026-09-13,2026-09-13,120926 MY Daryl M8 DT LEADS,120926 MY Daryl M8 DT LEADS,120926 MY Daryl M8 LEADS Test Video 016,2.28,,1,53,50,43.018868,-,-,-
2026-09-13,2026-09-13,120926 MY Daryl M8 DT LEADS,120926 MY Daryl M8 DT LEADS,120926 MY Daryl M8 Video 021,7.48,,6,202,181,37.029703,-,-,-
2026-09-13,2026-09-13,120926 MY Daryl M8 DT LEADS,120926 MY Daryl M8 DT LEADS,120926 MY Daryl M8 Video 023,47.3,2.0,40,1098,990,43.078324,Below average - Bottom 35% of ads,Average,Above average
2026-09-13,2026-09-13,120926 MY Daryl M8 DT LEADS,120926 MY Daryl M8 DT LEADS,130926 MY Daryl M8 LEADS DT2 Image 017,10.36,1.0,23,413,375,25.084746,-,-,-
2026-09-13,2026-09-13,170826 MY Daryl M8 LEADS Test,170826 MY Daryl M8 LEADS Test 017,170826 MY Daryl M8 Video 017,44.07,4.0,77,1946,1842,22.646454,Average,Above average,Above average
2026-09-13,2026-09-13,300426 MY Daryl M8 LEADS Andromeda,300426 MY Daryl M8 Leads,190826 MY Daryl M8 Video 017,197.52,15.0,240,6041,5664,32.696573,Average,Above average,Above average
2026-09-13,2026-09-13,170826 MY Daryl M8 LEADS Test,240826 MY Daryl M8 LEADS Test 019,240826 MY Daryl M8 Video 019,33.74,2.0,35,1694,1673,19.917355,Average,Above average,Above average
2026-09-13,2026-09-13,300426 MY Daryl M8 LEADS Andromeda,300426 MY Daryl M8 Leads,280826 MY Daryl M8 Video 019,0.28,,0,10,10,28,-,-,-
2026-09-13,2026-09-13,300426 MY Daryl M8 LEADS Andromeda,300426 MY Daryl M8 Leads,290726 MY Daryl M8 Video 011,63.55,6.0,106,1844,1648,34.463124,Average,Average,Above average
2026-09-13,2026-09-13,300426 MY Daryl M8 LEADS Andromeda,300426 MY Daryl M8 Leads,300426 MY Daryl M8 Retargeting 003,0.09,,0,4,3,22.5,-,-,-
2026-09-13,2026-09-13,300426 MY Daryl M8 LEADS Andromeda,300426 MY Daryl M8 Leads,300426 MY Daryl M8 Video Hook 007,168.87,9.0,190,6474,5960,26.084337,-,-,-
2026-09-14,2026-09-14,300426 MY Daryl M8 LEADS Andromeda,300426 MY Daryl M8 Leads,120826 MY Daryl M8 Video BRK 001 + M8 014,0.08,,1,2,2,40,-,-,-
2026-09-14,2026-09-14,120926 MY Daryl M8 DT LEADS,120926 MY Daryl M8 DT LEADS,120926 MY Daryl M8 LEADS Test Video 016,0.94,,1,30,26,31.333333,-,-,-
2026-09-14,2026-09-14,120926 MY Daryl M8 DT LEADS,120926 MY Daryl M8 DT LEADS,120926 MY Daryl M8 Video 021,8.89,,4,186,169,47.795699,-,-,-
2026-09-14,2026-09-14,120926 MY Daryl M8 DT LEADS,120926 MY Daryl M8 DT LEADS,120926 MY Daryl M8 Video 023,37.08,,36,901,828,41.154273,Below average - Bottom 35% of ads,Average,Above average
2026-09-14,2026-09-14,120926 MY Daryl M8 DT LEADS,120926 MY Daryl M8 DT LEADS,130926 MY Daryl M8 LEADS DT2 Image 017,39.74,3.0,75,1782,1562,22.300786,Average,Above average,Above average
2026-09-14,2026-09-14,120926 MY Daryl M8 DT LEADS,120926 MY Daryl M8 DT LEADS,150926 MY Daryl M8 DT Video 022,0.93,,1,53,53,17.54717,-,-,-
2026-09-14,2026-09-14,170826 MY Daryl M8 LEADS Test,170826 MY Daryl M8 LEADS Test 017,170826 MY Daryl M8 Video 017,48.27,11.0,101,2043,1969,23.627019,Average,Above average,Above average
2026-09-14,2026-09-14,300426 MY Daryl M8 LEADS Andromeda,300426 MY Daryl M8 Leads,190826 MY Daryl M8 Video 017,199.08,15.0,301,7097,6800,28.051289,Average,Above average,Above average
2026-09-14,2026-09-14,170826 MY Daryl M8 LEADS Test,240826 MY Daryl M8 LEADS Test 019,240826 MY Daryl M8 Video 019,35.51,3.0,51,1754,1610,20.245154,Average,Above average,Above average
2026-09-14,2026-09-14,300426 MY Daryl M8 LEADS Andromeda,300426 MY Daryl M8 Leads,280826 MY Daryl M8 Video 019,0.25,,0,9,9,27.777778,-,-,-
2026-09-14,2026-09-14,300426 MY Daryl M8 LEADS Andromeda,300426 MY Daryl M8 Leads,290726 MY Daryl M8 Video 011,50.36,4.0,81,1768,1610,28.484163,Below average - Bottom 35% of ads,Above average,Above average
2026-09-14,2026-09-14,300426 MY Daryl M8 LEADS Andromeda,300426 MY Daryl M8 Leads,300426 MY Daryl M8 Retargeting 003,0.34,,2,13,13,26.153846,-,-,-
2026-09-14,2026-09-14,300426 MY Daryl M8 LEADS Andromeda,300426 MY Daryl M8 Leads,300426 MY Daryl M8 Video Hook 007,160.53,15.0,245,6498,6033,24.704524,-,-,-
2026-09-15,2026-09-15,300426 MY Daryl M8 LEADS Andromeda,300426 MY Daryl M8 Leads,060926 MY Daryl M8 Video 023,0.75,,0,29,28,25.862069,-,-,-
2026-09-15,2026-09-15,300426 MY Daryl M8 LEADS Andromeda,300426 MY Daryl M8 Leads,120826 MY Daryl M8 Video BRK 001 + M8 014,0.14,,0,5,5,28,-,-,-
2026-09-15,2026-09-15,120926 MY Daryl M8 DT LEADS,120926 MY Daryl M8 DT LEADS,120926 MY Daryl M8 LEADS Test Video 016,0.18,,0,7,7,25.714286,-,-,-
2026-09-15,2026-09-15,120926 MY Daryl M8 DT LEADS,120926 MY Daryl M8 DT LEADS,130926 MY Daryl M8 LEADS DT2 Image 017,15.2,1.0,36,588,550,25.85034,Average,Above average,Above average
2026-09-15,2026-09-15,120926 MY Daryl M8 DT LEADS,120926 MY Daryl M8 DT LEADS,150926 MY Daryl M8 DT Video 022,51.44,4.0,49,1762,1575,29.194098,Average,Above average,Above average
2026-09-15,2026-09-15,170826 MY Daryl M8 LEADS Test,170826 MY Daryl M8 LEADS Test 017,170826 MY Daryl M8 Video 017,39.95,3.0,87,1757,1716,22.737621,Average,Above average,Above average
2026-09-15,2026-09-15,300426 MY Daryl M8 LEADS Andromeda,300426 MY Daryl M8 Leads,190826 MY Daryl M8 Video 017,215.62,18.0,337,8182,7494,26.35297,Average,Above average,Above average
2026-09-15,2026-09-15,170826 MY Daryl M8 LEADS Test,240826 MY Daryl M8 LEADS Test 019,240826 MY Daryl M8 Video 019,30.38,5.0,43,1546,1454,19.650712,Average,Above average,Above average
2026-09-15,2026-09-15,300426 MY Daryl M8 LEADS Andromeda,300426 MY Daryl M8 Leads,290726 MY Daryl M8 Video 011,25.96,1.0,35,818,760,31.735941,Below average - Bottom 35% of ads,Above average,Above average
2026-09-15,2026-09-15,300426 MY Daryl M8 LEADS Andromeda,300426 MY Daryl M8 Leads,300426 MY Daryl M8 Video Hook 007,129.45,13.0,159,5234,4908,24.732518,-,-,-
2026-09-16,2026-09-16,300426 MY Daryl M8 LEADS Andromeda,300426 MY Daryl M8 Leads,060926 MY Daryl M8 Video 023,0.79,,1,32,29,24.6875,-,-,-
2026-09-16,2026-09-16,120926 MY Daryl M8 DT LEADS,120926 MY Daryl M8 DT LEADS,130926 MY Daryl M8 LEADS DT2 Image 017,5.42,,2,164,159,33.04878,-,-,-
2026-09-16,2026-09-16,120926 MY Daryl M8 DT LEADS,120926 MY Daryl M8 DT LEADS,150926 MY Daryl M8 DT Video 022,53.31,2.0,64,1905,1775,27.984252,Average,Above average,Above average
2026-09-16,2026-09-16,170826 MY Daryl M8 LEADS Test,170826 MY Daryl M8 LEADS Test 017,170826 MY Daryl M8 Video 017,39.68,3.0,77,1654,1619,23.990326,Average,Above average,Above average
2026-09-16,2026-09-16,300426 MY Daryl M8 LEADS Andromeda,300426 MY Daryl M8 Leads,190826 MY Daryl M8 Video 017,295.32,24.0,404,9971,9064,29.617892,Average,Above average,Above average
2026-09-16,2026-09-16,170826 MY Daryl M8 LEADS Test,240826 MY Daryl M8 LEADS Test 019,240826 MY Daryl M8 Video 019,31.99,4.0,44,1389,1271,23.030958,Average,Above average,Above average
2026-09-16,2026-09-16,300426 MY Daryl M8 LEADS Andromeda,300426 MY Daryl M8 Leads,280826 MY Daryl M8 Video 019,0.51,,0,20,19,25.5,-,-,-
2026-09-16,2026-09-16,300426 MY Daryl M8 LEADS Andromeda,300426 MY Daryl M8 Leads,290726 MY Daryl M8 Video 011,2.44,,6,82,81,29.756098,-,-,-
2026-09-16,2026-09-16,300426 MY Daryl M8 LEADS Andromeda,300426 MY Daryl M8 Leads,300426 MY Daryl M8 Retargeting 003,0.25,,0,10,8,25,-,-,-
2026-09-16,2026-09-16,300426 MY Daryl M8 LEADS Andromeda,300426 MY Daryl M8 Leads,300426 MY Daryl M8 Video Hook 007,21.28,1.0,17,935,921,22.759358,-,-,-
2026-09-17,2026-09-17,300426 MY Daryl M8 LEADS Andromeda,300426 MY Daryl M8 Leads,060926 MY Daryl M8 Video 023,0.55,,0,21,19,26.190476,-,-,-
2026-09-17,2026-09-17,300426 MY Daryl M8 LEADS Andromeda,300426 MY Daryl M8 Leads,120826 MY Daryl M8 Video BRK 001 + M8 014,0.45,,1,20,18,22.5,-,-,-
2026-09-17,2026-09-17,120926 MY Daryl M8 DT LEADS,120926 MY Daryl M8 DT LEADS,120926 MY Daryl M8 LEADS Test Video 016,2.41,,1,48,40,50.208333,-,-,-
2026-09-17,2026-09-17,120926 MY Daryl M8 DT LEADS,120926 MY Daryl M8 DT LEADS,130926 MY Daryl M8 LEADS DT2 Image 017,0.19,,1,5,5,38,-,-,-
2026-09-17,2026-09-17,120926 MY Daryl M8 DT LEADS,120926 MY Daryl M8 DT LEADS,150926 MY Daryl M8 DT Video 022,41.57,3.0,58,1390,1297,29.906475,Average,Above average,Above average
2026-09-17,2026-09-17,170826 MY Daryl M8 LEADS Test,170826 MY Daryl M8 LEADS Test 017,170826 MY Daryl M8 Video 017,31.79,4.0,50,1271,1271,25.011802,Average,Above average,Above average
2026-09-17,2026-09-17,300426 MY Daryl M8 LEADS Andromeda,300426 MY Daryl M8 Leads,190826 MY Daryl M8 Video 017,273.42,27.0,414,9674,9138,28.263386,Average,Above average,Above average
2026-09-17,2026-09-17,170826 MY Daryl M8 LEADS Test,240826 MY Daryl M8 LEADS Test 019,240826 MY Daryl M8 Video 019,26.17,2.0,42,1340,1245,19.529851,Average,Above average,Above average
2026-09-17,2026-09-17,300426 MY Daryl M8 LEADS Andromeda,300426 MY Daryl M8 Leads,280826 MY Daryl M8 Video 019,0.29,,2,19,19,15.263158,-,-,-
2026-09-17,2026-09-17,300426 MY Daryl M8 LEADS Andromeda,300426 MY Daryl M8 Leads,290726 MY Daryl M8 Video 011,14.18,1.0,15,442,414,32.081448,-,-,-
2026-09-17,2026-09-17,300426 MY Daryl M8 LEADS Andromeda,300426 MY Daryl M8 Leads,300426 MY Daryl M8 Video Hook 007,34.64,4.0,48,1216,1134,28.486842,-,-,-
2026-09-18,2026-09-18,300426 MY Daryl M8 LEADS Andromeda,300426 MY Daryl M8 Leads,060926 MY Daryl M8 Video 023,1.47,,3,47,44,31.276596,-,-,-
2026-09-18,2026-09-18,120926 MY Daryl M8 DT LEADS,120926 MY Daryl M8 DT LEADS,120926 MY Daryl M8 LEADS Test Video 016,0.63,,1,25,24,25.2,-,-,-
2026-09-18,2026-09-18,120926 MY Daryl M8 DT LEADS,120926 MY Daryl M8 DT LEADS,130926 MY Daryl M8 LEADS DT2 Image 017,8.11,,1,79,68,102.658228,-,-,-
2026-09-18,2026-09-18,120926 MY Daryl M8 DT LEADS,120926 MY Daryl M8 DT LEADS,150926 MY Daryl M8 DT Video 022,45.89,2.0,60,1391,1333,32.990654,Average,Above average,Above average
2026-09-18,2026-09-18,170826 MY Daryl M8 LEADS Test,170826 MY Daryl M8 LEADS Test 017,170826 MY Daryl M8 Video 017,30.71,1.0,43,1052,1052,29.192015,Below average - Bottom 35% of ads,Above average,Above average
2026-09-18,2026-09-18,300426 MY Daryl M8 LEADS Andromeda,300426 MY Daryl M8 Leads,190826 MY Daryl M8 Video 017,311.58,26.0,444,10240,9471,30.427734,Below average - Bottom 35% of ads,Above average,Above average
2026-09-18,2026-09-18,170826 MY Daryl M8 LEADS Test,240826 MY Daryl M8 LEADS Test 019,240826 MY Daryl M8 Video 019,28.98,1.0,32,1172,1117,24.726962,Average,Above average,Above average
2026-09-18,2026-09-18,300426 MY Daryl M8 LEADS Andromeda,300426 MY Daryl M8 Leads,280826 MY Daryl M8 Video 019,0.49,,0,9,9,54.444444,-,-,-
2026-09-18,2026-09-18,300426 MY Daryl M8 LEADS Andromeda,300426 MY Daryl M8 Leads,290726 MY Daryl M8 Video 011,0.04,,0,5,5,8,-,-,-
2026-09-18,2026-09-18,300426 MY Daryl M8 LEADS Andromeda,300426 MY Daryl M8 Leads,300426 MY Daryl M8 Video Hook 007,5.88,,9,209,199,28.133971,-,-,-
2026-09-19,2026-09-19,300426 MY Daryl M8 LEADS Andromeda,300426 MY Daryl M8 Leads,120826 MY Daryl M8 Video BRK 001 + M8 014,0.04,,0,2,2,20,-,-,-
2026-09-19,2026-09-19,120926 MY Daryl M8 DT LEADS,120926 MY Daryl M8 DT LEADS,120926 MY Daryl M8 LEADS Test Video 016,0.61,,1,13,13,46.923077,-,-,-
2026-09-19,2026-09-19,120926 MY Daryl M8 DT LEADS,120926 MY Daryl M8 DT LEADS,150926 MY Daryl M8 DT Video 022,50.34,,49,1382,1292,36.42547,Average,Average,Above average
2026-09-19,2026-09-19,170826 MY Daryl M8 LEADS Test,170826 MY Daryl M8 LEADS Test 017,170826 MY Daryl M8 Video 017,31.35,3.0,34,1009,979,31.070367,Below average - Bottom 35% of ads,Above average,Above average
2026-09-19,2026-09-19,300426 MY Daryl M8 LEADS Andromeda,300426 MY Daryl M8 Leads,190826 MY Daryl M8 Video 017,290.71,15.0,409,9751,8985,29.813352,Below average - Bottom 35% of ads,Above average,Above average
2026-09-19,2026-09-19,170826 MY Daryl M8 LEADS Test,240826 MY Daryl M8 LEADS Test 019,240826 MY Daryl M8 Video 019,23.02,1.0,32,1068,1006,21.554307,Average,Above average,Above average
2026-09-19,2026-09-19,300426 MY Daryl M8 LEADS Andromeda,300426 MY Daryl M8 Leads,280826 MY Daryl M8 Video 019,0.48,,0,26,26,18.461538,-,-,-
2026-09-19,2026-09-19,300426 MY Daryl M8 LEADS Andromeda,300426 MY Daryl M8 Leads,290726 MY Daryl M8 Video 011,9.05,,17,342,331,26.461988,-,-,-
2026-09-19,2026-09-19,300426 MY Daryl M8 LEADS Andromeda,300426 MY Daryl M8 Leads,300426 MY Daryl M8 Retargeting 003,0.9,,2,36,34,25,-,-,-
2026-09-19,2026-09-19,300426 MY Daryl M8 LEADS Andromeda,300426 MY Daryl M8 Leads,300426 MY Daryl M8 Video Hook 007,41.71,8.0,58,1172,1121,35.588737,-,-,-
2026-09-20,2026-09-20,300426 MY Daryl M8 LEADS Andromeda,300426 MY Daryl M8 Leads,060926 MY Daryl M8 Video 023,5.74,1.0,5,104,97,55.192308,-,-,-
2026-09-20,2026-09-20,120926 MY Daryl M8 DT LEADS,120926 MY Daryl M8 DT LEADS,120926 MY Daryl M8 LEADS Test Video 016,3.38,1.0,5,91,86,37.142857,-,-,-
2026-09-20,2026-09-20,120926 MY Daryl M8 DT LEADS,120926 MY Daryl M8 DT LEADS,130926 MY Daryl M8 LEADS DT2 Image 017,4.58,,11,125,122,36.64,-,-,-
2026-09-20,2026-09-20,120926 MY Daryl M8 DT LEADS,120926 MY Daryl M8 DT LEADS,150926 MY Daryl M8 DT Video 022,42.23,,39,835,779,50.57485,Below average - Bottom 35% of ads,Average,Above average
2026-09-20,2026-09-20,170826 MY Daryl M8 LEADS Test,170826 MY Daryl M8 LEADS Test 017,170826 MY Daryl M8 Video 017,42.91,3.0,41,1190,1161,36.058824,Average,Above average,Above average
2026-09-20,2026-09-20,300426 MY Daryl M8 LEADS Andromeda,300426 MY Daryl M8 Leads,190826 MY Daryl M8 Video 017,300.68,17.0,418,9914,9123,30.328828,Average,Above average,Above average
2026-09-20,2026-09-20,170826 MY Daryl M8 LEADS Test,240826 MY Daryl M8 LEADS Test 019,240826 MY Daryl M8 Video 019,31.98,,45,1470,1311,21.755102,Average,Above average,Above average
2026-09-20,2026-09-20,300426 MY Daryl M8 LEADS Andromeda,300426 MY Daryl M8 Leads,290726 MY Daryl M8 Video 011,14.95,2.0,32,532,486,28.101504,-,-,-
2026-09-20,2026-09-20,300426 MY Daryl M8 LEADS Andromeda,300426 MY Daryl M8 Leads,300426 MY Daryl M8 Video Hook 007,89.12,4.0,113,3157,2935,28.229332,-,-,-
2026-09-21,2026-09-21,300426 MY Daryl M8 LEADS Andromeda,300426 MY Daryl M8 Leads,060926 MY Daryl M8 Video 023,0.5,,0,16,14,31.25,-,-,-
2026-09-21,2026-09-21,120926 MY Daryl M8 DT LEADS,120926 MY Daryl M8 DT LEADS,130926 MY Daryl M8 LEADS DT2 Image 017,1.76,,2,22,22,80,-,-,-
2026-09-21,2026-09-21,120926 MY Daryl M8 DT LEADS,120926 MY Daryl M8 DT LEADS,150926 MY Daryl M8 DT Video 022,52.82,2.0,60,1165,1054,45.339056,Average,Above average,Above average
2026-09-21,2026-09-21,170826 MY Daryl M8 LEADS Test,170826 MY Daryl M8 LEADS Test 017,170826 MY Daryl M8 Video 017,37.32,1.0,46,1215,1184,30.716049,Average,Above average,Above average
2026-09-21,2026-09-21,300426 MY Daryl M8 LEADS Andromeda,300426 MY Daryl M8 Leads,190826 MY Daryl M8 Video 017,163.76,16.0,244,5684,5309,28.810697,Average,Above average,Above average
2026-09-21,2026-09-21,170826 MY Daryl M8 LEADS Test,240826 MY Daryl M8 LEADS Test 019,240826 MY Daryl M8 Video 019,32.82,5.0,56,1589,1516,20.6545,Average,Above average,Above average
2026-09-21,2026-09-21,300426 MY Daryl M8 LEADS Andromeda,300426 MY Daryl M8 Leads,290726 MY Daryl M8 Video 011,43.06,2.0,73,1408,1277,30.582386,Below average - Bottom 35% of ads,Above average,Above average
2026-09-21,2026-09-21,300426 MY Daryl M8 LEADS Andromeda,300426 MY Daryl M8 Leads,300426 MY Daryl M8 Video Hook 007,157.45,14.0,206,5965,5467,26.395641,-,-,-
2026-09-22,2026-09-22,300426 MY Daryl M8 LEADS Andromeda,300426 MY Daryl M8 Leads,060926 MY Daryl M8 Video 023,0.05,,0,2,2,25,-,-,-
2026-09-22,2026-09-22,300426 MY Daryl M8 LEADS Andromeda,300426 MY Daryl M8 Leads,120826 MY Daryl M8 Video BRK 001 + M8 014,0.1,,0,7,7,14.285714,-,-,-
2026-09-22,2026-09-22,120926 MY Daryl M8 DT LEADS,120926 MY Daryl M8 DT LEADS,120926 MY Daryl M8 LEADS Test Video 016,26.95,1.0,15,594,537,45.37037,-,-,-
2026-09-22,2026-09-22,120926 MY Daryl M8 DT LEADS,120926 MY Daryl M8 DT LEADS,150926 MY Daryl M8 DT Video 022,39.83,2.0,49,1025,958,38.858537,Below average - Bottom 35% of ads,Above average,Above average
2026-09-22,2026-09-22,170826 MY Daryl M8 LEADS Test,170826 MY Daryl M8 LEADS Test 017,170826 MY Daryl M8 Video 017,40.42,5.0,54,1331,1290,30.368144,Average,Above average,Above average
2026-09-22,2026-09-22,300426 MY Daryl M8 LEADS Andromeda,300426 MY Daryl M8 Leads,190826 MY Daryl M8 Video 017,187.9,13.0,245,5948,5375,31.590451,Average,Above average,Above average
2026-09-22,2026-09-22,170826 MY Daryl M8 LEADS Test,240826 MY Daryl M8 LEADS Test 019,240826 MY Daryl M8 Video 019,31.43,,29,1466,1366,21.439291,Average,Above average,Above average
2026-09-22,2026-09-22,300426 MY Daryl M8 LEADS Andromeda,300426 MY Daryl M8 Leads,280826 MY Daryl M8 Video 019,0.41,,0,15,15,27.333333,-,-,-
2026-09-22,2026-09-22,300426 MY Daryl M8 LEADS Andromeda,300426 MY Daryl M8 Leads,290726 MY Daryl M8 Video 011,22.39,1.0,26,838,776,26.718377,Below average - Bottom 35% of ads,Above average,Above average
2026-09-22,2026-09-22,300426 MY Daryl M8 LEADS Andromeda,300426 MY Daryl M8 Leads,300426 MY Daryl M8 Video Hook 007,136.46,4.0,163,4718,4315,28.923273,-,-,-
2026-09-23,2026-09-23,300426 MY Daryl M8 LEADS Andromeda,300426 MY Daryl M8 Leads,060926 MY Daryl M8 Video 023,3.94,,7,164,144,24.02439,-,-,-
2026-09-23,2026-09-23,120926 MY Daryl M8 DT LEADS,120926 MY Daryl M8 DT LEADS,120926 MY Daryl M8 LEADS Test Video 016,20.81,2.0,14,478,433,43.535565,-,-,-
2026-09-23,2026-09-23,120926 MY Daryl M8 DT LEADS,120926 MY Daryl M8 DT LEADS,130926 MY Daryl M8 LEADS DT2 Image 017,11.95,,18,399,357,29.949875,-,-,-
2026-09-23,2026-09-23,120926 MY Daryl M8 DT LEADS,120926 MY Daryl M8 DT LEADS,150926 MY Daryl M8 DT Video 022,18.22,,31,555,509,32.828829,-,-,-
2026-09-23,2026-09-23,170826 MY Daryl M8 LEADS Test,170826 MY Daryl M8 LEADS Test 017,170826 MY Daryl M8 Video 017,28.29,,36,853,806,33.165299,Average,Above average,Above average
2026-09-23,2026-09-23,300426 MY Daryl M8 LEADS Andromeda,300426 MY Daryl M8 Leads,190826 MY Daryl M8 Video 017,181.06,9.0,233,5922,5299,30.57413,Below average - Bottom 35% of ads,Above average,Above average
2026-09-23,2026-09-23,170826 MY Daryl M8 LEADS Test,240826 MY Daryl M8 LEADS Test 019,240826 MY Daryl M8 Video 019,21.86,3.0,40,1012,936,21.600791,Average,Above average,Above average
2026-09-23,2026-09-23,300426 MY Daryl M8 LEADS Andromeda,300426 MY Daryl M8 Leads,280826 MY Daryl M8 Video 019,0.09,,0,5,5,18,-,-,-
2026-09-23,2026-09-23,300426 MY Daryl M8 LEADS Andromeda,300426 MY Daryl M8 Leads,290726 MY Daryl M8 Video 011,22.8,1.0,33,915,852,24.918033,-,-,-
2026-09-23,2026-09-23,300426 MY Daryl M8 LEADS Andromeda,300426 MY Daryl M8 Leads,300426 MY Daryl M8 Retargeting 003,0.91,,1,19,19,47.894737,-,-,-
2026-09-23,2026-09-23,300426 MY Daryl M8 LEADS Andromeda,300426 MY Daryl M8 Leads,300426 MY Daryl M8 Video Hook 007,131.34,4.0,167,5117,4514,25.667383,-,-,-
2026-09-24,2026-09-24,120926 MY Daryl M8 DT LEADS,120926 MY Daryl M8 DT LEADS,120926 MY Daryl M8 LEADS Test Video 016,0,,0,0,0,,-,-,-
2026-09-24,2026-09-24,120926 MY Daryl M8 DT LEADS,120926 MY Daryl M8 DT LEADS,130926 MY Daryl M8 LEADS DT2 Image 017,0,,0,0,0,,-,-,-
2026-09-24,2026-09-24,170826 MY Daryl M8 LEADS Test,170826 MY Daryl M8 LEADS Test 017,170826 MY Daryl M8 Video 017,0,,0,0,0,,-,-,-
2026-09-24,2026-09-24,300426 MY Daryl M8 LEADS Andromeda,300426 MY Daryl M8 Leads,190826 MY Daryl M8 Video 017,0,,0,0,0,,-,-,-
2026-09-24,2026-09-24,300426 MY Daryl M8 LEADS Andromeda,300426 MY Daryl M8 Leads,300426 MY Daryl M8 Video Hook 007,0,1.0,0,0,0,,-,-,-
2026-09-25,2026-09-25,120926 MY Daryl M8 DT LEADS,120926 MY Daryl M8 DT LEADS,120926 MY Daryl M8 LEADS Test Video 016,0,,0,0,0,,-,-,-
2026-09-25,2026-09-25,300426 MY Daryl M8 LEADS Andromeda,300426 MY Daryl M8 Leads,190826 MY Daryl M8 Video 017,0,,0,0,0,,-,-,-
2026-09-25,2026-09-25,300426 MY Daryl M8 LEADS Andromeda,300426 MY Daryl M8 Leads,300426 MY Daryl M8 Video Hook 007,0,,0,0,0,,-,-,-
